tick,dt,grounded,throttle,brake,steer,airbrake_l,airbrake_r,speed_cached,stun_timer,timer_2e0,right_x,right_y,right_z,up_x,up_y,up_z,fwd_x,fwd_y,fwd_z,pos_x,pos_y,pos_z,vel_x,vel_y,vel_z,speed,avel_x,avel_y,avel_z,omega_x,omega_y,omega_z,cam_right_x,cam_right_y,cam_right_z,cam_up_x,cam_up_y,cam_up_z,cam_fwd_x,cam_fwd_y,cam_fwd_z,cam_pos_x,cam_pos_y,cam_pos_z,boost_timer,plume_timer,intensity,half_size,engine_on,flare_speed_kmh,speed_ramp,boost_accum
0,0.016678,1,0,0,0,0,0,71.95824,0,0,-0.01618756,-0.006308315,-0.9998491,0.01855139,0.9998062,-0.006608391,0.999697,-0.01865556,-0.01606739,122.0886,-49.17106,-178.4603,71.62167,5.486781,-1.357122,71.84435,1.02594,0.4255722,4.160507,0.06580374,0.02120237,0.2668126,0.01663534,0.1088936,-0.9939142,0.006299957,0.9940206,0.1090107,0.9998417,-0.008075046,0.01584985,110.8966,-46.23788,-178.2842,0,64.96524,0,0.9222925,0,258.6396,0.3172793,0.1903676
1,0.016836,1,0,0,0,0,0,71.51942,0,0,-0.01591828,-0.01061639,-0.999817,0.01736407,0.9997901,-0.01089256,0.9997228,-0.01753428,-0.0157306,123.2919,-49.07965,-178.4834,71.17143,5.314168,-1.397738,71.38324,1.055979,0.3867451,3.634479,0.0677499,0.01924187,0.233077,0.01638664,0.1080546,-0.9940099,0.01060817,0.9940686,0.1082359,0.9998094,-0.01231825,0.01514318,112.0964,-46.14867,-178.3222,0,64.98208,0,1.144979,0,256.9796,0.3139593,0.1883756
2,0.01653,1,100,0,0,0,0,71.08051,0,0,-0.01567152,-0.01428713,-0.9997752,0.01617842,0.9997635,-0.01454056,0.9997464,-0.01640266,-0.01543667,124.4735,-48.99315,-178.5069,72.11382,5.071763,-1.456217,72.30662,1.079243,0.3496057,3.107046,0.06925429,0.01737016,0.1992524,0.01616509,0.1072182,-0.994104,0.01427903,0.9941077,0.1074508,0.9997673,-0.01593179,0.01453887,113.2746,-46.06447,-178.3583,0,64.99861,0.0041325,0.9212362,3.601337e-43,260.3038,0.3206076,0.2217089
3,0.01668,1,100,0,0,0,0,72.03482,0,0,-0.01544026,-0.01742207,-0.999729,0.01496807,0.9997321,-0.0176533,0.9997687,-0.01523658,-0.01517535,125.6816,-48.91013,-178.5314,73.05128,4.787601,-1.510647,73.22359,1.098454,0.3133152,2.568074,0.07049284,0.01554555,0.1646894,0.01596442,0.1063946,-0.9941958,0.01741409,0.9941422,0.1066685,0.9997209,-0.01901591,0.01401814,114.4793,-45.98307,-178.3937,0,65.01529,0.0083025,0.9989604,3.601337e-43,263.6049,0.3272098,0.2550423
4,0.016682,1,100,0,0,0,0,72.98437,0,0,-0.01522579,-0.01995099,-0.999685,0.01361682,0.9997041,-0.02015876,0.9997915,-0.01391946,-0.01494961,126.9056,-48.83136,-178.557,74.01153,4.591941,-1.578129,74.17063,1.482588,0.2791286,1.94736,0.09511671,0.01393463,0.124886,0.01578615,0.1054923,-0.9942948,0.01994318,0.9941877,0.1057975,0.9996765,-0.02149954,0.01359055,115.6997,-45.90577,-178.4279,0,65.03197,0.012473,1.129369,3.601337e-43,267.0143,0.3340285,0.2883756
5,0.016689,1,100,0,0,0,0,73.95576,0,0,-0.01502534,-0.02181741,-0.9996491,0.01188825,0.9996874,-0.02199694,0.9998165,-0.01221459,-0.01476128,128.146,-48.75594,-178.5837,74.95831,4.374925,-1.637396,75.10373,1.80051,0.2463242,1.330355,0.1154914,0.01239516,0.08532069,0.01562997,0.1043214,-0.9944208,0.02181002,0.99427,0.1046484,0.9996399,-0.02332399,0.01326516,116.9357,-45.83297,-178.4609,0,65.04866,0.01664525,0.8877156,3.601337e-43,270.3734,0.3407468,0.3217089
6,0.016679,1,100,0,0,0,0,74.91529,0,0,-0.01483968,-0.02302537,-0.9996248,0.009851894,0.999683,-0.02317297,0.9998415,-0.01019208,-0.01460813,129.4014,-48.68427,-178.6113,75.89031,4.141416,-1.688357,76.02198,2.059976,0.2151807,0.7219814,0.1321155,0.0109398,0.04630996,0.01549247,0.1029204,-0.9945689,0.02301872,0.994388,0.1032602,0.9996151,-0.02449346,0.01303643,118.1858,-45.76515,-178.4925,0,65.06534,0.020815,1.152322,3.601337e-43,273.6791,0.3473582,0.3550422
7,0.016683,1,100,0,0,0,0,75.86073,0,0,-0.01466967,-0.02358672,-0.9996142,0.007566,0.9996906,-0.02369956,0.9998639,-0.007910746,-0.01448668,130.6726,-48.61655,-178.6397,76.80808,3.895771,-1.731196,76.9263,2.26739,0.1858871,0.1258007,0.1454007,0.009577644,0.008082644,0.01537111,0.1013252,-0.9947346,0.02358117,0.9945388,0.1016696,0.9996038,-0.02501978,0.0128978,119.4508,-45.7025,-178.5228,0,65.08202,0.02498575,1.225954,3.601337e-43,276.9347,0.3538693,0.3883756
8,0.016683,1,100,0,0,0,0,76.79189,0,0,-0.01451671,-0.02351575,-0.9996181,0.005084697,0.9997088,-0.02359173,0.9998818,-0.00542523,-0.01439291,131.959,-48.55297,-178.6688,77.7112,3.642488,-1.766176,77.81657,2.427273,0.1586396,-0.4541422,0.155638,0.008318288,-0.02910166,0.01526692,0.09957006,-0.9949134,0.02351167,0.9947185,0.09991134,0.999607,-0.02491742,0.01284523,120.7304,-45.64518,-178.5516,0,65.09871,0.0291565,0.828061,3.601337e-43,280.1396,0.3602792,0.4217089
9,0.016975,1,100,0,0,0,0,77.70768,0,0,-0.01438089,-0.02281436,-0.9996364,0.002552799,0.9997358,-0.02285335,0.9998936,-0.002880522,-0.01431885,133.2831,-48.49316,-178.6989,78.58009,3.286014,-1.792183,78.66918,2.152659,0.1333141,-1.027724,0.1380264,0.006994772,-0.06587529,0.01517551,0.09776673,-0.9950936,0.02281206,0.9949152,0.09809711,0.9996246,-0.02418881,0.01286809,122.0473,-45.59216,-178.5797,0,65.11568,0.03340025,1.161018,3.601337e-43,283.209,0.3664181,0.4550422
10,0.016391,1,100,0,0,0,0,78.58792,0,0,-0.01427127,-0.02154928,-0.999666,0.0003933894,0.9997676,-0.02155708,0.9998982,-0.0007009049,-0.01425947,134.5756,-48.44129,-178.7284,79.40507,2.922878,-1.809863,79.47945,1.911076,0.1111276,-1.558103,0.1225321,0.005859409,-0.09987751,0.01510608,0.09622634,-0.9952449,0.02154868,0.995096,0.09653901,0.9996537,-0.02290454,0.01295844,123.3333,-45.54612,-178.6053,0,65.13207,0.037498,0.9453771,3.601337e-43,286.126,0.3722521,0.4883756
11,0.016688,1,100,0,0,0,0,79.42074,0,0,-0.01418101,-0.01969963,-0.9997054,-0.001543593,0.9998052,-0.0196797,0.9998983,0.00126406,-0.01420866,135.9053,-48.39465,-178.7587,80.2317,2.539134,-1.821328,80.29253,1.683059,0.09093609,-2.071892,0.1079077,0.004847526,-0.1328149,0.01504881,0.09487037,-0.9953758,0.01970072,0.9952672,0.09515786,0.9996926,-0.02104163,0.01310857,124.657,-45.50403,-178.63,0,65.14876,0.04167,0.9691545,3.601337e-43,289.0531,0.3781062,0.5217089
12,0.016938,1,100,0,0,0,0,80.25262,0,0,-0.01411017,-0.01724184,-0.9997519,-0.003413947,0.9998465,-0.01719529,0.9998949,0.003170471,-0.01416687,137.2691,-48.35333,-178.7897,81.0937,2.24024,-1.846395,81.14565,1.897444,0.0724709,-2.647697,0.1216407,0.004087432,-0.169726,0.01500586,0.09359089,-0.9954976,0.01724468,0.9954374,0.09384517,0.9997387,-0.01857526,0.01332345,126.0153,-45.46634,-178.6537,0,65.1657,0.0459045,1.165314,3.601337e-43,292.1243,0.3842486,0.5550423
13,0.016427,1,100,0,0,0,0,81.11844,0,0,-0.01406066,-0.01427017,-0.9997994,-0.005425435,0.9998846,-0.01419508,0.9998865,0.005224755,-0.01413646,138.6058,-48.31798,-178.8201,81.91605,1.975467,-1.863029,81.96104,2.055213,0.0572626,-3.171058,0.1317473,0.003468427,-0.203274,0.01498311,0.09221856,-0.995626,0.01427498,0.9956166,0.09243251,0.9997858,-0.01559747,0.01360102,127.3461,-45.43491,-178.6752,0,65.18212,0.05001125,1.04861,3.601337e-43,295.0597,0.3901194,0.5883756
14,0.016684,1,100,0,0,0,0,81.94341,0,0,-0.0140303,-0.01070254,-0.9998444,-0.007613033,0.9999151,-0.01059647,0.9998729,0.007463177,-0.01411059,139.977,-48.28636,-178.8512,82.73751,1.735565,-1.873293,82.77691,2.167089,0.04458378,-3.665321,0.1389148,0.002964198,-0.2349558,0.01497305,0.09071437,-0.9957644,0.01070957,0.9958044,0.09087904,0.9998306,-0.01202495,0.01393872,128.7112,-45.40802,-178.6957,0,65.19881,0.05418225,0.9632477,3.601337e-43,297.9969,0.3959937,0.621709
15,0.016683,1,100,0,0,0,0,82.76639,0,0,-0.01402037,-0.006620859,-0.9998798,-0.009895911,0.9999301,-0.006482431,0.9998528,0.009803835,-0.01408491,141.3618,-48.25856,-178.8825,83.54472,1.528718,-1.877607,83.5798,2.231318,0.03477737,-4.119286,0.1430308,0.002592239,-0.2640532,0.01497743,0.08911972,-0.9959083,0.00663024,0.9959893,0.08922668,0.9998658,-0.007939497,0.01432648,130.0893,-45.386,-178.7148,0,65.21549,0.058353,1.192744,3.601337e-43,300.8873,0.4017746,0.6550424
16,0.016688,1,100,0,0,0,0,83.57386,0,0,-0.01403075,-0.00206745,-0.9998994,-0.01223123,0.9999234,-0.001895869,0.9998268,0.0122034,-0.01405496,142.7604,-48.23399,-178.9138,84.33894,1.359601,-1.876634,84.37077,2.266707,0.02782962,-4.530904,0.1453006,0.002356399,-0.2904357,0.01499305,0.08745577,-0.9960555,0.002079194,0.9961626,0.08749647,0.9998854,-0.003382832,0.01475368,131.481,-45.36843,-178.7326,0,65.23218,0.062525,1.031211,3.601337e-43,303.7348,0.4074695,0.6883757
17,0.016684,1,100,0,0,0,0,84.36729,0,0,-0.01406083,0.002909199,-0.9998969,-0.01458168,0.9998888,0.003114227,0.9997948,0.01462397,-0.01401685,144.1719,-48.21203,-178.9451,85.11837,1.229912,-1.870881,85.14781,2.257062,0.02381341,-4.898342,0.1446856,0.002261034,-0.3139855,0.01502138,0.08574198,-0.9962042,-0.002895147,0.9963161,0.08570796,0.999883,0.001596706,0.01521428,132.8854,-45.35481,-178.7493,0,65.24886,0.066696,1.128646,3.601337e-43,306.5321,0.4130642,0.7217091
18,0.016679,1,100,0,0,0,0,85.14511,0,0,-0.0141094,0.008260688,-0.9998664,-0.01690097,0.9998212,0.008498808,0.9997578,0.01701863,-0.01396726,145.5958,-48.19202,-178.9763,85.88287,1.14055,-1.860705,85.91059,2.206336,0.02270598,-5.22026,0.1414389,0.002308524,-0.3346176,0.01506019,0.08400761,-0.9963514,-0.008244498,0.9964409,0.08389055,0.9998526,0.006951009,0.01569919,134.3022,-45.34448,-178.7648,0,65.26554,0.07086574,1.164225,3.601337e-43,309.2781,0.4185562,0.7550424
19,0.01668,1,100,0,0,0,0,85.90746,0,0,-0.01417459,0.01393969,-0.9998024,-0.01914829,0.9997157,0.01420995,0.9997162,0.01934592,-0.01390364,147.0325,-48.17327,-179.0072,86.63264,1.091336,-1.846329,86.65919,2.119295,0.02445737,-5.495799,0.1358653,0.002499289,-0.3522769,0.01510833,0.08227991,-0.9964948,-0.01392161,0.9965292,0.08207168,0.9997889,0.01263285,0.01620136,135.7319,-45.33672,-178.7794,0,65.28222,0.07503574,1.3345,3.601337e-43,311.9731,0.4239461,0.7883758
20,0.016684,1,100,0,0,0,0,86.65485,0,0,-0.01425392,0.01989727,-0.9997005,-0.02128774,0.9995695,0.02019819,0.999672,0.02156927,-0.01382421,148.482,-48.15512,-179.0379,87.3679,1.081139,-1.827869,87.39371,2.001408,0.0289948,-5.724347,0.1283148,0.002831599,-0.3669244,0.01516381,0.0805851,-0.9966324,-0.01987763,0.9965744,0.08027796,0.9996875,0.01859337,0.0167137,137.1746,-45.33075,-178.7932,0,65.2989,0.07920674,1.201522,3.601337e-43,314.6173,0.4292347,0.8217092
21,0.016689,1,100,0,0,0,0,87.38783,0,0,-0.01434315,0.02611664,-0.9995561,-0.02313306,0.9993828,0.02644406,0.9996299,0.02350208,-0.01373015,149.9439,-48.13747,-179.0684,88.05397,1.010538,-1.825472,88.07869,1.422061,0.0381234,-5.998911,0.09118827,0.003613799,-0.3845182,0.01522646,0.07906493,-0.9967532,-0.02609585,0.9965606,0.07865101,0.9995435,0.02481355,0.01723736,138.6304,-45.32567,-178.8061,0,65.31559,0.08337899,1.134282,3.601337e-43,317.0833,0.4341666,0.8550425
22,0.016678,1,100,0,0,0,0,88.07019,0,0,-0.01443417,0.03260618,-0.9993641,-0.02437581,0.9991598,0.03295157,0.9995989,0.02483593,-0.01362724,151.4162,-48.12105,-179.0988,88.72717,0.9329329,-1.817506,88.75069,0.9049363,0.04934081,-6.222682,0.05805267,0.004510388,-0.3988567,0.01529408,0.07796592,-0.9968387,-0.03258479,0.9964646,0.07743672,0.999352,0.03129746,0.01778051,140.0981,-45.32056,-178.8181,0,65.33227,0.08754849,1.05786,3.601337e-43,319.5025,0.439005,0.8883759
23,0.017044,1,100,0,0,0,0,88.73952,0,0,-0.01452519,0.03946286,-0.9991154,-0.02525864,0.9988875,0.03982107,0.9995754,0.02581471,-0.01351225,152.9325,-48.10507,-179.1297,89.43935,0.9466729,-1.801185,89.46249,0.8857821,0.06096321,-6.396324,0.05682958,0.005139932,-0.4099891,0.01536192,0.07713179,-0.9969025,-0.03944124,0.996291,0.07647669,0.9991038,0.03814425,0.01834711,141.6111,-45.31496,-178.8298,0,65.34931,0.0918095,0.8765383,3.601337e-43,322.065,0.4441299,0.9217092
24,0.016324,1,100,0,0,0,0,89.45015,0,0,-0.01461134,0.04618973,-0.998826,-0.02607581,0.9985753,0.04655959,0.9995536,0.0267255,-0.01338609,154.3961,-48.08932,-179.159,90.10867,1.001351,-1.779063,90.13179,0.8509794,0.07458439,-6.512206,0.05459955,0.005852477,-0.4174209,0.01542555,0.07637312,-0.9969599,-0.04616794,0.9960695,0.07559057,0.9988146,0.04486156,0.01889091,143.072,-45.30875,-178.8403,0,65.36564,0.0958905,1.050334,3.601337e-43,324.4744,0.4489489,0.9550426
25,0.016586,1,100,0,0,0,0,90.11901,0,0,-0.01469475,0.05312923,-0.9984797,-0.02686212,0.9982061,0.05351001,0.9995315,0.0276076,-0.01324122,155.8943,-48.07221,-179.1883,90.77642,1.093273,-1.750386,90.79987,0.8025516,0.09072599,-6.581463,0.0514915,0.006677752,-0.4218651,0.01548354,0.07562753,-0.997016,-0.05310741,0.9957902,0.0747098,0.9984687,0.05179216,0.01943474,144.5677,-45.30157,-178.8505,0,65.38223,0.100037,1.367331,3.601337e-43,326.8795,0.4537591,0.988376
26,0.016841,1,100,0,0,0,0,90.78725,0,0,-0.01477184,0.06023055,-0.9980751,-0.02760273,0.9977791,0.06062121,0.9995098,0.02844509,-0.01307651,157.4268,-48.05309,-179.2176,91.442,1.21932,-1.714981,91.46621,0.7429492,0.1093452,-6.602684,0.04766138,0.007612722,-0.423232,0.01553322,0.07489734,-0.9970703,-0.06020887,0.9954512,0.07383773,0.9980649,0.05888554,0.01997205,146.0979,-45.29299,-178.8605,0,65.39906,0.1042472,1.292512,3.601337e-43,329.2784,0.4585567,1
27,0.016524,1,100,0,0,0,0,91.45428,0,0,-0.01483663,0.06720125,-0.9976292,-0.02826335,0.9973121,0.06760023,0.9994905,0.0291993,-0.01289741,158.9414,-48.03211,-179.2457,92.08292,1.370152,-1.674145,92.10833,0.6771559,0.129664,-6.575826,0.04342799,0.008617026,-0.4215184,0.01557067,0.07421467,-0.9971207,-0.06717978,0.9950657,0.07301269,0.9976193,0.0658495,0.02047957,147.6104,-45.28269,-178.8699,0,65.41559,0.1083782,0.8735619,3.601337e-43,331.59,0.4631799,1
28,0.016684,1,100,0,0,0,0,92.09761,0,0,-0.01488489,0.07422557,-0.9971305,-0.02871004,0.9967982,0.0746294,0.9994773,0.02973851,-0.01270621,160.481,-48.00907,-179.2736,92.6846,1.401666,-1.655227,92.70998,0.1912972,0.1540167,-6.598001,0.01230024,0.01037857,-0.4229338,0.01559466,0.07367385,-0.9971604,-0.07420442,0.9946169,0.07232543,0.9971212,0.07286582,0.02097763,149.1484,-45.2702,-178.8792,0,65.43227,0.1125492,0.9559231,3.601337e-43,333.7559,0.4675118,1
29,0.016672,1,100,0,0,0,0,92.69888,0,0,-0.01490477,0.08124857,-0.9965824,-0.02866383,0.9962488,0.08165006,0.9994779,0.02978284,-0.01251997,162.0295,-47.98565,-179.301,93.27642,1.410458,-1.631419,93.30135,-0.2202809,0.1795511,-6.572479,-0.01407032,0.01212643,-0.4212944,0.01559923,0.07350816,-0.9971726,-0.08122785,0.9940909,0.07201029,0.9965735,0.07987488,0.02147796,150.6966,-45.25534,-178.888,0,65.44894,0.1167172,1.190766,3.601337e-43,335.8848,0.4717697,1
30,0.016675,1,100,0,0,0,0,93.29015,0,0,-0.01489205,0.08822612,-0.9959893,-0.02820199,0.9956664,0.08861919,0.9994916,0.0294086,-0.01233936,163.5882,-47.9622,-179.3281,93.85951,1.397709,-1.603547,93.88361,-0.5665548,0.206247,-6.500864,-0.03626141,0.0138559,-0.4167036,0.01557685,0.07368492,-0.9971599,-0.08820593,0.9934941,0.07203615,0.9959804,0.08683333,0.02197495,152.2561,-45.23805,-178.8967,0,65.46562,0.120886,1.259202,3.601337e-43,337.981,0.475962,1
31,0.016683,1,100,0,0,0,0,93.87269,0,0,-0.01484316,0.09511159,-0.995356,-0.02739308,0.9950534,0.09549116,0.9995147,0.02868326,-0.01216434,165.1572,-47.93906,-179.3547,94.43475,1.366067,-1.572196,94.45771,-0.8521346,0.2340274,-6.384901,-0.05457101,0.01555665,-0.4092726,0.01552193,0.07416755,-0.997125,-0.09509207,0.9928344,0.07236815,0.9953474,0.09369538,0.02246345,153.8272,-45.21845,-178.9053,0,65.48231,0.1250567,1.084878,3.601337e-43,340.0478,0.4800955,1
32,0.016684,1,100,0,0,0,0,94.44723,0,0,-0.01476096,0.1018874,-0.9946864,-0.02645184,0.9944069,0.1022514,0.9995412,0.02782062,-0.01198329,166.7596,-47.91503,-179.3812,99.26038,1.58858,-1.622454,99.28635,-0.6566237,0.260801,-6.317021,-0.04212155,0.01642236,-0.4049457,0.01544091,0.074797,-0.9970792,-0.1018685,0.9921269,0.07284796,0.994678,0.1004461,0.0229388,155.4322,-45.19616,-178.914,0.783316,0,0.1292277,7.654053,3.601337e-43,357.4309,0.5148618,1
33,0.016723,1,100,0,0,0,0,99.27848,0,0,-0.0146561,0.1085874,-0.993979,-0.02571338,0.9937161,0.1089379,0.9995622,0.02715517,-0.01177185,168.4461,-47.88707,-179.4085,104.0183,1.838939,-1.655111,104.0477,-0.4749873,0.2888312,-6.205774,-0.03057728,0.01733072,-0.3978385,0.01534633,0.07530247,-0.9970426,-0.1085686,0.9913898,0.07320447,0.9939705,0.1071241,0.02338968,157.1211,-45.17002,-178.9238,0.766593,0.016723,0.1334085,7.351243,3.601337e-43,374.5717,0.5491434,1
34,0.016757,1,100,0,0,0,0,104.0422,0,0,-0.01452802,0.1151634,-0.9932404,-0.02516356,0.9929885,0.1155023,0.9995778,0.02667148,-0.01152823,170.2153,-47.85472,-179.4363,108.7038,2.111905,-1.671668,108.7372,-0.3097745,0.3179888,-6.052929,-0.02010061,0.0182861,-0.3880647,0.01523423,0.07567076,-0.9970165,-0.1151446,0.9906313,0.07342675,0.993232,0.1136824,0.02380458,158.8922,-45.14017,-178.9346,0.749836,0.03348,0.1375977,7.019279,3.601337e-43,391.4539,0.5829078,1
35,0.016585,1,100,0,0,0,0,108.7335,0,0,-0.01437802,0.1214934,-0.9924881,-0.02478941,0.9922423,0.1218225,0.9995893,0.02635476,-0.01125473,172.0433,-47.81811,-179.4641,113.261,2.398535,-1.673625,113.2987,-0.1644197,0.3477694,-5.862914,-0.01090873,0.01927908,-0.3759081,0.01510281,0.07589658,-0.9970013,-0.1214743,0.9898686,0.07351348,0.9924797,0.1199998,0.02416928,160.7217,-45.10697,-178.9463,0.733251,0.050065,0.141744,6.085474,3.601337e-43,407.8754,0.6157508,1
36,0.016674,1,100,0,0,0,0,113.2965,0,0,-0.01420349,0.1276387,-0.991719,-0.0245689,0.991475,0.1279592,0.9995972,0.02618291,-0.01094647,173.9568,-47.77642,-179.4919,117.7571,2.70319,-1.661906,117.7998,-0.02352788,0.3784012,-5.635688,-0.002018681,0.02029106,-0.361367,0.01494651,0.07598571,-0.9969969,-0.1276193,0.9890984,0.07347052,0.9917107,0.1261379,0.02448081,162.636,-45.06988,-178.9589,0.7165771,0.066739,0.1459125,6.436169,3.601337e-43,424.0793,0.6481587,1
37,0.016969,1,100,0,0,0,0,117.7986,0,0,-0.01400117,0.13363,-0.9909323,-0.02449316,0.9906862,0.1339429,0.9996017,0.02614642,-0.01059775,175.9804,-47.72876,-179.52,122.2388,3.020456,-1.637812,122.2871,0.09825698,0.4101733,-5.370207,0.005634497,0.02137022,-0.344374,0.014761,0.0759379,-0.9970033,-0.1336101,0.9883196,0.07329836,0.9909241,0.1321277,0.02473465,164.66,-45.02815,-178.9728,0.699608,0.083708,0.1501547,8.198266,3.601337e-43,440.2334,0.6804668,1
38,0.01651,1,100,0,0,0,0,122.2864,0,0,-0.0137794,0.139169,-0.9901729,-0.02454256,0.9899215,0.1394752,0.999604,0.02622326,-0.01022496,178.0206,-47.67721,-179.5468,126.2372,3.324634,-1.598537,126.2911,0.1960737,0.4415158,-5.080884,0.01174831,0.02246578,-0.3258524,0.01455789,0.0757726,-0.9970188,-0.1391485,0.9875755,0.07302315,0.9901645,0.1376706,0.02492066,166.7002,-44.98351,-178.9871,0.683098,0.100218,0.1542822,6.399742,3.601337e-43,454.6478,0.7092956,1
39,0.016631,1,100,0,0,0,0,126.2907,0,0,-0.01353034,0.1444295,-0.9894226,-0.0246931,0.9891631,0.1447293,0.9996035,0.02639015,-0.009817296,180.1403,-47.62028,-179.5731,129.9049,3.62155,-1.545147,129.9645,0.275659,0.4733116,-4.761998,0.01668721,0.02360647,-0.3054361,0.01432427,0.07550463,-0.9970425,-0.1444085,0.9868469,0.07265785,0.9894145,0.1429407,0.02503937,168.8196,-44.9345,-179.0022,0.666467,0.116849,0.15844,5.062312,3.601337e-43,467.8723,0.7357447,1
40,0.016684,1,100,0,0,0,0,129.9641,0,0,-0.01324822,0.1493923,-0.9886893,-0.02478897,0.9884231,0.1496842,0.9996051,0.02649163,-0.009391563,182.326,-47.55996,-179.5989,133.1956,3.60322,-1.543009,133.2532,-0.04882419,0.5065759,-4.515689,-0.004124101,0.02589408,-0.2896437,0.01406003,0.0752759,-0.9970636,-0.1493707,0.9861313,0.07234418,0.9886813,0.147915,0.02510905,171.0051,-44.88175,-179.0178,0.649783,0.133533,0.162611,6.934237,3.601337e-43,479.7116,0.7594233,1
41,0.016754,1,100,0,0,0,0,133.2529,0,0,-0.01292653,0.1541006,-0.9879707,-0.02470504,0.9877024,0.154382,0.9996114,0.02640348,-0.0089605,184.5742,-47.4983,-179.6244,136.1801,3.833533,-1.48754,136.2422,0.08555119,0.53822,-4.238018,0.004296238,0.02688799,-0.2718714,0.01376272,0.07521112,-0.9970726,-0.1540785,0.9854167,0.07220513,0.9879627,0.1526337,0.02515043,173.2535,-44.82595,-179.0341,0.633029,0.150287,0.1667995,5.262471,3.601337e-43,490.4719,0.7809438,1
42,0.016635,1,100,0,0,0,0,136.2417,0,0,-0.01258302,0.1584736,-0.9872832,-0.02475901,0.9870093,0.1587452,0.9996147,0.02644164,-0.008495905,186.8541,-47.4333,-179.6488,138.7994,4.056211,-1.418366,138.8659,0.1970268,0.5694118,-3.940007,0.01124989,0.02790559,-0.2527949,0.01344277,0.07503778,-0.9970902,-0.1584508,0.9847403,0.07197215,0.9872753,0.1570222,0.02512744,175.5333,-44.7673,-179.0504,0.616394,0.166922,0.1709582,7.220046,3.601337e-43,499.9174,0.7998347,1
43,0.016759,1,100,0,0,0,0,138.8653,0,0,-0.01221215,0.1625534,-0.9866242,-0.0249284,0.9863417,0.1628154,0.9996148,0.02658329,-0.007993158,189.193,-47.36412,-179.6721,141.0966,4.270953,-1.336432,141.1675,0.2886634,0.6004698,-3.620232,0.0169325,0.02895572,-0.2323232,0.01309287,0.07476722,-0.9971151,-0.1625299,0.9840983,0.07165704,0.9866167,0.1611229,0.02503659,177.872,-44.70502,-179.067,0.5996351,0.183681,0.175148,5.355642,3.601337e-43,508.2031,0.8164062,1
44,0.01664,1,100,0,0,0,0,141.1665,0,0,-0.01181288,0.166296,-0.9860052,-0.02505661,0.9857153,0.1665473,0.9996166,0.02667335,-0.00747732,191.5515,-47.29358,-179.6942,143.0155,4.1754,-1.313221,143.0825,-0.01604201,0.6317934,-3.384981,-0.002597176,0.03120038,-0.2172377,0.01271693,0.07453884,-0.997137,-0.1662718,0.9834918,0.07139828,0.985998,0.1648878,0.0249007,180.2302,-44.64063,-179.0836,0.5829951,0.200321,0.179308,6.317601,3.601337e-43,515.0969,0.8301937,1
45,0.016756,1,100,0,0,0,0,143.0819,0,0,-0.01137426,0.169805,-0.9854121,-0.02502234,0.985119,0.1700433,0.9996224,0.02659144,-0.006956083,193.957,-47.22274,-179.7157,144.6547,4.332348,-1.232372,144.7248,0.1271807,0.6615052,-3.123955,0.006368126,0.03205155,-0.200533,0.012308,0.07446706,-0.9971475,-0.1697801,0.9828987,0.07130733,0.9854051,0.1684181,0.02474054,182.6358,-44.57409,-179.1002,0.5662391,0.217077,0.183497,6.680461,3.601337e-43,521.0093,0.8420187,1
46,0.016635,1,100,0,0,0,0,144.7239,0,0,-0.0109177,0.1730089,-0.9848599,-0.02513343,0.98456,0.1732349,0.9996248,0.02664423,-0.006400821,196.3707,-47.14983,-179.7357,145.9659,4.484231,-1.139534,146.0392,0.2458472,0.6903179,-2.84998,0.01376855,0.03292139,-0.1829976,0.01187782,0.07428352,-0.9971665,-0.1729832,0.9823537,0.07111955,0.9848531,0.1716483,0.02451802,185.0492,-44.5059,-179.1165,0.5496041,0.233712,0.1876557,4.837171,3.601337e-43,525.7413,0.8514826,1
47,0.016688,1,100,0,0,0,0,146.0379,0,0,-0.01043815,0.175929,-0.9843476,-0.02536531,0.9840379,0.1761426,0.999624,0.02680688,-0.005809042,198.8134,-47.07416,-179.7542,147.1985,4.635138,-1.040238,147.2751,0.3427913,0.7184567,-2.562743,0.01978536,0.0338141,-0.164612,0.01142351,0.07400125,-0.9971927,-0.1759025,0.9818549,0.07084794,0.9843414,0.1745993,0.02423323,187.4915,-44.43541,-179.1325,0.5329161,0.2504,0.1918277,6.018129,3.601337e-43,530.1904,0.8603809,1
48,0.017184,1,100,0,0,0,0,147.2735,0,0,-0.009921446,0.1786172,-0.9838686,-0.02570556,0.9835463,0.1788179,0.9996203,0.02706503,-0.005166746,201.3499,-46.99363,-179.7714,148.436,4.787583,-0.9338877,148.5161,0.4215357,0.7465456,-2.256632,0.02464099,0.03474715,-0.1450167,0.01092871,0.07362444,-0.9972261,-0.1785899,0.9813946,0.07049844,0.9838629,0.177324,0.02387396,190.0272,-44.36062,-179.1485,0.515732,0.267584,0.1961237,6.039557,3.601337e-43,534.658,0.869316,1
49,0.016242,1,100,0,0,0,0,148.514,0,0,-0.009411985,0.1808779,-0.9834606,-0.02611125,0.9831244,0.1810659,0.999615,0.02738358,-0.004530204,203.767,-46.91538,-179.7862,149.5784,4.878051,-0.8572084,149.6603,0.5035405,0.7721428,-2.048163,0.02972062,0.03559491,-0.1316798,0.0104421,0.07319882,-0.9972627,-0.1808496,0.9810086,0.07011213,0.9834554,0.1796224,0.02348176,192.4433,-44.28808,-179.1632,0.4994901,0.283826,0.2001842,5.173602,3.601337e-43,538.7772,0.8775544,1
50,0.01673,1,100,0,0,0,0,149.6582,0,0,-0.008867917,0.1829817,-0.9830764,-0.02661104,0.9827237,0.1831561,0.9996067,0.0277849,-0.003845379,206.2759,-46.83324,-179.8,150.7256,4.974224,-0.7711809,150.8096,0.5676768,0.7974916,-1.825203,0.03366282,0.03647709,-0.1174143,0.009922813,0.07270768,-0.997304,-0.1829523,0.9806499,0.06967322,0.9830717,0.1817677,0.02303284,194.9509,-44.21168,-179.1777,0.48276,0.300556,0.2043667,4.376343,3.601337e-43,542.9147,0.8858293,1
51,0.0168,1,100,0,0,0,0,150.8075,0,0,-0.00830134,0.184856,-0.9827306,-0.02717571,0.9823598,0.1850158,0.9995964,0.02824228,-0.00313131,208.8144,-46.74912,-179.8125,151.8476,5.072171,-0.6786871,151.9338,0.6130698,0.8218717,-1.5946,0.03641701,0.03736676,-0.1026584,0.009384283,0.07216865,-0.9973482,-0.1848253,0.9803321,0.06919829,0.9827266,0.1836858,0.0225383,197.4879,-44.13334,-179.1917,0.4659601,0.317356,0.2085667,6.117556,3.601337e-43,546.9616,0.8939232,1
52,0.016451,1,100,0,0,0,0,151.9317,0,0,-0.007726419,0.186453,-0.9824335,-0.02777086,0.9820438,0.1865974,0.9995844,0.02872475,-0.002409722,211.3183,-46.66516,-179.8231,152.9172,5.16784,-0.5831605,153.0056,0.6409869,0.8446617,-1.363995,0.03806825,0.03823525,-0.08790094,0.008837591,0.07160656,-0.9973938,-0.1864209,0.9800643,0.0687106,0.9824302,0.1853278,0.02201037,199.9902,-44.05505,-179.2047,0.4495091,0.333807,0.2126795,3.891014,3.601337e-43,550.8202,0.9016404,1
53,0.016757,1,100,0,0,0,0,153.0035,0,0,-0.007121481,0.1878658,-0.9821689,-0.02841457,0.9817593,0.1879934,0.999571,0.0292467,-0.001653455,213.8867,-46.57823,-179.8324,153.9818,5.227486,-0.5067429,154.0713,0.6891651,0.8667629,-1.214886,0.04101642,0.03904364,-0.07836936,0.008263377,0.07100803,-0.9974415,-0.1878322,0.9798306,0.0681982,0.9821663,0.1867881,0.02143431,202.5569,-43.97379,-179.2172,0.432752,0.350564,0.2168687,3.88575,3.601337e-43,554.6567,0.9093135,1
54,0.016635,1,100,0,0,0,0,154.0694,0,0,-0.006503877,0.1891118,-0.9819341,-0.02909794,0.9815034,0.1892216,0.9995557,0.02980294,-0.0008808123,216.4446,-46.49112,-179.8402,153.3475,5.253774,-0.390156,153.4379,0.7185408,0.887535,-1.062436,0.04277599,0.03984737,-0.06862249,0.00767767,0.07038747,-0.9974902,-0.1890766,0.9796278,0.06767169,0.9819323,0.1880825,0.02082988,205.1131,-43.89214,-179.2287,0.416117,0.367199,0.2210275,3.657029,3.601337e-43,552.3765,0.904753,1
55,0.016761,1,100,0,0,0,0,153.4362,0,0,-0.005864123,0.1902059,-0.9817268,-0.02981205,0.9812741,0.1902962,0.9995385,0.03038321,-8.388422e-05,219.0114,-46.40289,-179.8461,152.7236,5.285075,-0.2711302,152.8152,0.7317856,0.9073647,-0.9056191,0.04351556,0.0406558,-0.05859464,0.007066041,0.06974099,-0.9975401,-0.1901692,0.9794536,0.06712945,0.9817259,0.1892271,0.02018345,207.6779,-43.80939,-179.2392,0.399356,0.38396,0.2252177,5.471275,3.601337e-43,550.1348,0.9002695,1
56,0.016632,1,100,0,0,0,0,152.8137,0,0,-0.005211661,0.1911282,-0.9815513,-0.03052963,0.9810767,0.1911979,0.9995204,0.03096286,0.000722033,221.5482,-46.3148,-179.85,152.1192,5.319073,-0.1519741,152.2123,0.7309237,0.9259515,-0.7479952,0.04336582,0.04145036,-0.04851351,0.006437959,0.06908736,-0.9975898,-0.19109,0.9793113,0.06658828,0.9815514,0.1902008,0.01950667,210.2126,-43.72673,-179.2483,0.382724,0.400592,0.2293757,4.101412,3.601337e-43,547.9642,0.8959283,1
57,0.016681,1,100,0,0,0,0,152.2109,0,0,-0.004540996,0.1919181,-0.9814005,-0.03125866,0.9809038,0.1919656,0.9995011,0.03154898,0.001544822,224.0824,-46.22599,-179.8519,151.5312,5.334432,-0.05307464,151.625,0.7598214,0.9435316,-0.6740124,0.04511805,0.04214199,-0.04379584,0.005789652,0.06842256,-0.9976397,-0.1918785,0.979194,0.06604393,0.9814017,0.1910432,0.01879801,212.7448,-43.64334,-179.2562,0.366043,0.417273,0.233546,4.902728,3.601337e-43,545.8501,0.8917002,1
58,0.016683,1,100,0,0,0,0,151.6238,0,0,-0.003856766,0.1926306,-0.9812638,-0.0320118,0.9807444,0.1926544,0.9994801,0.03215504,0.002383949,226.6072,-46.13686,-179.8522,150.9566,5.358418,0.05089768,151.0517,0.7715232,0.9600229,-0.5973059,0.04578323,0.04283751,-0.03890203,0.005129449,0.06774198,-0.9976898,-0.1925895,0.9790918,0.06548903,0.981266,0.1918086,0.01806859,215.2675,-43.55957,-179.2628,0.34936,0.433956,0.2377167,4.114432,3.601337e-43,543.786,0.8875721,1
59,0.016688,1,100,0,0,0,0,151.0506,0,0,-0.003158604,0.1932632,-0.981142,-0.03277181,0.9805999,0.1932619,0.9994582,0.03276424,0.003236257,229.1232,-46.04727,-179.8508,150.3951,5.389036,0.1590268,150.4917,0.7684133,0.9754828,-0.5184766,0.04551288,0.04353225,-0.03387049,0.004457831,0.06705417,-0.9977394,-0.1932204,0.9790044,0.06493178,0.9811452,0.1924941,0.01732047,217.7815,-43.47535,-179.2679,0.332672,0.450644,0.2418887,3.430632,3.601337e-43,541.77,0.88354,1
60,0.016698,1,100,0,0,0,0,150.4907,0,0,-0.002446136,0.193814,-0.9810353,-0.03352404,0.980471,0.1937861,0.9994351,0.0333623,0.004099064,231.6315,-45.95709,-179.8475,149.8461,5.424314,0.2705092,149.9445,0.7528765,0.9899629,-0.4381173,0.04445843,0.04422107,-0.02873905,0.003770727,0.06636655,-0.9977883,-0.1937696,0.9789324,0.06438011,0.9810398,0.1930983,0.01655111,220.2876,-43.39058,-179.2716,0.315974,0.467342,0.2460632,4.023579,3.601337e-43,539.8,0.8796001,1
61,0.016636,1,100,0,0,0,0,149.9435,0,0,-0.001724088,0.1943076,-0.9809391,-0.03427045,0.9803529,0.1942517,0.9994111,0.03395214,0.004968795,234.1214,-45.86666,-179.8425,149.3156,5.460208,0.3673461,149.4158,0.7769845,1.00347,-0.4374702,0.04593205,0.04477595,-0.02871998,0.003076098,0.06567956,-0.997836,-0.1942615,0.9788707,0.06383236,0.980945,0.1936447,0.01577011,222.7754,-43.30557,-179.2738,0.299338,0.483978,0.2502222,4.43404,3.601337e-43,537.8969,0.8757938,1
62,0.01709,1,100,0,0,0,0,149.4148,0,0,-0.000973036,0.1948139,-0.9808398,-0.03505661,0.9802308,0.1947277,0.9993851,0.03457439,0.005875713,236.6701,-45.77308,-179.8356,148.7826,5.506936,0.4735525,148.8853,0.7840403,1.016405,-0.4335866,0.04632504,0.04535995,-0.02849218,0.002354811,0.06495661,-0.9978853,-0.1947659,0.978808,0.06325518,0.9808469,0.1942051,0.01495624,225.322,-43.21772,-179.2745,0.282248,0.501068,0.2544947,3.96313,3.601337e-43,535.9869,0.8719739,1
63,0.016237,1,100,0,0,0,0,148.8843,0,0,-0.000250312,0.195291,-0.9807454,-0.03580506,0.9801148,0.1951746,0.999359,0.0351645,0.006747072,239.0833,-45.68339,-179.8273,148.2878,5.558313,0.5797451,148.3931,0.7760202,1.027859,-0.4268816,0.04576689,0.04592383,-0.02808051,0.001665401,0.06426307,-0.9979315,-0.195241,0.9787488,0.06270195,0.9807538,0.1947327,0.0141768,227.733,-43.13363,-179.2734,0.2660111,0.517305,0.258554,3.667422,3.601337e-43,534.215,0.86843,1
64,0.016684,1,100,0,0,0,0,148.3921,0,0,0.0005017272,0.1957743,-0.9806489,-0.03656091,0.979997,0.1956254,0.9993315,0.03575527,0.007649377,241.5545,-45.59034,-179.817,147.7902,5.615502,0.6930273,147.8985,0.7559415,1.038885,-0.4171718,0.04444477,0.046507,-0.02747472,0.0009446936,0.06355127,-0.9979782,-0.1957223,0.9786888,0.06213765,0.9806589,0.1952679,0.01336296,230.2022,-43.04649,-179.2707,0.2493271,0.533989,0.262725,3.973189,3.601337e-43,532.4345,0.864869,1
65,0.016713,1,100,0,0,0,0,147.8975,0,0,0.001269305,0.1962801,-0.980547,-0.03719492,0.9798785,0.1960981,0.9993072,0.03622246,0.008544385,244.0217,-45.49735,-179.8051,147.2846,5.459523,0.7481842,147.3877,0.4483821,1.049357,-0.4959618,0.02490391,0.04810362,-0.03250081,0.00021168,0.06293813,-0.9980174,-0.1962262,0.9786172,0.06167308,0.9805586,0.1958241,0.01255727,232.6676,-42.95872,-179.2663,0.2326141,0.550702,0.2669033,3.593964,3.601337e-43,530.5957,0.8611914,1
66,0.016624,1,100,0,0,0,0,147.3867,0,0,0.002047744,0.196883,-0.9804249,-0.03764061,0.9797474,0.1966683,0.9992893,0.03650106,0.009417066,246.4676,-45.40598,-179.7921,146.8159,5.569862,0.8510378,146.9239,0.5368744,1.058975,-0.6229776,0.03048687,0.04833536,-0.04066275,-0.0005254687,0.0624872,-0.9980456,-0.1968271,0.9785157,0.06136807,0.9804381,0.1964747,0.011785,235.1121,-42.8713,-179.2602,0.2159901,0.567326,0.2710592,2.503736,3.601337e-43,528.9261,0.8578523,1
67,0.016704,1,100,0,0,0,0,146.9228,0,0,0.002828695,0.19762,-0.9802747,-0.03817417,0.9795855,0.1973709,0.9992673,0.03686287,0.01031493,248.9174,-45.31227,-179.7773,146.355,5.691442,0.9640408,146.4688,0.6019471,1.068079,-0.7424676,0.03458236,0.04861914,-0.04834096,-0.001261414,0.06195172,-0.9980783,-0.1975619,0.9783919,0.06097946,0.9802896,0.1972592,0.01100514,237.5605,-42.7825,-179.252,0.1992861,0.58403,0.2752352,2.31758,3.601337e-43,527.2878,0.8545756,1
68,0.016634,1,100,0,0,0,0,146.4675,0,0,0.003606126,0.1984762,-0.9800991,-0.03876687,0.9793965,0.1981913,0.9992419,0.03728067,0.01122613,251.3494,-45.21689,-179.7606,145.9061,5.818652,1.084211,146.0261,0.6452545,1.076709,-0.8527021,0.0372954,0.0489505,-0.05542434,-0.001995841,0.06135172,-0.9981142,-0.1984158,0.9782472,0.0605273,0.9801159,0.1981625,0.01022073,239.9909,-42.69291,-179.2419,0.1826521,0.600664,0.2793937,2.34755,3.601337e-43,525.694,0.851388,1
69,0.016704,1,100,0,0,0,0,146.0246,0,0,0.004385507,0.1994707,-0.979894,-0.03942735,0.979176,0.1991481,0.999213,0.03776126,0.01215878,253.7842,-45.11875,-179.7418,145.469,5.988026,1.206304,145.5972,0.7417397,1.085028,-1.01564,0.04338455,0.04911809,-0.0658932,-0.002732465,0.0606785,-0.9981537,-0.1994079,0.9780778,0.06000395,0.9799128,0.1992037,0.00942721,242.424,-42.60153,-179.2296,0.1659481,0.617368,0.2835697,2.741046,3.601337e-43,524.15,0.8482999,1
70,0.016641,1,100,0,0,0,0,145.5953,0,0,0.005158822,0.2006058,-0.9796585,-0.04016919,0.9789225,0.2002435,0.9991798,0.03831907,0.01310826,256.2026,-45.01823,-179.7209,145.0414,6.145182,1.345648,145.1778,0.7847967,1.093066,-1.102425,0.04607384,0.04940888,-0.07147703,-0.003464533,0.05992078,-0.9981971,-0.2005405,0.9778832,0.05939738,0.9796793,0.2003847,0.008628633,244.8404,-42.50884,-179.215,0.1493071,0.6340091,0.28773,2.454661,3.601337e-43,522.6401,0.8452802,1
71,0.016697,1,100,0,0,0,0,145.1756,0,0,0.005935405,0.2018328,-0.9794021,-0.04095209,0.9786468,0.201429,0.9991437,0.038913,0.01407414,258.622,-44.91476,-179.6977,144.6214,6.301369,1.488941,144.7663,0.8061478,1.101016,-1.179097,0.04738386,0.04976551,-0.07641074,-0.004204902,0.05911034,-0.9982426,-0.201765,0.9776708,0.05874209,0.9794249,0.2016575,0.007815392,247.2578,-42.41397,-179.1982,0.1326101,0.6507061,0.2919042,3.093172,3.601337e-43,521.1585,0.842317,1
72,0.016688,1,100,0,0,0,0,144.7637,0,0,0.006713565,0.2031364,-0.9791275,-0.04175132,0.9783527,0.2026894,0.9991056,0.0395191,0.01504945,261.0331,-44.80876,-179.672,144.2104,6.451734,1.634341,144.3639,0.809086,1.108905,-1.24505,0.04752379,0.0501778,-0.08065538,-0.00495175,0.05826954,-0.9982887,-0.2030664,0.9774422,0.05806,0.9791524,0.2030064,0.006992534,249.6669,-42.31717,-179.179,0.115922,0.667394,0.2960762,1.993516,3.601337e-43,519.7101,0.8394203,1
73,0.016868,1,100,0,0,0,0,144.361,0,0,0.007494817,0.204537,-0.9788302,-0.04269876,0.9780303,0.2040429,0.9990599,0.04026556,0.01606363,263.4635,-44.69799,-179.6434,143.8225,6.796876,1.815269,143.9945,1.19295,1.116536,-1.346494,0.07180287,0.04925035,-0.08723279,-0.005707338,0.05729095,-0.9983413,-0.2044646,0.9771985,0.05724655,0.9788573,0.2044522,0.006136771,252.0949,-42.21693,-179.1572,0.09905405,0.684262,0.3002932,1.940658,3.601337e-43,518.3801,0.8367601,1
74,0.016482,1,100,0,0,0,0,143.9901,0,0,0.008243514,0.2060304,-0.9785109,-0.0438926,0.9776756,0.2054847,0.9990024,0.04125547,0.01710269,265.8319,-44.58483,-179.6128,143.4375,7.003358,1.954769,143.6217,1.192272,1.124434,-1.503298,0.07172098,0.04974445,-0.09730767,-0.006433367,0.05609653,-0.9984047,-0.2059553,0.9769453,0.05621791,0.9785403,0.2059884,0.00526833,254.4604,-42.11625,-179.1332,0.08257204,0.700744,0.3044137,2.516133,3.601337e-43,517.038,0.834076,1
75,0.016624,1,100,0,0,0,0,143.6168,0,0,0.008998203,0.2076962,-0.978152,-0.04508983,0.977281,0.2070964,0.9989426,0.04224121,0.01815876,268.2143,-44.46732,-179.5795,143.0565,7.199624,2.099072,143.253,1.168801,1.132464,-1.646347,0.07018955,0.05032055,-0.1064978,-0.007162667,0.05487385,-0.9984675,-0.2076182,0.9766531,0.05516436,0.9781836,0.2076951,0.004397369,256.8398,-42.01202,-179.1064,0.06594804,0.717368,0.3085697,2.069419,3.601337e-43,515.7107,0.8314214,1
76,0.016877,1,100,0,0,0,0,143.2475,0,0,0.00976555,0.2095346,-0.9777526,-0.04627552,0.9768465,0.2088782,0.9988814,0.0432062,0.01923576,270.6265,-44.34479,-179.5432,142.6774,7.382694,2.247825,142.8859,1.126909,1.14076,-1.775514,0.06748533,0.05096989,-0.114795,-0.007903272,0.05363933,-0.9985291,-0.2094536,0.9763206,0.05410413,0.9777867,0.2095732,0.003518824,259.2491,-41.90335,-179.0764,0.04907104,0.734245,0.312789,2.047983,3.601337e-43,514.3893,0.8287787,1
77,0.01649,1,100,0,0,0,0,142.88,0,0,0.01051797,0.2114581,-0.9773306,-0.04738784,0.976392,0.2107451,0.9988216,0.04409698,0.02029021,272.9773,-44.22217,-179.5053,142.3145,7.542412,2.394186,142.5343,1.072796,1.149069,-1.885315,0.06400345,0.05165372,-0.1218473,-0.008626767,0.05245916,-0.9985858,-0.2113742,0.9759619,0.05309671,0.9773671,0.2115334,0.00266912,261.5971,-41.79439,-179.0444,0.03258104,0.750735,0.3169115,1.634961,3.601337e-43,513.1235,0.826247,1
78,0.016627,1,100,0,0,0,0,142.5279,0,0,0.01127746,0.2135225,-0.9768731,-0.04849577,0.9759024,0.2127505,0.9987598,0.04497493,0.02136064,275.3416,-44.09533,-179.4646,141.9604,7.801201,2.558512,142.1976,1.136695,1.15756,-2.024094,0.06799337,0.05193647,-0.1307758,-0.009359754,0.05127019,-0.9986409,-0.2134357,0.9755675,0.05208604,0.9769123,0.2136332,0.00181182,263.9587,-41.68155,-179.0095,0.01595404,0.767362,0.3210682,1.29204,3.601337e-43,511.9115,0.8238229,1
79,0.016679,1,100,0,0,0,0,142.1899,0,0,0.01203528,0.2157324,-0.9763784,-0.04966488,0.975373,0.214898,0.9986936,0.04590537,0.02245321,277.7074,-43.96386,-179.421,141.6121,8.044352,2.725976,141.8666,1.166735,1.166407,-2.144874,0.0698318,0.05234925,-0.1385472,-0.01009004,0.05001376,-0.9986976,-0.2156425,0.9751391,0.05101265,0.9764203,0.2158764,0.0009458994,266.3217,-41.56499,-178.9715,-0.000724962,0.784041,0.325238,1.363155,3.601337e-43,510.7197,0.8214394,1
80,0.016695,1,100,0,0,0,0,141.8576,0,0,0.01279241,0.2180642,-0.9758506,-0.05085908,0.9748092,0.2171648,0.9986241,0.04685281,0.0235607,280.0697,-43.82833,-179.3746,141.2702,8.266566,2.894535,141.5415,1.168942,1.175636,-2.246938,0.0699013,0.05287179,-0.1451155,-0.01082256,0.04872373,-0.9987537,-0.2179714,0.9746781,0.04991116,0.9758952,0.2182399,7.186669e-05,268.6813,-41.44491,-178.9306,0,0.800736,0.3294117,1.313204,3.601337e-43,509.5494,0.8190988,1
81,0.016672,1,100,0,0,0,0,141.5314,0,0,0.01354951,0.2204929,-0.9752945,-0.05204814,0.9742173,0.2195262,0.9985527,0.04778779,0.02467641,282.4231,-43.68941,-179.3254,140.9357,8.463862,3.062444,141.2229,1.149281,1.185255,-2.329834,0.0685806,0.05348267,-0.1504519,-0.01155571,0.04743138,-0.9988077,-0.220397,0.9741881,0.04881214,0.9753417,0.2206983,-0.0008037024,271.032,-41.3216,-178.8869,0,0.817408,0.3335797,1.630887,3.601337e-43,508.4023,0.8168046,1
82,0.016683,1,100,0,0,0,0,141.2118,0,0,0.01428325,0.2229771,-0.974719,-0.05366123,0.9735846,0.2219313,0.9984571,0.04913472,0.02587118,284.7727,-43.54417,-179.2726,140.6496,9.191017,3.37091,140.9899,2.390871,1.193117,-2.318937,0.1469847,0.04907778,-0.1500328,-0.01227668,0.04579474,-0.9988756,-0.2228779,0.9736944,0.04737956,0.9747691,0.223209,-0.001747095,273.3781,-41.19435,-178.8402,0,0.834091,0.3377505,1.146982,3.601337e-43,507.5634,0.8151269,1
83,0.016699,1,100,0,0,0,0,140.9714,0,0,0.01495043,0.2254652,-0.9741366,-0.05638376,0.9728854,0.2243102,0.9982974,0.05157195,0.02725763,287.1198,-43.38656,-179.2146,140.3526,9.934239,3.675154,140.7517,3.061217,1.202562,-2.341136,0.1892487,0.04695462,-0.1516701,-0.01295989,0.0432322,-0.9989809,-0.2253619,0.9732333,0.04504158,0.9741889,0.225716,-0.002870106,275.7194,-41.06168,-178.7901,0,0.85079,0.3419252,1.866932,3.601337e-43,506.7062,0.8134124,1
84,0.016652,1,100,0,0,0,0,140.7261,0,0,0.01557625,0.2279655,-0.9735447,-0.05971999,0.9721367,0.2266804,0.9980938,0.05460925,0.02875634,289.4553,-43.21687,-179.1516,140.0546,10.70329,3.987684,140.5195,3.496094,1.212795,-2.345967,0.2166077,0.04575625,-0.1521794,-0.01361206,0.0400781,-0.9991038,-0.2278576,0.9727826,0.04212664,0.9735993,0.2282269,-0.004109473,278.0473,-40.92301,-178.7364,0,0.867442,0.3460882,1.505538,3.601337e-43,505.8703,0.8117406,1
85,0.016684,1,100,0,0,0,0,140.4868,0,0,0.01617827,0.2304728,-0.9729444,-0.06344831,0.9713473,0.2290395,0.9978544,0.05802622,0.03033783,291.7903,-43.03404,-179.0834,139.7542,11.47082,4.302176,140.2902,3.729613,1.223759,-2.333942,0.2312278,0.04536149,-0.1515881,-0.01424526,0.0364936,-0.9992324,-0.2303599,0.9723318,0.03879521,0.9730011,0.2307357,-0.005444462,280.3736,-40.77655,-178.6787,0,0.884126,0.3502592,1.57264,3.601337e-43,505.0446,0.8100892,1
86,0.016694,1,100,0,0,0,0,140.2505,0,0,0.01674169,0.2329423,-0.9723465,-0.06779614,0.9705092,0.2313349,0.9975588,0.0620484,0.03204056,294.1218,-42.83598,-179.0092,139.4784,12.65232,4.731567,140.131,5.030172,1.233085,-2.235478,0.3131984,0.0405113,-0.1457634,-0.01484918,0.03230694,-0.9993677,-0.2328242,0.9718933,0.0348782,0.9724055,0.2331949,-0.006909977,282.6951,-40.62117,-178.6168,0,0.90082,0.3544327,1.700342,3.601337e-43,504.4715,0.8089429,1
87,0.016862,1,100,0,0,0,0,140.0745,0,0,0.01723411,0.235333,-0.971762,-0.07339242,0.9695822,0.2335035,0.9971542,0.06729575,0.03398155,296.472,-42.61556,-178.9268,139.1876,13.91248,5.180745,139.9771,5.845857,1.243728,-2.122705,0.364515,0.03762174,-0.1389932,-0.01540844,0.02700087,-0.9995167,-0.2352094,0.9714856,0.02986961,0.9718225,0.2355559,-0.008618216,285.033,-40.45346,-178.5496,0,0.917682,0.3586482,1.389352,3.601337e-43,503.9175,0.807835,1
88,0.016467,1,100,0,0,0,0,139.9038,0,0,0.01767318,0.2375593,-0.9712123,-0.07951862,0.968621,0.2354785,0.9966767,0.07306781,0.036009,298.7624,-42.37985,-178.8392,138.8915,15.11813,5.609089,139.8244,6.14601,1.255276,-2.013362,0.383278,0.03685065,-0.1323518,-0.01592029,0.02112145,-0.9996501,-0.2374305,0.9711006,0.02429951,0.9712741,0.2377342,-0.01044532,287.3097,-40.27748,-178.479,0,0.934149,0.362765,1.222913,3.601337e-43,503.368,0.8067359,1
89,0.016698,1,100,0,0,0,0,139.7366,0,0,0.01810741,0.2397058,-0.9706767,-0.08593193,0.9676166,0.2373471,0.9961363,0.07911438,0.03811941,301.0799,-42.1209,-178.7432,138.5829,16.28846,6.029257,139.6671,6.141321,1.26759,-1.891326,0.3827946,0.03733717,-0.1248298,-0.0164244,0.01482362,-0.9997553,-0.2395718,0.9707056,0.01832869,0.9707397,0.2398142,-0.01239194,289.613,-40.0851,-178.4022,0,0.950847,0.3669395,1.751755,3.601337e-43,502.8015,0.805603,1
90,0.016738,1,100,0,0,0,0,139.566,0,0,0.01855341,0.2417343,-0.9701651,-0.09226907,0.9666054,0.2390828,0.9955614,0.08508044,0.04023843,303.3977,-41.84222,-178.64,138.2682,17.37411,6.427644,139.5037,5.912724,1.280315,-1.758775,0.3681857,0.03874593,-0.1165555,-0.0169303,0.008432016,-0.9998211,-0.2415953,0.9702995,0.01227406,0.9702294,0.2417599,-0.01439032,291.9174,-39.87697,-178.3195,0,0.967585,0.371124,1.710323,3.601337e-43,502.2133,0.8044267,1
91,0.016613,1,100,0,0,0,0,139.3914,0,0,0.01901196,0.2436038,-0.9696885,-0.09844145,0.9656075,0.2406485,0.9949614,0.09088235,0.0423388,305.693,-41.54657,-178.5308,137.9503,18.64249,6.87706,139.374,6.057677,1.292314,-1.58348,0.3771231,0.03848694,-0.1056797,-0.01743838,0.002062283,-0.9998459,-0.2434597,0.969891,0.006246696,0.9697543,0.2435312,-0.01641124,294.2002,-39.65411,-178.2318,0,0.984198,0.3752773,1.219749,3.601337e-43,501.7464,0.8034928,1
92,0.016693,1,100,0,0,0,0,139.2406,0,0,0.01948125,0.2453062,-0.96925,-0.1046925,0.9646051,0.2420264,0.994314,0.09675817,0.04447342,307.994,-41.22887,-178.4136,137.6279,19.8122,7.301181,139.2381,5.936402,1.30465,-1.400918,0.3692729,0.03933188,-0.09424601,-0.01795432,-0.00447586,-0.9998288,-0.2451573,0.9694833,6.237233e-05,0.969317,0.2451164,-0.01850371,296.4895,-39.41259,-178.1376,0,1.000891,0.3794505,1.634501,3.601337e-43,501.2573,0.8025146,1
93,0.016673,1,100,0,0,0,0,139.087,0,0,0.01997809,0.2468245,-0.9688543,-0.1107376,0.9636317,0.2432106,0.9936491,0.1024298,0.04658429,310.2869,-40.89277,-178.2897,137.3065,20.85333,7.691415,139.0939,5.63942,1.317024,-1.213564,0.3503522,0.04089709,-0.08241934,-0.01848968,-0.01091817,-0.9997695,-0.2466708,0.9690807,-0.006021108,0.9689229,0.2465026,-0.02061119,298.772,-39.15345,-178.0377,0,1.017564,0.3836187,1.894827,3.601337e-43,500.7379,0.8014758,1
94,0.016679,1,100,0,0,0,0,138.9288,0,0,0.02051603,0.2481527,-0.9685037,-0.116446,0.9627078,0.244201,0.9929852,0.1077683,0.04864734,312.5753,-40.53974,-178.1594,136.9877,21.79283,8.05739,138.9441,5.290325,1.329175,-1.010091,0.3281493,0.04262985,-0.06951528,-0.01905498,-0.01712159,-0.9996718,-0.2479939,0.9686889,-0.01186387,0.9685742,0.2476865,-0.0227044,301.0515,-38.87637,-177.9317,0,1.034243,0.3877885,1.580516,3.601337e-43,500.1988,0.8003975,1
95,0.016703,1,100,0,0,0,0,138.7673,0,0,0.02110319,0.2492803,-0.9682015,-0.1217651,0.9618487,0.2449906,0.9923346,0.1127231,0.05065171,314.8616,-40.17128,-178.023,136.675,22.59433,8.387075,138.7837,4.878438,1.341092,-0.8046683,0.3019995,0.04460047,-0.0564293,-0.01966066,-0.02300665,-0.9995421,-0.2491162,0.9683176,-0.01738792,0.968274,0.2486602,-0.02476909,303.3304,-38.58146,-177.8199,0,1.050946,0.3919643,1.955796,3.601337e-43,499.6212,0.7992423,1
96,0.016668,1,100,0,0,0,0,138.5991,0,0,0.02173539,0.2501901,-0.9679528,-0.1267572,0.9610578,0.2455616,0.9916957,0.1173576,0.05260236,317.138,-39.78935,-177.8811,136.3561,23.55413,8.763272,138.6527,4.824419,1.352265,-0.5648867,0.2983862,0.04492269,-0.04131026,-0.02030443,-0.02859576,-0.9993848,-0.2500205,0.9679764,-0.02261741,0.9680277,0.2494075,-0.02680374,305.6008,-38.27021,-177.7028,0,1.067614,0.3961312,1.245934,3.601337e-43,499.1497,0.7982995,1
97,0.016687,1,100,0,0,0,0,138.449,0,0,0.02240875,0.2508605,-0.9677638,-0.1315849,0.9603259,0.2458855,0.9910516,0.1218331,0.05452915,319.4117,-39.39241,-177.7332,136.0524,24.25596,9.072585,138.4952,4.476962,1.363144,-0.3207437,0.2762952,0.04645991,-0.02575202,-0.02099062,-0.03401881,-0.9992008,-0.2506858,0.9676726,-0.02767914,0.9678409,0.2499045,-0.02884009,307.8694,-37.9419,-177.58,0,1.084301,0.400303,1.790107,3.601337e-43,498.5827,0.7971655,1
98,0.016685,1,100,0,0,0,0,138.2849,0,0,0.02313912,0.2512889,-0.9676356,-0.1360333,0.959684,0.245971,0.9904342,0.1259391,0.05638989,321.6801,-38.98453,-177.5803,135.7599,24.82701,9.345579,138.3274,4.114662,1.373517,-0.08100568,0.2532815,0.04802657,-0.0104444,-0.02172796,-0.03906508,-0.9990004,-0.2511092,0.9674172,-0.03236851,0.9677148,0.2501549,-0.03082961,310.1339,-37.59835,-177.4522,0,1.100986,0.4044743,1.315663,3.601337e-43,497.9787,0.7959574,1
99,0.016677,1,100,0,0,0,0,138.1149,0,0,0.02392781,0.2514804,-0.9675667,-0.1400941,0.9591371,0.245825,0.9898492,0.1296683,0.05818097,323.9426,-38.568,-177.4231,135.4795,25.2771,9.584884,138.1502,3.76083,1.383291,0.1526597,0.230814,0.04952253,0.004493106,-0.02251948,-0.04370308,-0.9987907,-0.2512957,0.967216,-0.03665559,0.9676484,0.2501663,-0.03276359,312.3934,-37.24109,-177.3197,0,1.117663,0.4086435,1.520465,3.601337e-43,497.3408,0.7946816,1
100,0.016684,1,100,0,0,0,0,137.9395,0,0,0.02477146,0.2514335,-0.9675575,-0.1438512,0.9586784,0.2454432,0.9892891,0.1331043,0.05991687,326.2014,-38.14355,-177.2617,135.2021,25.76782,9.837387,137.9868,3.620791,1.39235,0.4023382,0.2218103,0.05001235,0.02034267,-0.02336453,-0.04799092,-0.9985745,-0.2512439,0.967072,-0.04059836,0.9676417,0.2499372,-0.03465261,314.6499,-36.87103,-177.1827,0,1.134347,0.4128145,1.6018,3.601337e-43,496.7523,0.7935047,1
101,0.016886,1,100,0,0,0,0,137.7732,0,0,0.02567317,0.2511358,-0.9676114,-0.1474813,0.9582905,0.2448036,0.9887319,0.1364197,0.0616402,328.4829,-37.70623,-177.0944,134.9332,26.16111,10.06312,137.8138,3.442986,1.400775,0.6452414,0.2104414,0.05063186,0.03578671,-0.02426949,-0.05208461,-0.9983478,-0.2509418,0.9669858,-0.04434812,0.9676979,0.2494509,-0.03653846,316.9294,-36.48456,-177.0398,0,1.151233,0.417036,1.681142,3.601337e-43,496.1297,0.7922593,1
102,0.01648,1,100,0,0,0,0,137.602,0,0,0.02660166,0.2506111,-0.9677224,-0.150826,0.957989,0.2439444,0.9882025,0.1394684,0.06328278,330.1643,-37.64386,-175.6649,109.5696,13.62475,46.39726,137.638,4.768159,15.03186,-2.790281,0.2377944,0.7041921,-0.2166277,-0.05011121,-0.05660838,-0.9971381,-0.2538592,0.9663245,-0.04210136,0.9659423,0.2510229,-0.06279425,318.6451,-36.29768,-176.3706,0,1.167713,0.421156,1.408176,3.601337e-43,495.4969,0.7909937,1
103,0.016738,1,100,0,0,0,0,113.1133,0,0,0.03743003,0.2555689,-0.966066,-0.154788,0.9565583,0.2470565,0.9872384,0.1402881,0.07536301,332.0009,-37.40433,-174.9243,110.06,15.68985,39.96072,118.1365,4.4675,13.96135,-2.449239,0.2219722,0.653894,-0.1923555,-0.06281214,-0.06085477,-0.9961684,-0.2590929,0.9649121,-0.04260859,0.9638078,0.2554238,-0.07637524,320.4934,-36.05804,-175.8127,0,1.184451,0.4253405,1.5568,3.601337e-43,425.2915,0.6505831,1
104,0.016724,1,100,0,0,0,0,113.8682,0,0,0.04747913,0.26002,-0.9644353,-0.1585019,0.9552522,0.2497411,0.9862167,0.1410074,0.08656821,333.8443,-37.13299,-174.2842,110.554,17.29858,34.90039,117.2155,4.174049,12.97036,-2.099196,0.2065477,0.6072603,-0.1676536,-0.07214959,-0.06485562,-0.995283,-0.263468,0.9636779,-0.04369694,0.9619662,0.2590725,-0.08661636,322.3432,-35.8058,-175.2712,0,1.201175,0.4295215,1.646582,3.601337e-43,421.9757,0.6439514,1
105,0.016675,1,100,0,0,0,0,114.4907,0,0,0.05679049,0.2639332,-0.9628677,-0.162079,0.9540681,0.2519616,0.9851424,0.1417516,0.09696003,335.6903,-36.83649,-173.7237,111.0186,18.75078,31.0373,116.7905,4.24754,12.0555,-1.666587,0.2140658,0.5623602,-0.1380963,-0.07925349,-0.06866224,-0.9944869,-0.2670988,0.9626096,-0.04517548,0.9604046,0.2620459,-0.09462978,324.192,-35.53971,-174.7575,0,1.21785,0.4336903,1.269649,3.601337e-43,420.4459,0.6408918,1
106,0.016644,1,100,0,0,0,0,115.0364,0,0,0.0654362,0.2672692,-0.9613976,-0.1656466,0.9530044,0.2536614,0.9840121,0.1426536,0.1066332,337.3739,-36.62458,-172.8719,95.061,12.87292,44.142,116.6151,3.343386,16.90547,0.7516765,0.1328823,0.7933069,0.004720729,-0.09199493,-0.07274821,-0.9930984,-0.2710254,0.9615044,-0.04532758,0.9581661,0.264985,-0.1081701,325.8995,-35.31567,-174.132,0,1.234494,0.4378513,2.011637,3.601337e-43,419.8142,0.6396284,1
107,0.016699,1,100,0,0,0,0,100.0845,0,0,0.07817531,0.2688878,-0.9599938,-0.1678333,0.9527469,0.2531908,0.982711,0.1413257,0.1196096,338.9664,-36.4004,-172.1646,95.99472,14.5299,38.78817,104.5496,3.331493,15.67931,1.125946,0.1369838,0.7337595,0.03192948,-0.1038613,-0.07541497,-0.9917284,-0.2724935,0.9611256,-0.04455023,0.9565354,0.2656125,-0.1203739,327.5081,-35.0927,-173.5492,0,1.251193,0.442026,1.658351,3.601337e-43,376.3787,0.5527574,1
108,0.016749,1,100,0,0,0,0,101.028,0,0,0.0900563,0.2699315,-0.958659,-0.1700354,0.9526051,0.2522538,0.9813147,0.1402889,0.131686,340.5594,-36.16216,-171.4972,89.87386,13.03764,40.73908,104.0804,2.499847,16.7564,2.412079,0.07865421,0.7861861,0.1122165,-0.1141602,-0.07796268,-0.9903986,-0.2732997,0.9609158,-0.04413943,0.9551308,0.2656366,-0.1310055,329.1148,-34.8614,-172.9757,0,1.267942,0.4462133,1.265076,3.601337e-43,374.6893,0.5493786,1
109,0.016635,1,100,0,0,0,0,95.38834,0,0,0.1028968,0.2698084,-0.9574004,-0.1711866,0.9529516,0.2501564,0.9798505,0.1381538,0.1442433,342.0346,-35.95399,-170.7902,85.60426,12.53374,39.32849,98.9654,1.93412,16.41101,3.237211,0.04419257,0.7701752,0.1666581,-0.1263602,-0.07965885,-0.9887809,-0.2730433,0.9610611,-0.0425324,0.9536669,0.2646056,-0.1431902,330.612,-34.64473,-172.4004,0,1.284577,0.450372,1.261206,3.601337e-43,356.2754,0.5125508,1
110,0.016743,1,100,0,0,0,0,91.28383,0,0,0.1156974,0.268761,-0.9562331,-0.171684,0.9536195,0.2472539,0.9783348,0.1355633,0.1564733,343.4505,-35.75168,-170.1087,80.76026,11.51147,39.52564,94.64173,1.425023,16.70895,4.202169,0.01053426,0.7843447,0.2286073,-0.1380529,-0.0806575,-0.9871352,-0.2717925,0.9615012,-0.04055222,0.9524024,0.2626976,-0.1546602,332.0498,-34.43125,-171.835,0,1.30132,0.4545578,1.974952,3.601337e-43,340.7102,0.4814205,1
111,0.016668,1,100,0,0,0,0,86.75581,0,0,0.1288178,0.2667381,-0.9551215,-0.1715278,0.9546222,0.2434646,0.9767215,0.1324673,0.1687253,344.7804,-35.56712,-169.4274,77.13386,11.06047,37.98537,90.28492,1.1702,16.22399,4.886771,-0.003105155,0.7604247,0.2744588,-0.1502786,-0.08099569,-0.9853203,-0.2695883,0.9622264,-0.03798039,0.9511774,0.2599231,-0.1664376,333.4052,-34.22721,-171.2787,0,1.317988,0.4587248,1.541464,3.601337e-43,325.0257,0.4500514,1
112,0.016972,1,100,0,0,0,0,83.21254,0,0,0.141892,0.2638535,-0.9540692,-0.1710002,0.9558645,0.2389183,0.9750003,0.1292454,0.1807485,346.0772,-35.38541,-168.7652,73.94813,10.64719,36.33319,86.49384,0.9886851,15.62784,5.474494,-0.0113554,0.7310497,0.3143211,-0.1620655,-0.08083329,-0.9834637,-0.266475,0.9631969,-0.03525496,0.9501188,0.2563549,-0.177641,334.7265,-34.02382,-170.7285,0,1.33496,0.4629678,1.611726,3.601337e-43,311.3778,0.4227557,1
113,0.016408,1,100,0,0,0,0,80.04271,0,0,0.1541683,0.2603571,-0.9531244,-0.1702066,0.9572343,0.2339488,0.9732736,0.1261606,0.1918897,347.2802,-35.21645,-168.1528,71.06133,10.20111,34.83499,83.05184,0.8428204,15.01294,5.963199,-0.01710137,0.7008557,0.3477886,-0.1729727,-0.08028746,-0.9816487,-0.2627496,0.9643141,-0.03257154,0.9492329,0.2522939,-0.1878955,335.9528,-33.8319,-170.216,0,1.351368,0.4670697,1.285039,3.601337e-43,298.9866,0.3979733,1
114,0.016634,1,100,0,0,0,0,77.13358,0,0,0.1661992,0.2561921,-0.9522309,-0.1691654,0.9587529,0.2284213,0.9714738,0.123121,0.2026828,348.4525,-35.05255,-167.5564,68.3125,9.701001,33.64268,79.91441,0.7478262,14.48605,6.402835,-0.01988964,0.6747615,0.3778403,-0.1835607,-0.07937999,-0.9797981,-0.2583548,0.9655895,-0.02982728,0.9484504,0.2476604,-0.1977525,337.1476,-33.64241,-169.7141,0,1.368002,0.4712282,1.37497,3.601337e-43,287.6919,0.3753837,1
115,0.016855,1,100,0,0,0,0,74.377,0,0,0.1780242,0.2514091,-0.9513679,-0.1679152,0.960393,0.2223731,0.9695936,0.1201614,0.2131886,349.5951,-34.89488,-166.9728,65.88151,9.228533,32.37497,76.99725,0.6918613,13.88857,6.750683,-0.01977169,0.6453449,0.4020876,-0.193962,-0.07816066,-0.9778904,-0.2533532,0.9669959,-0.02703794,0.9477293,0.2425073,-0.2073627,338.3129,-33.45631,-169.223,0,1.384857,0.475442,1.689759,3.601337e-43,277.1901,0.3543802,1
116,0.01655,1,100,0,0,0,0,71.88918,0,0,0.1892161,0.2462503,-0.9505567,-0.1665451,0.9620665,0.2160799,0.9677085,0.1174248,0.2230503,350.678,-34.74778,-166.4214,63.65757,8.743232,31.20431,74.32327,0.6525108,13.29018,7.015915,-0.0185535,0.6160336,0.4209439,-0.2038053,-0.07673395,-0.9759997,-0.2479952,0.9684551,-0.0243552,0.9470807,0.2370795,-0.2164059,339.4176,-33.27982,-168.7591,0,1.401407,0.4795795,1.823705,3.601337e-43,267.5638,0.3351275,1
117,0.016669,1,100,0,0,0,0,69.58878,0,0,0.200046,0.2406772,-0.9497663,-0.1650552,0.9637849,0.2094646,0.9657838,0.1148613,0.2325264,351.7327,-34.60767,-165.8859,61.62327,8.249193,30.11508,71.87007,0.6365923,12.69868,7.209352,-0.01584828,0.5871426,0.4350984,-0.2133364,-0.07509823,-0.9740883,-0.2422372,0.9699737,-0.02172832,0.9464717,0.231325,-0.2251223,340.4935,-33.10876,-168.3086,0,1.418076,0.4837467,1.82167,3.601337e-43,258.7322,0.3174645,1
118,0.016629,1,100,0,0,0,0,67.46482,0,0,0.2104038,0.2347949,-0.9490003,-0.1635654,0.965502,0.2026134,0.9638343,0.112593,0.2415496,352.7467,-34.47833,-165.3624,59.09707,7.453813,30.19081,69.62784,0.811437,12.62658,7.567327,-0.003311883,0.5818856,0.4585525,-0.2226526,-0.07337385,-0.9721327,-0.2362088,0.971512,-0.01922689,0.9458494,0.2253453,-0.2336412,341.5295,-32.94674,-167.8727,0,1.434705,0.487904,1.875445,3.601337e-43,250.6602,0.3013204,1
119,0.01675,1,100,0,0,0,0,65.09161,0,0,0.2207862,0.2284764,-0.9481837,-0.1620438,0.9672562,0.19534,0.9617671,0.1105189,0.25058,353.7281,-34.36037,-164.8378,57.19907,6.92883,29.35649,67.31083,0.8297015,12.15314,7.715167,0.001122001,0.5586349,0.4693762,-0.2322334,-0.07154736,-0.9700251,-0.2297774,0.9730988,-0.01676315,0.9451296,0.2189969,-0.242426,342.5351,-32.79358,-167.4435,0,1.451455,0.4920915,2.007734,3.601337e-43,242.319,0.284638,1
120,0.01667,1,100,0,0,0,0,63.13409,0,0,0.2307524,0.221961,-0.9473578,-0.1604829,0.9689813,0.1879377,0.9596868,0.1086677,0.2592157,354.6757,-34.25065,-164.333,55.5163,6.455726,28.44983,65.25593,0.8604982,11.62732,7.77186,0.006538152,0.5330796,0.4743903,-0.2413739,-0.06963858,-0.9679304,-0.2231517,0.9746764,-0.01447634,0.9444268,0.2125011,-0.2508014,343.5057,-32.64978,-167.0295,0,1.468125,0.496259,2.169272,3.601337e-43,234.9213,0.2698427,1
121,0.016685,1,100,0,0,0,0,61.35443,0,0,0.2403091,0.2153051,-0.9465175,-0.1589122,0.9706619,0.1804514,0.9576005,0.1070491,0.2674735,355.597,-34.14845,-163.8437,53.9741,6.00154,27.59198,63.37171,0.8975039,11.10529,7.756582,0.01228194,0.5078754,0.4747173,-0.2501235,-0.06768155,-0.9658454,-0.2163923,0.9762281,-0.01237034,0.9437227,0.2059074,-0.2588234,344.4495,-32.51458,-166.6274,0,1.48481,0.5004302,2.161306,3.601337e-43,228.1381,0.2562763,1
122,0.016698,1,100,0,0,0,0,59.70821,0,0,0.2494492,0.2085887,-0.9456564,-0.1573568,0.972279,0.1729527,0.9555178,0.1056626,0.275357,356.4939,-34.05362,-163.3686,52.54744,5.564475,26.80069,61.63128,0.9364526,10.59832,7.67518,0.01801839,0.4835593,0.4707167,-0.2584956,-0.06571257,-0.9637748,-0.2095809,0.9777355,-0.01045241,0.9430037,0.1992869,-0.2665124,345.3682,-32.38802,-166.2366,0,1.501508,0.5046047,1.368066,3.601337e-43,221.8726,0.2437452,1
123,0.016643,1,100,0,0,0,0,58.17773,0,0,0.258142,0.2019133,-0.9447719,-0.1558429,0.9738124,0.1655385,0.9534551,0.1045035,0.2828487,357.3642,-33.96604,-162.9082,51.10762,5.115997,26.25009,60.01629,0.9719278,10.19469,7.555412,0.02306537,0.4642658,0.4640122,-0.2664801,-0.06377667,-0.961728,-0.2028205,0.9791769,-0.008735333,0.9422591,0.1927304,-0.2738664,346.2599,-32.2705,-165.8578,0,1.518151,0.5087655,2.098718,3.601337e-43,216.0587,0.2321173,1
124,0.016684,1,100,0,0,0,0,56.68826,0,0,0.26651,0.1952959,-0.9438389,-0.1543667,0.9752643,0.1582101,0.9513901,0.1035328,0.2900649,358.2128,-33.88574,-162.4555,49.83977,4.730896,25.60521,58.48589,1.009394,9.742413,7.357657,0.02832898,0.4428619,0.4523599,-0.2742444,-0.06187997,-0.9596671,-0.196132,0.9805514,-0.007177879,0.941447,0.186253,-0.2810473,347.1303,-32.16151,-165.4867,0,1.534835,0.5129365,1.567106,3.601337e-43,210.5492,0.2210984,1
125,0.016698,1,100,0,0,0,0,55.33405,0,0,0.274496,0.1888263,-0.9428661,-0.1529599,0.9766195,0.1510549,0.9493445,0.1027567,0.296961,359.0417,-33.81144,-162.014,48.66987,4.378186,24.9894,57.07596,1.039865,9.296702,7.101788,0.03301667,0.4219482,0.4369346,-0.2816603,-0.06005923,-0.9576327,-0.1895972,0.9818447,-0.005813104,0.9405957,0.1799272,-0.2879338,347.9804,-32.06067,-165.1239,0,1.551533,0.5171109,2.057238,3.601337e-43,205.4734,0.2109469,1
126,0.016856,1,100,0,0,0,0,54.07524,0,0,0.2821641,0.1825166,-0.9418446,-0.1516259,0.9778814,0.144075,0.9473085,0.1021553,0.3035973,359.8592,-33.74218,-161.5788,47.58605,4.054301,24.42039,55.77463,1.062839,8.86706,6.791896,0.03706533,0.4019604,0.4179897,-0.288795,-0.05832303,-0.9556128,-0.183228,0.9830595,-0.004624989,0.939694,0.1737593,-0.2945891,348.8188,-31.96689,-164.7655,0,1.568389,0.5213249,1.756775,3.601337e-43,200.7887,0.2015773,1
127,0.016497,1,100,0,0,0,0,52.9068,0,0,0.2892978,0.1766129,-0.9408054,-0.1504117,0.9790102,0.1375333,0.9453482,0.10172,0.3097902,360.6416,-33.6795,-161.1625,46.54981,3.762662,23.90197,54.5415,1.067144,8.457951,6.443423,0.03971238,0.3831168,0.3965131,-0.2954584,-0.0567395,-0.9536691,-0.1772727,0.9841549,-0.003632023,0.9387644,0.1679864,-0.3008353,349.6212,-31.88244,-164.4219,0,1.584886,0.5254492,1.935997,3.601337e-43,196.3494,0.1926988,1
128,0.016696,1,100,0,0,0,0,51.79311,0,0,0.2961497,0.170934,-0.9397218,-0.1493726,0.9800389,0.1311934,0.9433893,0.1015158,0.3157711,361.4275,-33.61506,-160.7692,48.11492,4.053382,22.8676,53.42661,1.701688,7.856093,5.934827,0.08292945,0.3536473,0.3649049,-0.301473,-0.05534164,-0.9518673,-0.1715046,0.9851788,-0.002959873,0.9379233,0.1623573,-0.3064962,350.4229,-31.80154,-164.0876,0,1.601582,0.5296232,1.540812,3.601337e-43,192.3358,0.1846716,1
129,0.016634,1,100,0,0,0,0,53.02351,0,0,0.3024324,0.1657489,-0.9386492,-0.1490933,0.9808695,0.1251665,0.9414386,0.1020919,0.3213587,362.1915,-33.56834,-160.3174,46.17651,3.367468,24.09678,54.45998,1.775753,8.229558,5.840247,0.08737797,0.370997,0.3580812,-0.3083254,-0.05452916,-0.9497168,-0.1663853,0.9860574,-0.00259874,0.936617,0.1572177,-0.3130994,351.2139,-31.73331,-163.7305,0,1.618216,0.5337816,1.82822,3.601337e-43,196.0559,0.1921119,1
130,0.016716,1,100,0,0,0,0,51.55984,0,0,0.3089786,0.1606896,-0.937396,-0.148892,0.9816431,0.1191977,0.9393422,0.1027412,0.3272321,362.9563,-33.51785,-159.8932,45.03732,3.113791,23.97307,53.17265,1.969211,8.006922,5.524187,0.1012126,0.3604257,0.3381177,-0.3146307,-0.05389113,-0.947683,-0.1613055,0.986901,-0.002567885,0.9354079,0.1520586,-0.3192024,351.9987,-31.66971,-163.3808,0,1.634932,0.5379606,1.931384,3.601337e-43,191.4215,0.1828431,1
131,0.016661,1,100,0,0,0,0,50.47013,0,0,0.3152874,0.1559533,-0.9360943,-0.1488061,0.982327,0.1135361,0.9372571,0.1035001,0.3329222,363.7033,-33.46972,-159.4787,44.07552,2.975469,23.59313,52.06384,1.697209,7.669858,5.171492,0.08565161,0.3458786,0.316146,-0.3206567,-0.05344678,-0.9456865,-0.1565442,0.9876673,-0.002739462,0.9341698,0.1471633,-0.3250689,352.7647,-31.61248,-163.0372,0,1.651593,0.5421259,1.952334,3.601337e-43,187.4298,0.1748596,1
132,0.016709,1,100,0,0,0,0,49.47272,0,0,0.3213239,0.151549,-0.934764,-0.1485588,0.9829559,0.1082952,0.9352438,0.1040696,0.3383612,364.4373,-33.42315,-159.071,43.1972,2.884818,23.1914,51.04713,1.437159,7.324333,4.778415,0.07076781,0.3309814,0.2916419,-0.326409,-0.0529961,-0.9437417,-0.1521131,0.9883588,-0.002890703,0.9329087,0.1426119,-0.3306706,353.5177,-31.55967,-162.6971,0,1.668302,0.5463032,1.706269,3.601337e-43,183.7697,0.1675394,1
133,0.016698,1,100,0,0,0,0,48.54721,0,0,0.3270489,0.1475539,-0.9334168,-0.1483048,0.9835098,0.1035098,0.9332979,0.1045774,0.3435387,365.1565,-33.37828,-158.6705,42.36452,2.745722,22.80412,50.08256,1.533226,7.000822,4.296962,0.07841811,0.3163582,0.2613665,-0.3318686,-0.05262522,-0.9418566,-0.1480924,0.9889687,-0.003076362,0.9316286,0.1384609,-0.336001,354.2556,-31.51077,-162.3609,0,1.685,0.5504776,1.707486,3.601337e-43,180.2972,0.1605944,1
134,0.016687,1,100,0,0,0,0,47.65996,0,0,0.332463,0.1440398,-0.932052,-0.1482899,0.9839594,0.09916656,0.9313853,0.1052447,0.3484898,365.861,-33.33548,-158.2765,41.46007,2.611011,22.5961,49.15981,1.571399,6.772513,3.819227,0.08202763,0.306372,0.2311564,-0.3370542,-0.05249599,-0.9400206,-0.1445573,0.9894906,-0.003426139,0.9303213,0.134732,-0.3411006,354.9782,-31.46593,-162.0282,0,1.701687,0.5546494,1.757084,3.601337e-43,176.9753,0.1539506,1
135,0.01666,1,100,0,0,0,0,46.76461,0,0,0.3376342,0.1410156,-0.9306546,-0.1484583,0.9843174,0.09528725,0.9294965,0.1059912,0.3532742,366.5493,-33.29485,-157.8864,40.65493,2.539355,22.27902,48.24828,1.568736,6.50014,3.308447,0.08305833,0.294511,0.1989251,-0.3420601,-0.05257742,-0.938206,-0.1415191,0.9899279,-0.00387956,0.9289603,0.131447,-0.3460555,355.6847,-31.42493,-161.6983,0,1.718347,0.5588143,1.416617,3.601337e-43,173.6938,0.1473876,1
136,0.016686,1,100,0,0,0,0,45.92836,0,0,0.3425465,0.1385014,-0.9292359,-0.1487895,0.9845892,0.09190311,0.9276444,0.1067795,0.3578752,367.2256,-33.25496,-157.5019,39.89451,2.502524,21.95571,47.38596,1.524471,6.229792,2.781588,0.08134217,0.2829001,0.1656781,-0.3468075,-0.05286462,-0.9364454,-0.1389908,0.9902838,-0.004429418,0.9275808,0.1286212,-0.3507856,356.3784,-31.38679,-161.3705,0,1.735033,0.5629858,1.490745,3.601337e-43,170.5894,0.1411789,1
137,0.01681,1,100,0,0,0,0,45.13254,0,0,0.3472281,0.1365045,-0.9277928,-0.1492587,0.9847822,0.08902894,0.9258267,0.1075678,0.3623185,367.8944,-33.21514,-157.1202,39.17072,2.493459,21.64717,46.56857,1.44407,5.971,2.242719,0.07721058,0.2719597,0.1316616,-0.3513293,-0.05334398,-0.9347311,-0.1369801,0.9905611,-0.005044613,0.9261773,0.1262672,-0.3553201,357.0639,-31.35068,-161.0426,0,1.751843,0.5671883,2.191677,3.601337e-43,167.6468,0.1352937,1
138,0.01655,1,100,0,0,0,0,44.37668,0,0,0.3515897,0.1350593,-0.9263604,-0.1497639,0.9849085,0.08675416,0.9240972,0.1082335,0.3665107,368.541,-33.17569,-156.7498,38.46526,2.544426,21.35988,45.78012,1.156966,5.720622,1.747322,0.05978398,0.2618379,0.1004836,-0.3555468,-0.05393489,-0.933101,-0.1355219,0.9907584,-0.005628595,0.9247813,0.1244544,-0.3595704,357.7264,-31.31627,-160.722,0,1.768393,0.5713258,1.456097,3.601337e-43,164.8084,0.1296169,1
139,0.016683,1,100,0,0,0,0,43.64965,0,0,0.3557502,0.1340996,-0.9249104,-0.1501659,0.9849957,0.08505257,0.9224383,0.1086325,0.3705496,369.0564,-33.19761,-156.1686,36.27521,2.41756,20.64409,45.03386,1.100368,5.192763,0.9901804,0.05771398,0.2386851,0.05308573,-0.3640075,-0.05427812,-0.9298131,-0.1350684,0.9908239,-0.004962454,0.9215504,0.123782,-0.3679985,358.3103,-31.31092,-160.3191,0,1.785076,0.5754966,1.479872,3.601337e-43,162.1219,0.1242437,1
140,0.016946,1,100,0,0,0,0,41.37393,0,0,0.3594983,0.1338736,-0.9234927,-0.1507903,0.984983,0.08408764,0.9208817,0.1090244,0.3742865,369.6789,-33.15364,-155.8223,37.66133,2.948355,20.0313,42.75888,0.9678543,4.830408,0.3362742,0.05030394,0.2232784,0.01199677,-0.3663826,-0.05522463,-0.9288241,-0.134686,0.9908714,-0.005785692,0.9206647,0.1229798,-0.370476,358.9316,-31.28399,-159.9782,0,1.802022,0.5797331,1.812439,3.601337e-43,153.9319,0.1078639,1
141,0.016419,1,100,0,0,0,0,42.50052,0,0,0.3628012,0.1342811,-0.922141,-0.1514991,0.9848977,0.0838148,0.9194693,0.1092955,0.3776655,370.2904,-33.10896,-155.4729,36.47567,2.809138,20.71848,43.74646,0.9454171,5.067552,-0.503063,0.04849785,0.2360518,-0.04210097,-0.3688549,-0.05626884,-0.9277822,-0.1349987,0.9908249,-0.006421402,0.9196311,0.1228808,-0.3730668,359.5476,-31.25318,-159.6438,0,1.818441,0.5838379,2.278208,3.601337e-43,157.4873,0.1149745,1
142,0.016679,1,100,0,0,0,0,41.66994,0,0,0.3662056,0.1356003,-0.9206008,-0.1524959,0.9846952,0.08437983,0.9179531,0.1094875,0.3812794,370.8954,-33.06424,-155.1125,35.7859,2.889626,20.60004,42.99791,0.8665459,4.937751,-1.23489,0.04385067,0.2315806,-0.08860423,-0.3717001,-0.05762497,-0.9265627,-0.136254,0.9906495,-0.006950971,0.9182994,0.1236642,-0.3760762,360.161,-31.22074,-159.3062,0,1.83512,0.5880076,1.417005,3.601337e-43,154.7925,0.109585,1
143,0.016677,1,100,0,0,0,0,41.02053,0,0,0.3694189,0.1376574,-0.9190104,-0.1537511,0.9843909,0.08564663,0.9164553,0.1096594,0.3848176,371.4909,-33.01734,-154.7578,35.2025,2.967134,20.32984,42.32638,0.9357985,4.741099,-1.892647,0.04874027,0.2234902,-0.1302829,-0.3744188,-0.05924322,-0.9253653,-0.1382543,0.9903686,-0.007464747,0.9168949,0.1251408,-0.3790033,360.765,-31.18606,-158.9733,0,1.851797,0.5921769,1.774133,3.601337e-43,152.375,0.1047499,1
144,0.016683,1,100,0,0,0,0,40.41017,0,0,0.3724002,0.1403742,-0.9173948,-0.1553278,0.9839793,0.08750995,0.9149816,0.1099081,0.3882381,372.0776,-32.96886,-154.4084,34.66146,3.049804,20.04132,41.69396,0.9655708,4.536865,-2.508974,0.05108766,0.2150644,-0.1692938,-0.3769786,-0.06114918,-0.9242013,-0.1409229,0.9899881,-0.00801994,0.9154386,0.1272178,-0.3818217,361.3598,-31.14966,-158.6445,0,1.86848,0.5963476,2.312019,3.601337e-43,150.0983,0.1001965,1
145,0.016683,1,100,0,0,0,0,39.8306,0,0,0.3751482,0.1437035,-0.9157583,-0.1571749,0.9834667,0.08994041,0.9135424,0.1101933,0.3915324,372.6554,-32.91888,-154.0641,34.14679,3.129933,19.75934,41.0907,0.9627143,4.336685,-3.083473,0.05131457,0.2068322,-0.2056318,-0.3793685,-0.0633074,-0.9230773,-0.1442115,0.9895095,-0.008595156,0.9139379,0.1298576,-0.3845184,361.9451,-31.11169,-158.3196,0,1.885163,0.6005184,1.920718,3.601337e-43,147.9265,0.09585306,1
146,0.016683,1,100,0,0,0,0,39.27587,0,0,0.3776705,0.1476,-0.9141002,-0.1592481,0.9828572,0.09290707,0.9121431,0.1104804,0.3947012,373.2248,-32.86751,-153.7248,33.65447,3.205145,19.48833,40.51361,0.934052,4.14281,-3.614146,0.04986072,0.1988794,-0.2391718,-0.3815836,-0.0656832,-0.9219977,-0.148073,0.988934,-0.009169355,0.9123971,0.1330241,-0.3870869,362.5215,-31.07226,-157.998,0,1.901846,0.6046892,1.537932,3.601337e-43,145.849,0.091698,1
147,0.016679,1,100,0,0,0,0,38.74387,0,0,0.3799756,0.152015,-0.91242,-0.1615071,0.9821547,0.09637396,0.9107878,0.1107425,0.3977463,373.793,-32.81152,-153.4018,34.90238,3.660987,19.11223,39.96069,0.725243,3.878947,-4.010125,0.03708133,0.1878624,-0.2639135,-0.3833814,-0.06824971,-0.921065,-0.1524284,0.9882661,-0.009782888,0.910925,0.1366459,-0.389286,363.093,-31.02984,-157.6841,0,1.918525,0.6088589,2.335204,3.601337e-43,143.8585,0.08771695,1
148,0.016678,1,100,0,0,0,0,39.79591,0,0,0.3820398,0.1567986,-0.9107469,-0.1637371,0.9813944,0.1002772,0.9095253,0.1108132,0.4006055,374.3817,-32.74815,-153.0842,36.09295,4.079241,18.9062,40.94857,0.5337111,3.637608,-4.365349,0.02536197,0.1777865,-0.2860847,-0.384822,-0.07083961,-0.9202683,-0.157137,0.987523,-0.01030783,0.9095164,0.1406415,-0.3911521,363.6825,-30.98092,-157.3689,0,1.935203,0.6130285,1.974269,3.601337e-43,147.4149,0.09482971,1
149,0.016642,1,100,0,0,0,0,40.85341,0,0,0.3838798,0.1618973,-0.9090795,-0.165935,0.9805776,0.1045605,0.9083511,0.1107095,0.4032884,374.9887,-32.67815,-152.7699,37.23534,4.459383,18.84174,41.96866,0.3624888,3.41785,-4.677861,0.01489865,0.1685926,-0.3055646,-0.3859953,-0.0734279,-0.9195738,-0.1621549,0.9867071,-0.01072325,0.9081374,0.1449742,-0.3927709,364.2891,-30.92534,-157.0529,0,1.951845,0.617189,1.580786,3.601337e-43,151.0872,0.1021743,1
