# Wipeout Pulse PSP (USA), Talons Junction Time Trial, Assegai/Venom, PPSSPP 1.20.4.
# Captured with psp-trace.py --script verification/scenarios/steer-lean.inputs --script-lead 2 --warmup-hold cross --warmup 6.
# cam_lean is entity+0x844 and cam_lean_follower entity+0x848 (FUN_0883fab4); steer is the ramped entity+0x2c0.
tick,dt,steer,cam_lean,cam_lean_follower
0,0.016738,0,0,0
1,0.016687,0,0,0
2,0.01662,0,0,0
3,0.016717,0,0,0
4,0.016732,0,0,0
5,0.016641,0,0,0
6,0.017008,0,0,0
7,0.01642,0,0,0
8,0.016672,0,0,0
9,0.016634,0,0,0
10,0.016683,0,0,0
11,0.016684,0,0,0
12,0.016732,0,0,0
13,0.016684,0,0,0
14,0.016629,0,0,0
15,0.016736,0,0,0
16,0.016685,0,0,0
17,0.016845,0,0,0
18,0.016525,0,0,0
19,0.016683,0,0,0
20,0.016943,0,0,0
21,0.016422,0,0,0
22,0.016683,0,0,0
23,0.016629,0,0,0
24,0.016682,0,0,0
25,0.016685,0,0,0
26,0.016684,0,0,0
27,0.016741,0,0,0
28,0.016634,0,0,0
29,0.016679,0,0,0
30,0.016734,0,0,0
31,0.01692,0,0,0
32,0.016448,0,0,0
33,0.016683,0,0,0
34,0.016853,0,0,0
35,0.016506,0,0,0
36,0.016685,0,0,0
37,0.01668,0,0,0
38,0.016622,0,0,0
39,0.016686,0,0,0
40,0.01668,0,0,0
41,0.016676,0,0,0
42,0.01673,0,0,0
43,0.016626,0,0,0
44,0.016686,0,0,0
45,0.016881,0,0,0
46,0.01654,0,0,0
47,0.016681,0,0,0
48,0.016685,0,0,0
49,0.016681,0,0,0
50,0.016682,0,0,0
51,0.016686,0,0,0
52,0.01668,0,0,0
53,0.016683,0,0,0
54,0.016678,0,0,0
55,0.016712,0,0,0
56,0.016896,0,0,0
57,0.016511,0,0,0
58,0.016672,0,0,0
59,0.016848,0,0,0
60,0.016461,0,0,0
61,0.016735,8.3675,0.003629581,0.05422141
62,0.016684,16.7095,0.01061337,0.1082776
63,0.016682,25.0505,0.02073693,0.1623273
64,0.016683,33.392,0.0337926,0.2163802
65,0.016547,41.6655,0.04942619,0.2699925
66,0.016776,50.0535,0.06787446,0.3243467
67,0.016665,58.386,0.08857019,0.3783413
68,0.016663,66.7175,0.1114824,0.4323294
69,0.016682,75.0585,0.1361941,0.4818173
70,0.016865,83.491,0.1625809,0.5273412
71,0.016457,91.71951,0.1892503,0.5677181
72,0.016677,100.058,0.216984,0.6049986
73,0.016766,84.54945,0.245293,0.6391029
74,0.016605,92.85195,0.2734902,0.6698216
75,0.016693,101.1984,0.3018312,0.697934
76,0.016683,85.76668,0.3299698,0.723497
77,0.016681,94.10718,0.3577793,0.7467543
78,0.016735,102.4747,0.3852385,0.7679852
79,0.016744,86.98648,0.4121675,0.7873079
80,0.016687,95.32998,0.4383765,0.8048235
81,0.017363,104.0115,0.4649787,0.8214065
82,0.016041,89.17355,0.4887393,0.8352904
83,0.016724,97.53555,0.5128067,0.8485117
84,0.016918,105.9946,0.5363478,0.8606784
85,0.016448,90.78015,0.5583933,0.8714265
86,0.016673,99.11665,0.5799322,0.881354
87,0.016686,83.68211,0.6006537,0.8903946
88,0.016638,92.00111,0.6204824,0.898597
89,0.016726,100.3641,0.6395915,0.9061019
90,0.016626,84.98505,0.6577668,0.9128882
91,0.016681,93.32555,0.6752031,0.9190857
92,0.01668,101.6656,0.6918511,0.9247245
93,0.016718,86.20141,0.7077677,0.9298671
94,0.016635,94.51891,0.722856,0.9345223
95,0.016962,102.9999,0.7375103,0.9388425
96,0.016398,87.83176,0.7509649,0.9426366
97,0.016697,96.18026,0.7640015,0.9461578
98,0.016835,104.5978,0.7764854,0.9493879
99,0.016526,89.31121,0.7881055,0.9522705
100,0.016675,97.64871,0.799232,0.9549195
101,0.01668,105.9887,0.8097804,0.9573308
102,0.016679,90.56063,0.8197707,0.9595247
103,0.016687,98.90413,0.8292323,0.961522
104,0.016671,83.48345,0.838175,0.9633375
105,0.016692,91.82945,0.8466423,0.9649917
106,0.016608,100.1335,0.854604,0.9664893
107,0.016714,84.673,0.8621759,0.9678612
108,0.016649,92.99751,0.869297,0.9691044
109,0.01696,101.4775,0.8761461,0.970257
110,0.016401,86.30658,0.8823866,0.9712695
111,0.01669,94.65158,0.8883831,0.9722086
112,0.016677,102.9901,0.8940319,0.9730624
113,0.016677,87.56386,0.8993556,0.9738393
114,0.016647,95.88736,0.9043624,0.9745449
115,0.016684,104.2294,0.909089,0.9751886
116,0.01668,88.80036,0.9135383,0.9757742
117,0.016681,97.14086,0.9177265,0.976307
118,0.016677,105.4794,0.9216666,0.9767917
119,0.016699,90.03279,0.9253782,0.9772334
120,0.01691,98.48779,0.9289132,0.9776403
121,0.016434,83.28635,0.93214,0.9779996
122,0.017116,91.84435,0.9353031,0.9783407
123,0.016545,100.1168,0.9381711,0.9786399
124,0.016465,84.88672,0.9408543,0.978911
125,0.016642,93.20772,0.9434043,0.9791607
126,0.016673,101.5442,0.9458041,0.9793884
127,0.016697,86.09949,0.948061,0.9795959
128,0.016668,94.43349,0.9501761,0.9797843
129,0.016692,102.7795,0.9521644,0.979956
130,0.016663,87.36622,0.9540272,0.980112
131,0.016672,95.70222,0.9557762,0.9802541
132,0.01668,104.0422,0.957418,0.9803833
133,0.016909,88.4014,0.9589794,0.9805026
134,0.016863,96.8329,0.9604384,0.9806107
135,0.016387,105.0264,0.961767,0.9807062
136,0.016679,89.59832,0.9630364,0.9807947
137,0.016745,97.97082,0.9642313,0.9808756
138,0.016603,106.2723,0.9653416,0.9809486
139,0.016698,90.82667,0.9663885,0.9810154
140,0.016669,99.16116,0.9673678,0.9810761
141,0.016683,83.72939,0.9682862,0.9811313
142,0.016691,92.07488,0.9691471,0.9811816
143,0.016668,100.4089,0.9699526,0.9812273
144,0.016751,84.91421,0.9707108,0.9812691
145,0.016802,93.31521,0.971423,0.9813073
146,0.016608,101.6192,0.9720819,0.9813415
147,0.016639,86.22813,0.9727002,0.9813728
148,0.016984,94.72014,0.9732914,0.9814018
149,0.016402,102.9211,0.9738252,0.9814273
150,0.016619,87.54857,0.9743321,0.9814508
151,0.016691,95.89407,0.9748088,0.9814723
152,0.01675,104.2691,0.9752566,0.981492
153,0.016681,88.83914,0.9756738,0.9815097
154,0.016676,97.17714,0.9760641,0.981526
155,0.016611,105.4826,0.976428,0.9815406
156,0.016688,90.04623,0.9767702,0.981554
157,0.016716,98.40424,0.9770909,0.9815663
158,0.016699,82.95766,0.9773906,0.9815773
159,0.016929,91.42216,0.9776748,0.9815876
160,0.016435,99.63966,0.9779326,0.9815966
161,0.016672,84.21806,0.9781775,0.981605
162,0.016923,92.67957,0.9784101,0.9816127
163,0.016468,100.9136,0.9786215,0.9816195
164,0.016665,85.49844,0.9788218,0.9816259
165,0.0167,93.84844,0.9790094,0.9816316
166,0.016666,102.1814,0.9791846,0.9816368
167,0.016672,86.75984,0.9793484,0.9816415
168,0.016752,95.13584,0.9795024,0.9816459
169,0.016682,103.4768,0.9796457,0.9816498
170,0.016687,88.04137,0.9797797,0.9816534
171,0.016765,96.42387,0.9799055,0.9816567
172,0.016701,104.7744,0.9800227,0.9816597
173,0.016839,89.1983,0.9801332,0.9816623
174,0.016522,97.4593,0.9802344,0.9816648
175,0.016755,105.8368,0.9803304,0.981667
176,0.016759,90.33472,0.9804201,0.981669
177,0.016619,98.64423,0.9805033,0.9816709
178,0.016695,83.20135,0.9805813,0.9816725
179,0.016661,91.53185,0.9806542,0.9816741
180,0.016671,99.86736,0.9807223,0.9816754
181,0.016688,84.43095,0.980786,0.9816767
182,0.016653,92.75745,0.9808455,0.9816778
183,0.016672,101.0935,0.980901,0.9816789
184,0.016891,85.46928,0.9809536,0.9816799
185,0.01649,93.71428,0.9810016,0.9816807
186,0.016659,102.0438,0.9810469,0.9816815
187,0.016965,86.35115,0.98109,0.9816822
188,0.01642,94.56115,0.9811289,0.9816828
189,0.016693,102.9076,0.9811659,0.9816834
190,0.016687,87.47217,0.9812005,0.981684
191,0.016694,95.81917,0.9812328,0.9816844
192,0.016675,104.1567,0.981263,0.9816849
193,0.016743,88.6694,0.9812913,0.9816853
194,0.016675,97.0069,0.9813176,0.9816857
195,0.016643,105.3284,0.9813421,0.9816861
196,0.01667,89.90865,0.9813651,0.9816864
197,0.016674,98.24564,0.9813865,0.9816867
198,0.016952,82.56504,0.9814069,0.9816869
199,0.016432,90.78104,0.9814253,0.9816871
200,0.016666,99.11404,0.9814428,0.9816874
201,0.016742,83.62769,0.9814592,0.9816875
202,0.016602,91.9287,0.9814744,0.9816877
203,0.01668,100.2687,0.9814886,0.9816879
204,0.016678,84.84155,0.9815019,0.981688
205,0.016686,93.18455,0.9815144,0.9816881
206,0.016678,101.5235,0.981526,0.9816883
207,0.016686,86.089,0.9815369,0.9816884
208,0.01668,94.429,0.981547,0.9816885
209,0.016688,102.773,0.9815565,0.9816886
210,0.016663,87.35973,0.9815653,0.9816886
211,0.016686,71.92518,0.9797693,0.9546573
212,0.016964,56.23348,0.9762005,0.9271756
213,0.016502,40.96913,0.9711999,0.9004424
214,0.016688,25.53273,0.964672,0.8734078
215,0.016702,10.08338,0.9567672,0.8463506
216,0.016676,0,0.9475999,0.8193355
217,0.01668,0,0.9372393,0.7923139
218,0.016679,0,0.9257678,0.7652939
219,0.016642,0,0.9132907,0.7383339
220,0.016694,0,0.8998019,0.7112896
221,0.016689,0,0.8854127,0.6842534
222,0.016682,0,0.8701864,0.6572285
223,0.017008,0,0.853824,0.6296756
224,0.016306,0,0.8374812,0.6032599
225,0.016738,0,0.8199842,0.5761443
226,0.016903,0,0.8016463,0.5487614
227,0.01641,0,0.7833019,0.5221772
228,0.016683,0,0.764073,0.4951507
229,0.016657,0,0.7443573,0.4681664
230,0.016684,0,0.7241217,0.4411383
231,0.016743,0,0.7033533,0.4140147
232,0.016666,0,0.682265,0.3870157
233,0.016676,0,0.6607687,0.3600006
234,0.016675,0,0.6389056,0.3329871
235,0.016695,0,0.6166703,0.3059412
236,0.016684,0,0.5941297,0.2789131
237,0.016842,0,0.5711853,0.2535469
238,0.016532,0,0.5486837,0.230912
239,0.016686,0,0.5260857,0.2101058
240,0.016676,0,0.5037465,0.1911857
241,0.016682,0,0.4817407,0.1739632
242,0.016686,0,0.4601522,0.1582883
243,0.016684,0,0.4390553,0.1440276
244,0.01668,0,0.4185055,0.1310547
245,0.016679,0,0.3985405,0.1192511
246,0.016686,0,0.3791824,0.108506
247,0.016671,0,0.3604812,0.09873793
248,0.016822,0,0.3422655,0.08976869
249,0.016543,0,0.3250267,0.08174945
250,0.016688,0,0.3082957,0.07438259
251,0.016975,0,0.29195,0.06756431
252,0.016364,0,0.2768718,0.06159395
253,0.016657,0,0.2621592,0.05605371
254,0.016684,0,0.2480675,0.05100362
255,0.016722,0,0.2345782,0.04639806
256,0.016673,0,0.2217495,0.04222064
257,0.016659,0,0.2095333,0.03842253
258,0.016684,0,0.1978831,0.03496091
259,0.016698,0,0.1867906,0.03180851
260,0.01668,0,0.1762591,0.02894345
261,0.016698,0,0.1662453,0.02633365
262,0.017,0,0.1565669,0.02391622
263,0.016319,0,0.1477704,0.02180866
264,0.016684,0,0.1392331,0.01984384
265,0.01676,0,0.1311088,0.01804789
266,0.016608,0,0.1234904,0.0164293
267,0.016688,0,0.1162451,0.01494877
268,0.016682,0,0.1093959,0.01360214
269,0.016671,0,0.1029263,0.01237763
270,0.016689,0,0.09680721,0.01126215
271,0.016653,-8.3265,0.09038625,0.0004137112
272,0.01668,-16.6665,0.08372349,-0.009475178
273,0.01669,-1.228251,0.07690047,-0.01847875
274,0.016667,-9.561751,0.06999633,-0.02665957
275,0.01669,-17.90675,0.0630459,-0.03411438
276,0.017017,-2.166025,0.05596165,-0.04103022
277,0.016348,-10.34003,0.04922462,-0.04706364
278,0.016675,-18.67752,0.04242795,-0.05267447
279,0.0167,-3.230025,0.03573354,-0.05778772
280,0.01668,-11.57003,0.02918378,-0.06243429
281,0.016684,3.862674,0.02278733,-0.06666335
282,0.016669,-4.471826,0.01656678,-0.07050794
283,0.016695,-12.81933,0.01051793,-0.07401192
284,0.016681,2.6106,0.004665217,-0.07719734
285,0.016678,-5.728399,-0.0009893263,-0.08009529
286,0.016685,-14.0709,-0.006444923,-0.08273336
287,0.017003,1.656876,-0.01179982,-0.0851795
288,0.016368,-6.527124,-0.01674415,-0.08731807
289,0.016673,-14.86362,-0.02158331,-0.08930395
290,0.016981,0.8438005,-0.02630818,-0.09114441
291,0.016408,-7.3602,-0.03066952,-0.0927597
292,0.016677,-15.6987,-0.03491125,-0.09425601
293,0.016679,-0.2706251,-0.03896134,-0.09561772
294,0.016782,-8.661626,-0.04284826,-0.09686444
295,0.016621,-16.97213,-0.04651413,-0.0979873
296,0.016636,-1.583827,-0.05000743,-0.09901031
297,0.016689,-9.928328,-0.05334102,-0.09994438
298,0.016686,-18.27133,-0.05650823,-0.1007941
299,0.016687,-2.835853,-0.05951584,-0.1015673
300,0.016679,-11.17535,-0.06236826,-0.1022706
301,0.01698,4.531147,-0.06512267,-0.102922
302,0.016387,-3.662354,-0.06763777,-0.103493
303,0.016688,-12.00635,-0.07006656,-0.1040231
304,0.016918,3.642797,-0.07239755,-0.104512
305,0.016569,-4.641704,-0.07455481,-0.1049471
306,0.016678,-12.9807,-0.07660894,-0.1053459
307,0.016684,2.451996,-0.07855096,-0.1057089
308,0.016696,-5.896005,-0.08038674,-0.1060394
309,0.016669,-14.2305,-0.08211718,-0.1063397
310,0.016675,1.193871,-0.08375105,-0.106613
311,0.016738,-7.175129,-0.08529841,-0.1068626
312,0.016763,-15.55663,-0.08675958,-0.10709
313,0.016558,-0.2404785,-0.08811964,-0.1072943
314,0.016725,-8.602979,-0.089415,-0.1074823
315,0.017057,-17.13148,-0.09065959,-0.1076566
316,0.016273,-2.078953,-0.09177579,-0.1078076
317,0.016716,-10.43695,-0.0928572,-0.1079491
318,0.016698,-18.78595,-0.0938738,-0.1080777
319,0.016662,-3.373604,-0.09482824,-0.1081944
320,0.016698,-11.7226,-0.0957281,-0.1083008
321,0.016669,3.69622,-0.09657285,-0.1083975
322,0.016685,-4.646279,-0.09736791,-0.1084856
323,0.01669,-12.99128,-0.09811547,-0.1085658
324,0.016674,2.432172,-0.09881733,-0.1086386
325,0.016682,-5.908829,-0.0994771,-0.108705
326,0.017071,-14.44433,-0.1001114,-0.1087667
327,0.016299,0.632247,-0.1006792,-0.1088203
328,0.016676,-7.705752,-0.1012256,-0.1088702
329,0.016903,-16.15725,-0.1017456,-0.1089163
330,0.016465,-0.9271278,-0.1022205,-0.1089571
331,0.01668,-9.267128,-0.1026725,-0.1089947
332,0.016694,-17.61413,-0.103097,-0.109029
333,0.016628,-2.233228,-0.1034936,-0.1090601
334,0.016729,-10.59773,-0.103868,-0.1090885
335,0.016687,-18.94123,-0.1042182,-0.1091143
336,0.016618,-3.569576,-0.1045452,-0.1091377
337,0.016732,-11.93558,-0.104854,-0.1091592
338,0.016695,3.507298,-0.1051428,-0.1091786
339,0.01667,-4.827702,-0.1054131,-0.1091963
340,0.01703,-13.3427,-0.1056719,-0.1092127
341,0.016344,1.775497,-0.1059043,-0.1092271
342,0.016673,-6.561003,-0.1061268,-0.1092404
343,0.016748,-14.935,-0.1063362,-0.1092526
344,0.016629,0.4468222,-0.1065309,-0.1092636
345,0.016613,-7.859677,-0.1067132,-0.1092736
346,0.016729,-16.22418,-0.1068851,-0.1092827
347,0.016701,-0.7757511,-0.1070458,-0.109291
348,0.016609,-9.080251,-0.1071955,-0.1092986
349,0.016733,-17.44675,-0.1073367,-0.1093055
350,0.016694,-2.004801,-0.1074686,-0.1093117
351,0.016806,-10.4078,-0.1075929,-0.1093175
352,0.016506,-18.6608,-0.1077071,-0.1093226
353,0.016703,-3.210526,-0.1078154,-0.1093273
354,0.016955,-11.68803,-0.1079182,-0.1093317
355,0.016386,3.469025,-0.1080111,-0.1093355
356,0.016723,-4.892475,-0.1080999,-0.1093391
357,0.01667,-13.22748,-0.1081828,-0.1093423
358,0.016691,2.211699,-0.1082604,-0.1093453
359,0.016704,-6.140301,-0.1083331,-0.1093479
360,0.016675,-14.4778,-0.1084009,-0.1093504
361,0.016695,0.9650745,-0.1084645,-0.1093526
362,0.016674,-7.371926,-0.1085238,-0.1093546
363,0.016674,-15.70893,-0.1085794,-0.1093565
364,0.016679,-0.2808523,-0.1086313,-0.1093581
365,0.017103,-8.832352,-0.1086811,-0.1093597
366,0.01621,-16.93735,-0.1087252,-0.109361
367,0.01669,-1.499103,-0.1087678,-0.1093623
368,0.016974,-9.986103,-0.1088082,-0.1093634
369,0.016391,-18.1816,-0.1088447,-0.1093645
370,0.016734,-2.702652,-0.1088795,-0.1093654
371,0.016697,-11.05115,-0.108912,-0.1093663
372,0.016666,4.364899,-0.1089424,-0.1093671
373,0.016685,-3.977601,-0.1089708,-0.1093678
374,0.016695,-12.3251,-0.1089973,-0.1093684
375,0.016678,3.102049,-0.1090221,-0.109369
376,0.016631,-5.213451,-0.1090452,-0.1093696
377,0.016737,-13.58195,-0.109067,-0.10937
378,0.016673,1.840574,-0.1090872,-0.1093705
379,0.017092,-6.705426,-0.1091066,-0.1093709
380,0.016287,-14.84893,-0.1091238,-0.1093713
381,0.016617,0.5217981,-0.1091403,-0.1093716
382,0.016804,-7.880202,-0.1091559,-0.1093719
383,0.016578,-16.1692,-0.1091702,-0.1093722
384,0.016726,-0.6976509,-0.1091837,-0.1093724
385,0.016625,-9.010151,-0.1091963,-0.1093727
386,0.016693,-17.35665,-0.1092081,-0.1093729
387,0.016731,-1.880477,-0.1092191,-0.1093731
388,0.016679,-10.21998,-0.1092294,-0.1093732
389,0.016683,-18.56148,-0.109239,-0.1093734
390,0.016986,-2.849428,-0.1092482,-0.1093735
391,0.016364,-11.03143,-0.1092564,-0.1093737
392,0.016735,4.448447,-0.1092642,-0.1093738
393,0.016983,-4.043053,-0.1092717,-0.1093739
394,0.016374,-12.23005,-0.1092784,-0.109374
395,0.016684,3.202647,-0.1092848,-0.1093741
396,0.016622,-5.108353,-0.1092907,-0.1093742
397,0.016673,-13.44485,-0.1092963,-0.1093742
398,0.016683,1.986921,-0.1093015,-0.1093743
399,0.016738,-6.382078,-0.1093064,-0.1093744
400,0.016681,-14.72258,-0.1093109,-0.1093744
401,0.016683,0.7091961,-0.1093152,-0.1093745
402,0.016681,-7.631304,-0.1093191,-0.1093745
403,0.016687,-15.9748,-0.1093228,-0.1093746
404,0.01695,-0.2960539,-0.1093263,-0.1093746
405,0.016408,-8.500054,-0.1093295,-0.1093746
406,0.01668,-16.84005,-0.1093325,-0.1093747
407,0.016789,-1.310228,-0.1093354,-0.1093747
408,0.016514,-9.567228,-0.109338,-0.1093747
409,0.016702,-17.91823,-0.1093404,-0.1093748
410,0.016697,-2.473502,-0.1093427,-0.1093748
411,0.016718,-10.8325,-0.1093449,-0.1093748
412,0.01668,-19.1725,-0.1093469,-0.1093748
413,0.016683,-3.740728,-0.1093487,-0.1093748
414,0.016624,-12.05273,-0.1093505,-0.1093748
415,0.01687,3.552021,-0.1093521,-0.1093749
416,0.016515,-4.705479,-0.1093536,-0.1093749
417,0.016751,-13.08098,-0.109355,-0.1093749
418,0.016919,2.569096,-0.1093564,-0.1093749
419,0.016497,-5.679404,-0.1093576,-0.1093749
420,0.016661,-14.0099,-0.1093588,-0.1093749
421,0.016724,0,-0.1086991,-0.0994973
422,0.016627,0,-0.1074929,-0.09056386
423,0.016644,0,-0.1058239,-0.08242419
424,0.016678,0,-0.1037677,-0.07500097
425,0.016759,0,-0.1013843,-0.06821349
426,0.016683,0,-0.09876063,-0.06206825
427,0.016615,0,-0.09595195,-0.05649943
428,0.016733,0,-0.09296962,-0.05139424
429,0.01695,0,-0.08983187,-0.04669013
430,0.016414,0,-0.08672764,-0.04255172
431,0.016631,0,-0.08353467,-0.03873026
432,0.016933,0,-0.08026011,-0.03518884
433,0.016434,0,-0.07709202,-0.03206605
434,0.016627,0,-0.07390595,-0.02918698
435,0.016742,0,-0.0707345,-0.02654828
436,0.016685,0,-0.06762587,-0.0241563
437,0.016621,0,-0.0645917,-0.02198819
438,0.016733,0,-0.06160718,-0.02000138
439,0.01669,0,-0.05870923,-0.01819874
440,0.016684,0,-0.0558963,-0.01655915
441,0.016672,0,-0.05317357,-0.01506835
442,0.016623,0,-0.05054994,-0.01371575
443,0.016931,0,-0.04797046,-0.01246175
444,0.016503,0,-0.04555314,-0.01135121
445,0.01668,0,-0.04320297,-0.01032878
446,0.016854,0,-0.04092335,-0.009388745
447,0.016466,0,-0.03879137,-0.008553931
448,0.016723,0,-0.03671706,-0.007781476
449,0.016632,0,-0.03474554,-0.0070826
450,0.016682,0,-0.03285708,-0.006444579
451,0.016732,0,-0.03105037,-0.005862293
452,0.016683,0,-0.02933428,-0.00533417
453,0.016643,0,-0.02770463,-0.004854776
454,0.016759,0,-0.02614341,-0.004415425
455,0.016642,0,-0.02467061,-0.004018625
456,0.016669,0,-0.0232695,-0.003656898
457,0.016907,0,-0.02192056,-0.003323032
458,0.016407,0,-0.02068072,-0.003028618
459,0.016741,0,-0.01948033,-0.002754827
460,0.016755,0,-0.01834268,-0.002505578
461,0.016605,0,-0.01727586,-0.002280911
462,0.016681,0,-0.01626163,-0.002075452
463,0.016682,0,-0.01530254,-0.00188849
464,0.016682,0,-0.01439609,-0.001718369
465,0.016641,0,-0.01354193,-0.001563954
466,0.01671,0,-0.01273189,-0.001422832
467,0.016674,0,-0.01196908,-0.001294721
468,0.016939,0,-0.0112378,-0.001176292
469,0.016414,0,-0.01057036,-0.001072031
470,0.01674,0,-0.009927861,-0.0009751234
471,0.01699,0,-0.009313353,-0.0008856598
472,0.016368,0,-0.00875645,-0.0008073788
473,0.016729,0,-0.00821965,-0.000734443
474,0.016685,0,-0.007715671,-0.0006682704
475,0.016695,0,-0.007241022,-0.0006080238
476,0.016673,0,-0.006795004,-0.0005532809
477,0.016679,0,-0.006375256,-0.0005034488
478,0.016677,0,-0.005980535,-0.0004581103
479,0.016636,0,-0.005610312,-0.0004169562
