tick,dt,grounded,throttle,brake,steer,airbrake_l,airbrake_r,speed_cached,stun_timer,timer_2e0,right_x,right_y,right_z,up_x,up_y,up_z,fwd_x,fwd_y,fwd_z,pos_x,pos_y,pos_z,vel_x,vel_y,vel_z,speed,avel_x,avel_y,avel_z,omega_x,omega_y,omega_z
0,0.016373,1,0,0,0,0,0,0.001457096,0,0,-0.0188732,-0.01914353,-0.9996386,-0.005033726,0.9998058,-0.0190517,0.9998092,0.004672341,-0.01896589,6.07941,-50.06461,-195.9884,0.0004948848,0.00466421,-0.0204238,0.02095546,0.0005890917,-0.114668,-0.0001750215,-1.321705e-06,-0.005309286,-1.680149e-06
1,0.016692,1,0,0,0,0,0,0.0009039388,0,0,-0.01896181,-0.01914392,-0.9996369,-0.005033709,0.9998058,-0.01905167,0.9998075,0.004670627,-0.01905449,6.079409,-50.06459,-195.9885,-0.00116114,-0.005156337,0.01420772,0.015159,0.0006041608,-0.1146989,-0.0001788536,-3.671313e-07,-0.005310708,-1.926695e-06
2,0.016672,1,0,0,0,0,0,0.001455721,0,0,-0.01905032,-0.0191443,-0.9996352,-0.005033698,0.9998058,-0.01905164,0.9998058,0.004668922,-0.01914299,6.079398,-50.06462,-195.9884,0.0004132087,0.004538758,-0.02069907,0.02119487,0.0005905682,-0.1146701,-0.0001825616,-1.229324e-06,-0.005309375,-2.170286e-06
3,0.016691,1,100,0,0,0,0,0.0008305617,0,0,-0.01913893,-0.01914468,-0.9996336,-0.005033686,0.9998058,-0.0190516,0.9998041,0.004667215,-0.01923159,6.082553,-50.06458,-195.9887,0.5662301,-0.002329301,0.003146572,0.5662436,0.0006152964,-0.1147016,-0.0001861539,3.441077e-07,-0.005310829,-2.401388e-06
4,0.016695,1,100,0,0,0,0,0.5660478,0,0,-0.01922758,-0.01914505,-0.9996319,-0.005033871,0.9998059,-0.01905156,0.9998025,0.004665703,-0.01932022,6.095026,-50.06461,-195.9887,1.108645,-0.001174792,-0.01180739,1.108708,0.001114105,-0.1146731,-0.0001895478,3.232472e-05,-0.005309338,-2.623611e-06
5,0.016664,1,100,0,0,0,0,1.108649,0,0,-0.01931603,-0.01914542,-0.9996302,-0.005034764,0.9998059,-0.0190515,0.9998008,0.004664903,-0.01940867,6.116557,-50.06462,-195.989,1.658939,0.0001213454,-0.02567886,1.659137,0.002109011,-0.1146546,-0.0001927804,9.609983e-05,-0.005308142,-2.832415e-06
6,0.016685,1,100,0,0,0,0,1.659107,0,0,-0.01940457,-0.01914578,-0.9996284,-0.005036913,0.9998059,-0.01905141,0.9997991,0.004665357,-0.01949724,6.14735,-50.06461,-195.9895,2.218897,0.001632059,-0.03911696,2.219243,0.003638396,-0.114643,-0.0001957166,0.0001941305,-0.005307084,-3.018235e-06
7,0.016691,1,100,0,0,0,0,2.219222,0,0,-0.01949313,-0.01914615,-0.9996268,-0.005040885,0.9998059,-0.01905128,0.9997975,0.004667635,-0.01958585,6.187553,-50.06458,-195.9902,2.788132,0.003377249,-0.05232256,2.788625,0.005693287,-0.1146366,-0.0001875452,0.0003258424,-0.005306086,-2.487041e-06
8,0.016683,1,100,0,0,0,0,2.788608,0,0,-0.01958162,-0.01914653,-0.9996251,-0.00504723,0.999806,-0.01905113,0.999796,0.004672285,-0.01967446,6.237283,-50.06451,-195.9911,3.366257,0.005369575,-0.06540819,3.366897,0.00824398,-0.1146339,-0.000179427,0.0004893318,-0.005305094,-1.953306e-06
9,0.016711,1,100,0,0,0,0,3.366882,0,0,-0.01967025,-0.01914691,-0.9996232,-0.005056492,0.9998059,-0.01905091,0.9997939,0.004679851,-0.01976324,6.296813,-50.06441,-195.9923,3.954613,0.007598345,-0.07848746,3.9554,0.01129512,-0.1146342,-0.0001819923,0.0006848969,-0.005304068,-2.097393e-06
10,0.016879,1,100,0,0,0,0,3.955385,0,0,-0.01975975,-0.01914729,-0.9996215,-0.005069329,0.9998058,-0.01905061,0.9997922,0.004690975,-0.01985298,6.366961,-50.06427,-195.9937,4.55834,0.01008145,-0.09173518,4.559274,0.01484474,-0.1146366,-0.0001841236,0.0009124117,-0.005302969,-2.20539e-06
11,0.016461,1,100,0,0,0,0,4.55926,0,0,-0.01984701,-0.01914766,-0.9996197,-0.005085716,0.9998056,-0.01905024,0.9997901,0.004705691,-0.01994053,6.445278,-50.06408,-195.9953,5.156514,0.01272794,-0.1047407,5.157594,0.01874528,-0.1146405,-0.0001856551,0.001162419,-0.005301817,-2.266867e-06
12,0.016684,1,100,0,0,0,0,5.15758,0,0,-0.01993544,-0.01914804,-0.9996179,-0.005106649,0.9998056,-0.01904979,0.9997883,0.004724932,-0.02002934,6.534733,-50.06385,-195.9971,5.772165,0.01561457,-0.1180494,5.773393,0.02307282,-0.1146453,-0.0001866341,0.001439795,-0.005300569,-2.28286e-06
13,0.01685,1,100,0,0,0,0,5.773382,0,0,-0.02002472,-0.01914842,-0.9996161,-0.005132605,0.9998055,-0.01904923,0.9997864,0.004749179,-0.0201191,6.63554,-50.06357,-195.9992,6.403611,0.01872833,-0.1316537,6.404991,0.02779805,-0.1146509,-0.0001868141,0.001742661,-0.005299217,-2.236587e-06
14,0.016514,1,100,0,0,0,0,6.404981,0,0,-0.02011221,-0.01914881,-0.9996145,-0.005163113,0.9998054,-0.01904858,0.9997847,0.004778014,-0.02020716,6.74475,-50.06324,-196.0014,7.032119,0.02195517,-0.1451751,7.033651,0.03271567,-0.1146568,-0.0001861763,0.002057858,-0.005297811,-2.128079e-06
15,0.016688,1,100,0,0,0,0,7.033643,0,0,-0.02020058,-0.0191492,-0.9996126,-0.00519932,0.999805,-0.01904781,0.9997824,0.004812529,-0.0202962,6.865688,-50.06286,-196.0039,7.676883,0.02537976,-0.1590502,7.678573,0.0379723,-0.1146628,-0.0001845932,0.002394785,-0.005296299,-1.946605e-06
16,0.016683,1,100,0,0,0,0,7.678563,0,0,-0.02028891,-0.01914959,-0.9996108,-0.00524122,0.9998049,-0.01904693,0.9997804,0.004852739,-0.02038532,6.997401,-50.06242,-196.0067,8.331259,0.02895152,-0.1731538,8.333109,0.04346338,-0.1146687,-0.0001819329,0.002746738,-0.005294702,-1.683869e-06
17,0.016678,1,100,0,0,0,0,8.333099,0,0,-0.02037719,-0.01914999,-0.999609,-0.005289041,0.9998047,-0.01904592,0.9997784,0.00489887,-0.0204745,7.140042,-50.06191,-196.0096,8.995309,0.03265024,-0.1875026,8.997322,0.04913167,-0.1146745,-0.0001887923,0.00311005,-0.005293039,-2.018744e-06
18,0.016684,1,100,0,0,0,0,8.997315,0,0,-0.02046547,-0.01915039,-0.9996072,-0.005342998,0.9998044,-0.01904478,0.9997764,0.004951139,-0.02056379,7.293869,-50.06135,-196.0128,9.669535,0.03645762,-0.2021205,9.671716,0.05496869,-0.11468,-0.0001939669,0.003484177,-0.005291301,-2.232529e-06
19,0.016686,1,100,0,0,0,0,9.671709,0,0,-0.02055373,-0.0191508,-0.9996054,-0.005403249,0.9998041,-0.0190435,0.9997742,0.005009701,-0.02065318,7.459021,-50.06072,-196.0163,10.35385,0.0403646,-0.2170173,10.3562,0.06093504,-0.1146852,-0.0001866577,0.003866595,-0.00528951,-1.632679e-06
20,0.016683,1,100,0,0,0,0,10.3562,0,0,-0.02064195,-0.01915121,-0.9996036,-0.005469897,0.9998038,-0.0190421,0.9997721,0.005074663,-0.02074265,7.635615,-50.06002,-196.02,11.04811,0.04434307,-0.2321992,11.05064,0.06698707,-0.11469,-0.0001885415,0.004254504,-0.00528767,-1.608532e-06
21,0.016687,1,100,0,0,0,0,11.05064,0,0,-0.02073016,-0.0191503,-0.9996017,-0.005540957,0.9998034,-0.01903926,0.9997697,0.005144063,-0.0208322,7.823903,-50.05925,-196.024,11.75428,0.04966138,-0.2484882,11.75702,0.06729817,-0.1146941,-0.00392791,0.004274436,-0.005287413,-0.0002411657
22,0.016681,1,100,0,0,0,0,11.75701,0,0,-0.02081837,-0.01914545,-0.9996,-0.005612081,0.9998032,-0.01903246,0.9997676,0.005213611,-0.02092172,8.023958,-50.05839,-196.0282,12.47042,0.05523552,-0.264953,12.47335,0.06715271,-0.1146984,-0.007537611,0.004265116,-0.005287332,-0.0004724117
23,0.016683,1,100,0,0,0,0,12.47335,0,0,-0.02090661,-0.01913681,-0.9995984,-0.00568285,0.9998031,-0.01902187,0.9997656,0.005282885,-0.02101125,8.236043,-50.05744,-196.0328,13.19691,0.06101788,-0.2816253,13.20006,0.06664526,-0.1147006,-0.01099115,0.004232601,-0.005287283,-0.0006936481
24,0.016863,1,100,0,0,0,0,13.20006,0,0,-0.02099582,-0.0191244,-0.9995967,-0.005753675,0.9998028,-0.01900749,0.9997631,0.005352276,-0.02110171,8.46277,-50.05637,-196.0376,13.9417,0.0670277,-0.2987067,13.94506,0.06591836,-0.1146988,-0.01429728,0.004186031,-0.005287131,-0.0009054363
25,0.0165,1,100,0,0,0,0,13.94506,0,0,-0.02108315,-0.01910688,-0.9995952,-0.005818298,0.9998029,-0.01898813,0.999761,0.005415613,-0.02119017,8.69686,-50.05525,-196.0426,14.6786,0.07061378,-0.316696,14.68219,0.05441907,-0.1146908,-0.02296157,0.003448994,-0.005289843,-0.001460726
26,0.017243,1,100,0,0,0,0,14.68219,0,0,-0.02117453,-0.01907901,-0.9995938,-0.005872463,0.9998031,-0.0189586,0.9997587,0.005468638,-0.0212824,8.954452,-50.05401,-196.0482,15.45936,0.07409095,-0.3355551,15.46318,0.04168307,-0.1146762,-0.03159425,0.002632713,-0.005292655,-0.002014015
27,0.016244,1,100,0,0,0,0,15.46318,0,0,-0.0212607,-0.0190441,-0.9995926,-0.005910184,0.9998035,-0.01892241,0.9997566,0.005505472,-0.02136908,9.209614,-50.05279,-196.0538,16.20547,0.07710379,-0.3534158,16.2095,0.02933913,-0.1146515,-0.03926851,0.00184158,-0.005294948,-0.002505901
28,0.016567,1,100,0,0,0,0,16.2095,0,0,-0.02134867,-0.01900049,-0.9995916,-0.005935273,0.9998043,-0.01887777,0.9997546,0.005529833,-0.02145727,9.482348,-50.0515,-196.0597,16.97663,0.07993453,-0.3717608,16.98089,0.01670016,-0.114612,-0.04660289,0.00103156,-0.005296675,-0.002976026
29,0.016669,1,100,0,0,0,0,16.98088,0,0,-0.02143726,-0.01894894,-0.9995907,-0.005946897,0.9998052,-0.01882547,0.9997527,0.005540897,-0.02154577,9.769702,-50.05015,-196.066,17.7631,0.08253963,-0.3903795,17.76758,0.004195223,-0.1145544,-0.0534375,0.0002301535,-0.005297554,-0.003414143
30,0.016683,1,100,0,0,0,0,17.76758,0,0,-0.02152597,-0.01889025,-0.9995898,-0.005945172,0.9998062,-0.01876631,0.9997506,0.00553877,-0.0216341,10.07048,-50.04876,-196.0726,18.56092,0.08491661,-0.4092022,18.56563,-0.007850106,-0.1144762,-0.0597056,-0.0005417716,-0.005297367,-0.003815978
31,0.016684,1,100,0,0,0,0,18.56562,0,0,-0.02161471,-0.01882507,-0.9995893,-0.00593065,0.9998077,-0.01870094,0.9997491,0.005523998,-0.0217222,10.38465,-50.04733,-196.0796,19.36956,0.08708988,-0.4282383,19.37449,-0.01927121,-0.1143751,-0.06537294,-0.001273665,-0.00529596,-0.004179326
32,0.016684,1,100,0,0,0,0,19.37448,0,0,-0.02170346,-0.01875404,-0.9995886,-0.005904058,0.9998091,-0.01862999,0.9997472,0.005497294,-0.02181004,10.71237,-50.04587,-196.0868,20.189,0.08907541,-0.4475078,20.19416,-0.02992808,-0.1142497,-0.07040615,-0.001956554,-0.00529322,-0.004502052
33,0.016688,1,100,0,0,0,0,20.19415,0,0,-0.02179219,-0.01867785,-0.9995881,-0.00586626,0.9998108,-0.01855412,0.9997454,0.005459508,-0.02189764,11.0539,-50.04437,-196.0944,21.01952,0.09090177,-0.4670345,21.0249,-0.03971266,-0.1140988,-0.0747905,-0.002583513,-0.005289059,-0.004783208
34,0.016684,1,100,0,0,0,0,21.02489,0,0,-0.02188086,-0.01859721,-0.9995877,-0.005818238,0.9998125,-0.01847403,0.9997438,0.005411612,-0.02198496,11.40927,-50.04284,-196.1023,21.86075,0.09259232,-0.4868267,21.86637,-0.04857097,-0.1139217,-0.07852476,-0.003151084,-0.005283434,-0.005022714
35,0.016995,1,100,0,0,0,0,21.86635,0,0,-0.02197109,-0.01851121,-0.9995873,-0.005759883,0.9998145,-0.01838882,0.9997423,0.005353483,-0.02207364,11.78571,-50.04126,-196.1107,22.72881,0.09421084,-0.5072804,22.73466,-0.05661735,-0.1137144,-0.08165263,-0.003666591,-0.005276188,-0.005223366
36,0.016374,1,100,0,0,0,0,22.73465,0,0,-0.02205791,-0.01842534,-0.9995869,-0.005695587,0.9998163,-0.01830388,0.9997405,0.005289489,-0.0221588,12.1625,-50.03971,-196.1191,23.57613,0.09569732,-0.5272855,23.58222,-0.06340196,-0.1134885,-0.08399184,-0.004101219,-0.005267731,-0.005373477
37,0.016675,1,100,0,0,0,0,23.5822,0,0,-0.02214618,-0.0183356,-0.9995866,-0.005623091,0.9998183,-0.01821527,0.9997389,0.005217368,-0.02224526,12.56049,-50.03811,-196.128,24.44983,0.09716782,-0.5479681,24.45616,-0.06939223,-0.1132332,-0.08572584,-0.004484915,-0.005257703,-0.00548481
38,0.016926,1,100,0,0,0,0,24.45614,0,0,-0.02223562,-0.01824289,-0.9995863,-0.005539512,0.9998205,-0.01812393,0.9997375,0.005134224,-0.02233268,12.9794,-50.03644,-196.1374,25.34918,0.1009657,-0.5693419,25.35578,-0.08493576,-0.1129482,-0.08669344,-0.005480925,-0.005249469,-0.005547049
39,0.016458,1,100,0,0,0,0,25.35576,0,0,-0.02232244,-0.01815194,-0.999586,-0.005442028,0.9998226,-0.0180347,0.999736,0.005037197,-0.02241726,13.40145,-50.03476,-196.1469,26.23475,0.1049858,-0.5904729,26.2416,-0.09991541,-0.1126474,-0.08699478,-0.006440794,-0.005240358,-0.005566613
40,0.016681,1,100,0,0,0,0,26.24159,0,0,-0.02241022,-0.01805977,-0.9995858,-0.005337361,0.9998249,-0.01794443,0.9997348,0.004933012,-0.02250269,13.84415,-50.03295,-196.1569,27.14692,0.1156674,-0.6123726,27.15407,-0.086406,-0.1123222,-0.08631857,-0.005574597,-0.005221008,-0.005523482
41,0.016677,1,100,0,0,0,0,27.15407,0,0,-0.02249764,-0.01796855,-0.9995856,-0.005248262,0.9998271,-0.01785477,0.9997337,0.004844397,-0.02258805,14.30201,-50.03095,-196.1672,28.07001,0.1276522,-0.6346663,28.07747,-0.06984219,-0.1119767,-0.08505318,-0.004512615,-0.005199802,-0.005442542
42,0.016677,1,100,0,0,0,0,28.07748,0,0,-0.02258467,-0.01787887,-0.9995852,-0.005177722,0.9998289,-0.01776624,0.9997317,0.00477433,-0.02267338,14.77533,-50.02875,-196.1779,29.0042,0.1407675,-0.6573624,29.01199,-0.05095502,-0.1116127,-0.08321469,-0.003301712,-0.005177081,-0.005324835
43,0.016709,1,100,0,0,0,0,29.01199,0,0,-0.02267147,-0.01779117,-0.9995847,-0.005127907,0.9998307,-0.01767924,0.9997301,0.004724964,-0.02275887,15.26523,-50.02632,-196.189,29.95127,0.1548604,-0.6805078,29.9594,-0.0304116,-0.1112318,-0.08083,-0.001984644,-0.005153126,-0.005172072
44,0.01666,1,100,0,0,0,0,29.9594,0,0,-0.0227576,-0.01770644,-0.9995843,-0.005100545,0.9998324,-0.01759471,0.9997283,0.004698012,-0.0228441,15.76953,-50.02366,-196.2005,30.90659,0.1696813,-0.7039923,30.91507,-0.008979258,-0.1108382,-0.07794508,-0.0006105987,-0.005128375,-0.004987194
45,0.016688,1,100,0,0,0,0,30.91507,0,0,-0.02284344,-0.01762483,-0.9995837,-0.005096271,0.9998338,-0.01751277,0.9997262,0.004694098,-0.02292946,16.29068,-50.02074,-196.2124,31.87447,0.1851176,-0.7279254,31.88332,0.01285162,-0.1104327,-0.07458804,0.0007889892,-0.005103017,-0.00477201
46,0.016684,1,100,0,0,0,0,31.88331,0,0,-0.02292881,-0.01754698,-0.9995832,-0.005115372,0.9998351,-0.01743406,0.9997243,0.004713498,-0.02301479,16.82792,-50.01757,-196.2247,32.85305,0.200968,-0.7522639,32.86227,0.03454413,-0.1100185,-0.07079444,0.002179705,-0.005077367,-0.004528796
47,0.016677,1,100,0,0,0,0,32.86225,0,0,-0.0230137,-0.01747336,-0.9995825,-0.005157532,0.9998361,-0.01735905,0.9997221,0.004755883,-0.02310004,17.3813,-50.01413,-196.2374,33.84204,0.2170587,-0.7770048,33.85165,0.05565389,-0.1095983,-0.06659944,0.003533063,-0.005051688,-0.004259809
48,0.016677,1,100,0,0,0,0,33.85162,0,0,-0.02309811,-0.01740232,-0.9995819,-0.00523016,0.9998372,-0.01728591,0.9997199,0.004828701,-0.02318536,17.95123,-50.01044,-196.2504,34.83954,0.2281235,-0.8031604,34.84954,0.09879868,-0.1091755,-0.06776625,0.006298792,-0.00501862,-0.004334431
49,0.016983,1,100,0,0,0,0,34.84951,0,0,-0.02318352,-0.0173289,-0.9995812,-0.005351515,0.9998379,-0.01720923,0.9997174,0.004950304,-0.0232725,18.54872,-50.00651,-196.2642,35.8662,0.2386113,-0.8300055,35.8766,0.1432355,-0.1087449,-0.06841997,0.009147346,-0.004984895,-0.004376065
50,0.016388,1,100,0,0,0,0,35.87657,0,0,-0.02326547,-0.01725497,-0.9995805,-0.005503236,0.9998382,-0.01713133,0.9997144,0.005102359,-0.02335666,19.14195,-50.00258,-196.278,36.86451,0.2407775,-0.8574268,36.87526,0.1534753,-0.1083262,-0.07594477,0.009803952,-0.00496168,-0.00485814
51,0.016695,1,100,0,0,0,0,36.87523,0,0,-0.02334863,-0.01717184,-0.9995801,-0.005667467,0.9998389,-0.01704391,0.9997118,0.005267135,-0.02344219,19.76312,-49.99856,-196.2924,37.89175,0.2412678,-0.8853416,37.90286,0.1606157,-0.1078996,-0.08285725,0.01026192,-0.004939101,-0.005300947
52,0.016756,1,100,0,0,0,0,37.90285,0,0,-0.02343176,-0.01708128,-0.9995795,-0.005838716,0.9998394,-0.01694885,0.9997085,0.00543912,-0.02352773,20.40385,-49.99453,-196.3074,38.93313,0.2402205,-0.9133952,38.94459,0.1647508,-0.1074669,-0.0890044,0.01052727,-0.004917215,-0.005694689
53,0.016603,1,100,0,0,0,0,38.94458,0,0,-0.02351383,-0.01698533,-0.9995793,-0.006011714,0.9998401,-0.01684834,0.9997057,0.005613016,-0.02361218,21.05602,-49.99055,-196.3228,39.97524,0.2378618,-0.9412792,39.98703,0.1662351,-0.1070298,-0.09428687,0.01062272,-0.004896005,-0.006033005
54,0.016683,1,100,0,0,0,0,39.98704,0,0,-0.023596,-0.01688357,-0.9995792,-0.006186213,0.999841,-0.01674195,0.9997029,0.005788567,-0.02369669,21.72881,-49.9866,-196.3386,41.03249,0.2344026,-0.9694285,41.04461,0.1655028,-0.1065795,-0.09876679,0.01057611,-0.004874916,-0.006319878
55,0.016685,1,100,0,0,0,0,41.04463,0,0,-0.02367787,-0.01677731,-0.999579,-0.00635918,0.9998416,-0.01663108,0.9996997,0.005962714,-0.02378081,22.41937,-49.98271,-196.3549,42.09995,0.2300729,-0.9977511,42.1124,0.1629205,-0.1061158,-0.1024194,0.01041093,-0.004853832,-0.00655373
56,0.016715,1,100,0,0,0,0,42.1124,0,0,-0.02375964,-0.0166674,-0.9995787,-0.006512896,0.9998423,-0.01651698,0.9996964,0.006117715,-0.02386445,23.12911,-49.97884,-196.3718,43.18297,0.2351557,-1.026509,43.1958,0.1135395,-0.1056332,-0.1048794,0.007246078,-0.004845904,-0.006711261
57,0.016674,1,100,0,0,0,0,43.1958,0,0,-0.02384112,-0.01655544,-0.9995788,-0.006611763,0.9998437,-0.01640213,0.9996941,0.006217932,-0.02394686,23.8552,-49.97488,-196.389,44.27327,0.2412817,-1.055468,44.28651,0.05951361,-0.1051359,-0.106506,0.003783501,-0.004838658,-0.006815487
58,0.016684,1,100,0,0,0,0,44.2865,0,0,-0.02392244,-0.01644212,-0.9995787,-0.006675275,0.9998453,-0.01628675,0.9996918,0.006282844,-0.02402849,24.6,-49.97073,-196.4068,45.37857,0.2629818,-1.084993,45.3923,0.06828517,-0.1046275,-0.1068629,0.004346103,-0.004812503,-0.006838284
59,0.016678,1,100,0,0,0,0,45.39231,0,0,-0.02400329,-0.01632874,-0.9995786,-0.006748872,0.9998466,-0.01617105,0.9996893,0.00635787,-0.02410981,25.36303,-49.96621,-196.4251,46.49334,0.2873387,-1.114862,46.50759,0.07913414,-0.1041039,-0.1064571,0.005041866,-0.004785141,-0.006812171
60,0.016951,1,100,0,0,0,0,46.5076,0,0,-0.02408499,-0.01621423,-0.9995785,-0.006836138,0.9998479,-0.01605389,0.9996868,0.006446599,-0.02419217,26.15759,-49.96119,-196.4442,47.63625,0.3143496,-1.145586,47.65106,0.09181949,-0.1035571,-0.1052727,0.005855346,-0.004756285,-0.006736116
61,0.016412,1,100,0,0,0,0,47.65107,0,0,-0.02416363,-0.01610485,-0.9995784,-0.006934276,0.999849,-0.01594159,0.9996841,0.006546146,-0.02427165,26.94551,-49.95588,-196.4631,48.75242,0.3422581,-1.175693,48.7678,0.1052831,-0.1030148,-0.1034157,0.006718701,-0.004727518,-0.006616932
62,0.016683,1,100,0,0,0,0,48.7678,0,0,-0.02424307,-0.01599591,-0.9995782,-0.007048828,0.9998499,-0.01582931,0.9996814,0.006662104,-0.02435218,27.76521,-49.95,-196.4829,49.89633,0.3719229,-1.206654,49.91231,0.11973,-0.1024524,-0.1008601,0.007645084,-0.004697654,-0.006452932
63,0.016993,1,100,0,0,0,0,49.9123,0,0,-0.02432341,-0.01588522,-0.9995781,-0.007198969,0.9998509,-0.01571437,0.9996787,0.006813705,-0.02443414,28.6197,-49.94357,-196.5036,51.06268,0.392281,-1.239724,51.07923,0.1830118,-0.1018731,-0.1052696,0.01170169,-0.004652359,-0.006735251
64,0.016372,1,100,0,0,0,0,51.07924,0,0,-0.02440023,-0.01577105,-0.999578,-0.007390245,0.9998512,-0.01559496,0.9996752,0.007006606,-0.02451315,29.46176,-49.93712,-196.524,52.17274,0.3984137,-1.272768,52.18978,0.1903115,-0.1013036,-0.1179558,0.01216994,-0.004622372,-0.007548159
65,0.016664,1,100,0,0,0,0,52.18979,0,0,-0.02447815,-0.01563845,-0.9995781,-0.007569178,0.9998519,-0.01545738,0.9996719,0.007187617,-0.0245929,30.33739,-49.93038,-196.5455,53.29325,0.4157238,-1.307741,53.31092,0.1325929,-0.1007113,-0.1386994,0.008470654,-0.004608429,-0.008877707
66,0.016715,1,100,0,0,0,0,53.31092,0,0,-0.02455625,-0.01548378,-0.9995787,-0.007688602,0.9998535,-0.01529915,0.9996691,0.007309672,-0.02467171,31.23439,-49.92336,-196.5675,54.40692,0.4294327,-1.341849,54.42516,0.08130245,-0.1001065,-0.1579277,0.005183435,-0.00459212,-0.01011023
67,0.016651,1,100,0,0,0,0,54.42516,0,0,-0.02463393,-0.0153098,-0.9995793,-0.007754697,0.9998556,-0.01512292,0.9996665,0.007378898,-0.0247491,32.14642,-49.91615,-196.59,55.50601,0.4395829,-1.374968,55.52478,0.03662009,-0.09948201,-0.1754024,0.002319821,-0.004573137,-0.01123043
68,0.016684,1,100,0,0,0,0,55.52477,0,0,-0.02471159,-0.01511741,-0.9995806,-0.007774858,0.9998586,-0.0149294,0.999665,0.007402667,-0.02482563,33.07855,-49.90877,-196.6132,56.59694,0.4464615,-1.407389,56.6162,-0.00202549,-0.09882499,-0.1911619,-0.0001568102,-0.004551081,-0.01224076
69,0.016683,1,100,0,0,0,0,56.61622,0,0,-0.02478897,-0.01490881,-0.9995815,-0.007755371,0.9998615,-0.01472066,0.9996625,0.007387216,-0.02490116,34.02877,-49.9013,-196.6368,57.67743,0.4502941,-1.439124,57.69713,-0.03483311,-0.09812922,-0.2051103,-0.002259204,-0.004525774,-0.01313507
70,0.016678,1,100,0,0,0,0,57.69712,0,0,-0.02486597,-0.01468609,-0.999583,-0.007708858,0.9998653,-0.01449847,0.9996613,0.007345125,-0.02497583,34.99667,-49.89377,-196.661,58.74873,0.4541111,-1.47028,58.76888,-0.04411512,-0.09739169,-0.2170114,-0.002853605,-0.004492498,-0.01389813
71,0.016667,1,100,0,0,0,0,58.76888,0,0,-0.02494242,-0.01445146,-0.9995845,-0.007652902,0.999869,-0.01426462,0.9996598,0.007293928,-0.02504975,35.98172,-49.88618,-196.6857,59.80882,0.456631,-1.500885,59.82939,-0.05129107,-0.09660529,-0.2270203,-0.003312981,-0.004456634,-0.01453992
72,0.016678,1,100,0,0,0,0,59.8294,0,0,-0.02501838,-0.01420664,-0.9995862,-0.007589655,0.999873,-0.01402076,0.9996585,0.007235738,-0.02512303,36.98505,-49.87856,-196.7109,60.85903,0.4580342,-1.531025,60.88001,-0.05657609,-0.09576645,-0.2351373,-0.003651123,-0.004418086,-0.01506046
73,0.016679,1,100,0,0,0,0,60.88002,0,0,-0.02509373,-0.0139538,-0.9995878,-0.007521152,0.9998769,-0.01376902,0.9996569,0.007172535,-0.02519559,38.0059,-49.87092,-196.7366,61.89866,0.4585071,-1.560724,61.92003,-0.06016468,-0.09487437,-0.2413359,-0.003880504,-0.004376878,-0.01545803
74,0.017042,1,100,0,0,0,0,61.92003,0,0,-0.02517002,-0.01368932,-0.9995894,-0.007447608,0.999881,-0.01350578,0.9996554,0.00710461,-0.02526898,39.06675,-49.8631,-196.7633,62.94995,0.4582174,-1.590654,62.97171,-0.06229287,-0.09390846,-0.2457289,-0.00401624,-0.004332113,-0.01573987
75,0.016339,1,100,0,0,0,0,62.97171,0,0,-0.02524234,-0.01342462,-0.9995912,-0.007412382,0.9998848,-0.01324138,0.9996539,0.007075109,-0.02533894,40.10077,-49.85551,-196.7895,63.95595,0.4774652,-1.623621,63.97834,0.04389114,-0.09294919,-0.2688063,0.002790723,-0.004259234,-0.01721916
76,0.01668,1,100,0,0,0,0,63.97834,0,0,-0.02531516,-0.01313045,-0.9995933,-0.007484253,0.9998882,-0.01294478,0.9996516,0.00715351,-0.0254106,41.1732,-49.8474,-196.8168,64.97214,0.5038318,-1.656292,64.99519,0.1359116,-0.09192009,-0.28982,0.008689891,-0.004187241,-0.01856601
77,0.016883,1,100,0,0,0,0,64.99519,0,0,-0.02538785,-0.01281085,-0.9995957,-0.007650558,0.9998912,-0.01262033,0.9996486,0.007327063,-0.0254831,42.27585,-49.83871,-196.8449,65.9893,0.5366105,-1.688436,66.01308,0.2128943,-0.09081749,-0.3083869,0.01362522,-0.004116077,-0.0197559
78,0.016471,1,100,0,0,0,0,66.01308,0,0,-0.02545782,-0.01248058,-0.999598,-0.007887641,0.9998934,-0.01228338,0.9996448,0.007571762,-0.02555355,43.36815,-49.82967,-196.8729,66.97025,0.573717,-1.718959,66.99477,0.2730116,-0.08967417,-0.3237767,0.01747951,-0.00404761,-0.02074205
79,0.016684,1,100,0,0,0,0,66.99473,0,0,-0.02552773,-0.01213064,-0.9996006,-0.008202016,0.9998955,-0.01192475,0.9996408,0.007894329,-0.02562456,44.49096,-49.81984,-196.9018,67.95586,0.6211671,-1.749197,67.98121,0.3622025,-0.08845492,-0.3362419,0.02319748,-0.003969978,-0.02154054
80,0.016694,1,100,0,0,0,0,67.98119,0,0,-0.02559663,-0.01176815,-0.9996033,-0.008604622,0.9998965,-0.01155127,0.9996358,0.008305536,-0.02569524,45.63084,-49.80917,-196.9312,68.93029,0.6750517,-1.778786,68.95654,0.4316592,-0.08715808,-0.3459655,0.02765054,-0.003893816,-0.02216322
81,0.016684,1,100,0,0,0,0,68.9565,0,0,-0.02566446,-0.01139649,-0.9996057,-0.009074511,0.9998965,-0.01116682,0.9996294,0.008784343,-0.02576522,46.78622,-49.79758,-196.961,69.8922,0.7339667,-1.807723,69.91943,0.4829493,-0.08578496,-0.3529311,0.03093915,-0.00381865,-0.02260904
82,0.016684,1,100,0,0,0,0,69.91933,0,0,-0.0257313,-0.01101839,-0.9996082,-0.009593244,0.999896,-0.01077462,0.999623,0.009312239,-0.02583432,47.95758,-49.78499,-196.9913,70.84209,0.7966008,-1.83606,70.87035,0.5179328,-0.08433628,-0.3571692,0.03318252,-0.003743948,-0.02288
83,0.016687,1,100,0,0,0,0,70.87022,0,0,-0.02579714,-0.01063668,-0.9996107,-0.01014422,0.9998949,-0.01037791,0.999616,0.009872554,-0.02590233,49.14494,-49.77134,-197.0221,71.78003,0.861681,-1.863829,71.80939,0.5384827,-0.0828147,-0.3587378,0.0345007,-0.003669291,-0.02297984
84,0.016681,1,100,0,0,0,0,71.80925,0,0,-0.02586213,-0.01024451,-0.9996131,-0.01066711,0.9998935,-0.009971402,0.9996089,0.01040511,-0.02596866,50.34739,-49.75674,-197.0534,72.69476,0.9007122,-1.896022,72.72507,0.4199175,-0.08118261,-0.3854288,0.02690147,-0.003610768,-0.02469039
85,0.016683,1,100,0,0,0,0,72.72494,0,0,-0.02592659,-0.009825028,-0.9996157,-0.01106678,0.9998935,-0.009540723,0.9996031,0.01081517,-0.02603256,51.56518,-49.74155,-197.0852,73.59777,0.9306388,-1.926651,73.62887,0.3130537,-0.07950066,-0.4085973,0.02005233,-0.003547448,-0.02617539
86,0.016683,1,100,0,0,0,0,73.62878,0,0,-0.02599037,-0.009382051,-0.9996182,-0.01135569,0.9998943,-0.009089392,0.9995979,0.01111512,-0.02609416,52.79797,-49.72591,-197.1175,74.48914,0.9518265,-1.955893,74.5209,0.2177234,-0.07775741,-0.4281918,0.0139425,-0.003479067,-0.02743146
87,0.016687,1,100,0,0,0,0,74.52081,0,0,-0.02605331,-0.008919302,-0.9996207,-0.01154619,0.9998962,-0.008620828,0.9995939,0.01131721,-0.02615359,54.04587,-49.70996,-197.1503,75.36923,0.9647675,-1.983912,75.40151,0.1335552,-0.07594392,-0.4441679,0.008548186,-0.003405496,-0.02845576
88,0.016945,1,100,0,0,0,0,75.40143,0,0,-0.02611607,-0.008433914,-0.9996235,-0.01171392,0.9998985,-0.008130197,0.9995906,0.01149719,-0.02621222,55.32807,-49.69334,-197.184,76.26582,1.012894,-2.011664,76.29907,0.2319825,-0.07408068,-0.4549589,0.01485847,-0.003301965,-0.0291474
89,0.016408,1,100,0,0,0,0,76.29897,0,0,-0.02617539,-0.007953916,-0.9996258,-0.01197195,0.9998993,-0.007642604,0.9995859,0.01176743,-0.02626798,56.58412,-49.67643,-197.2172,77.12237,1.065104,-2.037693,77.15664,0.3087389,-0.07218446,-0.4618673,0.01977962,-0.003201644,-0.02959011
90,0.016683,1,100,0,0,0,0,77.15649,0,0,-0.02623424,-0.007459671,-0.9996281,-0.0123106,0.9998989,-0.007138612,0.9995803,0.01211875,-0.02632342,57.87553,-49.65835,-197.2513,77.98175,1.12249,-2.063386,78.01711,0.3698476,-0.07016938,-0.4654517,0.02369775,-0.003099286,-0.02981972
91,0.016773,1,100,0,0,0,0,78.01694,0,0,-0.02629191,-0.006960132,-0.9996302,-0.01271112,0.9998974,-0.006627669,0.9995737,0.01253216,-0.02637768,59.18829,-49.63918,-197.2861,78.83388,1.183363,-2.088477,78.87041,0.4154496,-0.06805801,-0.4656202,0.02662187,-0.002995708,-0.02983032
92,0.016608,1,100,0,0,0,0,78.87019,0,0,-0.02634768,-0.006455031,-0.9996321,-0.01309884,0.9998957,-0.006111482,0.9995673,0.012933,-0.02642949,60.50209,-49.61938,-197.3209,79.65343,1.208964,-2.118525,79.69077,0.3001318,-0.06583045,-0.4948176,0.0192307,-0.002899519,-0.03170201
93,0.016684,1,100,0,0,0,0,79.69058,0,0,-0.02640263,-0.00591789,-0.9996339,-0.01336878,0.9998952,-0.005566336,0.9995621,0.01321692,-0.02647897,61.83554,-49.59913,-197.3564,80.46533,1.22429,-2.146884,80.50327,0.1974722,-0.06353837,-0.5198052,0.01265094,-0.002798702,-0.03330401
94,0.016683,1,100,0,0,0,0,80.50312,0,0,-0.02645631,-0.005355619,-0.9996356,-0.0135328,0.999896,-0.004998855,0.9995584,0.01339562,-0.02652604,63.1824,-49.57867,-197.3924,81.26596,1.229934,-2.173626,81.30433,0.1074899,-0.06117904,-0.5403723,0.006883798,-0.002693461,-0.0346228
95,0.016679,1,100,0,0,0,0,81.30421,0,0,-0.02650853,-0.004773058,-0.9996372,-0.01360435,0.9998978,-0.004413541,0.9995562,0.01348241,-0.02657076,64.54222,-49.55818,-197.4288,82.05537,1.226749,-2.198938,82.094,0.02952784,-0.05874365,-0.5564836,0.001887169,-0.002583737,-0.03565611
96,0.016675,1,100,0,0,0,0,82.09393,0,0,-0.0265591,-0.004175108,-0.9996387,-0.01360963,0.9999004,-0.00381461,0.9995551,0.0135034,-0.02661327,65.91484,-49.53772,-197.4656,82.83694,1.228555,-2.223053,82.87587,0.000649445,-0.05624124,-0.5677534,3.688035e-05,-0.002467413,-0.03637909
97,0.016679,1,100,0,0,0,0,82.87583,0,0,-0.02660785,-0.003566488,-0.9996397,-0.01358529,0.9999028,-0.003205821,0.9995541,0.01349509,-0.02665371,67.30077,-49.51724,-197.5028,83.60787,1.226228,-2.246075,83.64703,-0.02394799,-0.05364957,-0.5746415,-0.001539022,-0.002347413,-0.03682129
98,0.016683,1,100,0,0,0,0,83.64701,0,0,-0.02665464,-0.002951847,-0.9996405,-0.0135359,0.9999053,-0.002591704,0.9995535,0.01346196,-0.02669207,68.69983,-49.49681,-197.5404,84.36822,1.220302,-2.268119,84.40752,-0.04453275,-0.05096938,-0.577238,-0.002857744,-0.002223852,-0.03698839
99,0.016921,1,100,0,0,0,0,84.40751,0,0,-0.02670008,-0.002313654,-0.9996409,-0.01353537,0.9999067,-0.001952744,0.9995522,0.01347837,-0.0267289,70.13181,-49.47588,-197.5789,85.14404,1.26981,-2.297609,85.1845,0.1348791,-0.04824758,-0.6128141,0.008643754,-0.002081228,-0.03926933
100,0.016458,1,100,0,0,0,0,85.18443,0,0,-0.02674251,-0.001657599,-0.9996411,-0.01371133,0.9999053,-0.00129123,0.9995487,0.01367188,-0.0267627,71.53719,-49.45465,-197.6169,85.88752,1.330904,-2.324175,85.92927,0.2808493,-0.04550637,-0.6420319,0.01800155,-0.001942358,-0.04114258
101,0.016678,1,100,0,0,0,0,85.92915,0,0,-0.02678376,-0.0009632879,-0.9996409,-0.01403593,0.9999015,-0.000587469,0.999543,0.01401515,-0.02679465,72.97375,-49.43205,-197.6558,86.62982,1.403544,-2.349218,86.67303,0.4018555,-0.04262648,-0.6662736,0.02575907,-0.001800449,-0.0426968
102,0.017031,1,100,0,0,0,0,86.67284,0,0,-0.0268241,-0.0002296301,-0.9996403,-0.01449016,0.9998952,0.0001591367,0.9995355,0.01448921,-0.02682461,74.45338,-49.40767,-197.6959,87.37618,1.486708,-2.373029,87.42104,0.4991985,-0.03957205,-0.6854787,0.03199971,-0.001653312,-0.04392816
103,0.016344,1,100,0,0,0,0,87.42078,0,0,-0.02686106,0.0004920212,-0.9996392,-0.01505654,0.9998864,0.0008967234,0.999526,0.01507519,-0.0268506,75.88534,-49.38272,-197.7348,88.08901,1.606747,-2.39431,88.13619,0.6796909,-0.03657608,-0.6973822,0.04357035,-0.001512261,-0.04469145
104,0.01668,1,100,0,0,0,0,88.13577,0,0,-0.02689708,0.001239477,-0.9996375,-0.01581386,0.9998736,0.00166527,0.9995133,0.01585292,-0.02687408,77.35865,-49.35517,-197.7749,88.80484,1.742518,-2.414624,88.85475,0.8229192,-0.03339347,-0.7043155,0.05275219,-0.001365514,-0.04513613
105,0.017099,1,100,0,0,0,0,88.85413,0,0,-0.02693222,0.00201142,-0.9996353,-0.01673382,0.999857,0.00246271,0.9994973,0.01679404,-0.02689471,78.88123,-49.32452,-197.8163,89.52633,1.891805,-2.43408,89.57939,0.9302173,-0.03000506,-0.7060525,0.05963076,-0.001211481,-0.04524786
106,0.016456,1,100,0,0,0,0,89.57855,0,0,-0.02696423,0.002754354,-0.9996327,-0.01771854,0.9998379,0.003232862,0.9994796,0.0177992,-0.02691106,80.35822,-49.29257,-197.8564,90.20843,2.041696,-2.451551,90.26483,0.998413,-0.02662467,-0.702587,0.06400263,-0.001059097,-0.0450261
107,0.016665,1,100,0,0,0,0,90.26379,0,0,-0.02699488,0.00351955,-0.9996294,-0.0186935,0.9998173,0.004025027,0.9994609,0.01879523,-0.02692415,81.86521,-49.25819,-197.8974,90.86872,2.105677,-2.478125,90.92689,0.8005565,-0.02294479,-0.7454842,0.05131987,-0.0008631225,-0.04777603
108,0.016683,1,100,0,0,0,0,90.92603,0,0,-0.02702375,0.004329159,-0.9996254,-0.01946373,0.9997988,0.00485609,0.9994453,0.01958767,-0.02693405,83.38478,-49.2228,-197.9389,91.51855,2.152187,-2.50202,91.57803,0.6220494,-0.0192111,-0.7818831,0.03987742,-0.0006648294,-0.05010962
109,0.016681,1,100,0,0,0,0,91.57733,0,0,-0.02705059,0.005175067,-0.9996207,-0.0200654,0.9997825,0.005718891,0.9994329,0.02021248,-0.02694087,84.91497,-49.18665,-197.9807,92.16142,2.197545,-2.523476,92.22215,0.5089932,-0.0154321,-0.8110791,0.03263047,-0.0004696107,-0.05198175
110,0.016688,1,100,0,0,0,0,92.22157,0,0,-0.02707519,0.006050256,-0.999615,-0.02054908,0.9997669,0.00660776,0.999422,0.02072008,-0.02694455,86.45648,-49.14979,-198.023,92.79397,2.231209,-2.542861,92.85561,0.4056224,-0.01155712,-0.8336572,0.02600428,-0.0002713326,-0.05342984
111,0.016685,1,100,0,0,0,0,92.85509,0,0,-0.02709728,0.006947147,-0.9996088,-0.02092507,0.999753,0.007515384,0.9994141,0.02112053,-0.02694522,88.00821,-49.11243,-198.0655,93.41607,2.253782,-2.560412,93.47832,0.3120227,-0.00757895,-0.849631,0.02000434,-7.008415e-05,-0.05445474
112,0.01668,1,100,0,0,0,0,93.47793,0,0,-0.02711716,0.007877911,-0.9996014,-0.02130834,0.9997374,0.008457035,0.9994056,0.02152918,-0.02694217,89.56992,-49.07425,-198.1083,94.04976,2.360695,-2.587126,94.11495,0.522664,-0.003658417,-0.9132925,0.0335068,0.000107319,-0.05853704
113,0.016961,1,100,0,0,0,0,94.11439,0,0,-0.02713626,0.008890931,-0.9995924,-0.02191085,0.9997151,0.009486845,0.999392,0.02215936,-0.02693372,91.16867,-49.0335,-198.1523,94.68301,2.485291,-2.610554,94.75159,0.6939418,0.0004710335,-0.9695321,0.04448581,0.0002944269,-0.06214366
114,0.016396,1,100,0,0,0,0,94.75082,0,0,-0.02715357,0.009925739,-0.999582,-0.02265582,0.9996877,0.01054223,0.9993745,0.02293261,-0.02692022,92.72437,-48.99203,-198.1953,95.28409,2.617692,-2.629915,95.35631,0.8199881,0.004632436,-1.015405,0.05256521,0.0004841419,-0.06508578
115,0.017095,1,100,0,0,0,0,95.35532,0,0,-0.02717033,0.01105255,-0.9995697,-0.02355795,0.9996541,0.01169383,0.9993531,0.02386553,-0.02690055,94.35676,-48.94645,-198.2403,95.89953,2.764238,-2.647139,95.97588,0.9150556,0.009153019,-1.054574,0.05865858,0.0006918316,-0.06759845
116,0.016674,1,100,0,0,0,0,95.97468,0,0,-0.02718533,0.01218953,-0.9995561,-0.02457401,0.9996153,0.0128586,0.9993283,0.02491267,-0.02687533,95.95911,-48.89928,-198.2845,96.49734,2.957701,-2.660672,96.57932,1.110371,0.01365918,-1.082469,0.07117757,0.0008716435,-0.06938913
117,0.016287,1,100,0,0,0,0,96.57771,0,0,-0.02719892,0.0133262,-0.9995413,-0.0257494,0.9995701,0.01402726,0.9992985,0.02611912,-0.02684409,97.53387,-48.85002,-198.3279,97.06985,3.159282,-2.671432,97.15798,1.247898,0.01828037,-1.101402,0.07999206,0.001062631,-0.07060559
118,0.016685,1,100,0,0,0,0,97.15598,0,0,-0.02721151,0.01450822,-0.9995245,-0.02708414,0.999517,0.01524546,0.9992629,0.02748611,-0.02680543,99.15668,-48.79612,-198.3725,97.64483,3.373236,-2.680232,97.73984,1.341059,0.0232227,-1.112589,0.08596224,0.001273512,-0.07132572
119,0.016672,1,100,0,0,0,0,97.73743,0,0,-0.0272222,0.0157197,-0.9995058,-0.02838028,0.9994611,0.01649195,0.9992263,0.0288152,-0.0267614,100.7876,-48.73946,-198.4173,98.18295,3.448899,-2.700296,98.28062,1.051836,0.02868975,-1.1752,0.06742221,0.00163718,-0.07533921
120,0.016697,1,100,0,0,0,0,98.27863,0,0,-0.02723004,0.01699652,-0.9994848,-0.02937891,0.9994101,0.01779565,0.9991977,0.02984835,-0.02671463,102.4299,-48.68161,-198.4625,98.71183,3.49781,-2.717055,98.81115,0.7951918,0.03426695,-1.227716,0.05097046,0.001998764,-0.07870563
121,0.016675,1,100,0,0,0,0,98.80962,0,0,-0.02723493,0.01832302,-0.9994611,-0.03019845,0.9993606,0.01914408,0.9991728,0.03070356,-0.02666419,104.0789,-48.62254,-198.5079,99.24869,3.63079,-2.728878,99.35255,0.8132304,0.03975524,-1.266543,0.05212503,0.002268263,-0.08119728
122,0.016684,1,100,0,0,0,0,99.35083,0,0,-0.02723756,0.01968828,-0.9994352,-0.03103035,0.9993078,0.02053144,0.9991477,0.03157205,-0.02660777,105.7377,-48.56125,-198.5535,99.77573,3.759161,-2.737816,99.88404,0.8136696,0.04545476,-1.295232,0.05215112,0.002548104,-0.08303929
123,0.016688,1,100,0,0,0,0,99.88222,0,0,-0.02723744,0.02108111,-0.9994067,-0.03185692,0.9992515,0.02194605,0.9991212,0.03243577,-0.02654548,107.4056,-48.49784,-198.5992,100.2929,3.881079,-2.744207,100.4055,0.799542,0.05136702,-1.313863,0.05124309,0.002837834,-0.08423675
124,0.016781,1,100,0,0,0,0,100.4035,0,0,-0.0272341,0.02249837,-0.9993759,-0.03266816,0.9991928,0.02338449,0.9990953,0.03328463,-0.02647714,109.0915,-48.43207,-198.6453,100.8031,3.995677,-2.748378,100.9197,0.77353,0.05752175,-1.32262,0.0495729,0.003138312,-0.0848016
125,0.016591,1,100,0,0,0,0,100.9177,0,0,-0.02722693,0.02392837,-0.9993429,-0.03334608,0.9991355,0.02483191,0.9990732,0.03400027,-0.02640547,110.7666,-48.36596,-198.691,101.2776,3.962675,-2.765936,101.3929,0.4774133,0.06408441,-1.385862,0.03059136,0.003603908,-0.08885455
126,0.016672,1,100,0,0,0,0,101.3915,0,0,-0.02721483,0.02542904,-0.9993061,-0.03372351,0.999084,0.02634181,0.9990606,0.034417,-0.02633234,112.4577,-48.30023,-198.7372,101.7465,3.901802,-2.780259,101.8592,0.2208973,0.07079082,-1.437756,0.01414792,0.004060037,-0.09218036
127,0.016887,1,100,0,0,0,0,101.8584,0,0,-0.0271983,0.02699899,-0.9992654,-0.0340026,0.9990319,0.02791817,0.9990518,0.03473695,-0.02625393,114.1787,-48.23372,-198.7842,102.2467,4.013632,-2.786415,102.3634,0.4513941,0.0772643,-1.471898,0.02891713,0.004272455,-0.09437612
128,0.016481,1,100,0,0,0,0,102.3623,0,0,-0.02718034,0.02856309,-0.9992224,-0.0345001,0.9989694,0.02949431,0.999035,0.03527493,-0.0261669,115.8664,-48.16688,-198.8301,102.7254,4.138615,-2.788806,102.8466,0.6329827,0.08386096,-1.493761,0.04055082,0.004501211,-0.09578484
129,0.016677,1,100,0,0,0,0,102.8452,0,0,-0.02715989,0.03016546,-0.9991758,-0.03518323,0.9988965,0.03111339,0.9990118,0.03599927,-0.0260686,117.5822,-48.0971,-198.8766,103.2003,4.277041,-2.788048,103.3265,0.7763889,0.09079785,-1.504727,0.04973633,0.004754091,-0.09649533
130,0.016717,1,100,0,0,0,0,103.325,0,0,-0.02713659,0.0317797,-0.9991265,-0.03600787,0.9988149,0.03274778,0.9989831,0.03686509,-0.02596011,119.31,-48.02478,-198.9232,103.6666,4.424286,-2.784426,103.7983,0.8824291,0.0980066,-1.504656,0.0565261,0.005029252,-0.09649858
131,0.016658,1,100,0,0,0,0,103.7966,0,0,-0.02710945,0.03341392,-0.999074,-0.03680287,0.9987304,0.03440106,0.9989551,0.03770138,-0.02584531,121.0393,-47.95122,-198.9697,104.0963,4.398529,-2.799776,104.2268,0.5973198,0.1058577,-1.576333,0.03825031,0.005607546,-0.1010915
132,0.016673,1,100,0,0,0,0,104.2257,0,0,-0.02707639,0.03512168,-0.9990162,-0.03730542,0.998651,0.03611992,0.9989371,0.03824672,-0.02572964,122.7772,-47.87817,-199.0164,104.5187,4.34797,-2.811243,104.6469,0.3491635,0.1138141,-1.634781,0.02234263,0.006168405,-0.1048368
133,0.016683,1,100,0,0,0,0,104.6463,0,0,-0.02703843,0.03688619,-0.9989536,-0.03770462,0.9985703,0.03789258,0.9989231,0.03868973,-0.025609,124.5234,-47.80494,-199.0633,104.9634,4.473311,-2.811964,105.0963,0.5585848,0.1214201,-1.673796,0.03575609,0.006412583,-0.1073477
134,0.016694,1,100,0,0,0,0,105.0955,0,0,-0.02699861,0.03868916,-0.9988866,-0.03831146,0.9984767,0.03970879,0.9989012,0.03934089,-0.02547525,126.2781,-47.72947,-199.1102,105.3992,4.615083,-2.808264,105.5376,0.7249157,0.1293121,-1.699764,0.04640676,0.006683935,-0.1090226
135,0.016678,1,100,0,0,0,0,105.5365,0,0,-0.02695636,0.04051378,-0.9988154,-0.03908014,0.998372,0.04155051,0.9988726,0.0401539,-0.02532919,128.0383,-47.65165,-199.157,105.8254,4.768886,-2.800667,105.9698,0.8507197,0.1374743,-1.712847,0.05445907,0.006982484,-0.1098715
136,0.016688,1,100,0,0,0,0,105.9685,0,0,-0.0269109,0.04234927,-0.9987404,-0.03997023,0.9982578,0.04340579,0.9988386,0.04108798,-0.02517131,129.8066,-47.57117,-199.2037,106.2426,4.930849,-2.789647,106.3936,0.9398534,0.145907,-1.713334,0.06016026,0.007307837,-0.1099133
137,0.016685,1,100,0,0,0,0,106.3921,0,0,-0.0268606,0.0442124,-0.998661,-0.0408085,0.9981402,0.04528695,0.9988059,0.04197029,-0.0250064,131.5814,-47.48911,-199.2503,106.6249,4.891656,-2.80139,106.7738,0.6187806,0.1551017,-1.790058,0.03958115,0.008039947,-0.1148273
138,0.016888,1,100,0,0,0,0,106.7729,0,0,-0.02680191,0.04617617,-0.9985737,-0.04132858,0.9980272,0.04726016,0.998786,0.04253629,-0.02484064,133.3842,-47.40683,-199.2977,107.0064,4.834581,-2.808716,107.1523,0.3552696,0.1644762,-1.852212,0.02269002,0.008734771,-0.1188086
139,0.016454,1,100,0,0,0,0,107.1519,0,0,-0.02673666,0.04814937,-0.9984823,-0.0415709,0.9979218,0.04923549,0.998778,0.0428242,-0.02467949,135.1469,-47.3277,-199.3439,107.3716,4.757237,-2.812283,107.5137,0.1335744,0.1737373,-1.897798,0.008477981,0.009386098,-0.1217289
140,0.016694,1,100,0,0,0,0,107.5135,0,0,-0.02666483,0.05022424,-0.9983821,-0.04173908,0.9978104,0.05131025,0.998773,0.04303973,-0.02451013,136.9416,-47.24786,-199.3909,107.765,4.833793,-2.82155,107.9103,0.3642932,0.1827392,-2.010725,0.0232501,0.009686909,-0.1289802
141,0.016911,1,100,0,0,0,0,107.91,0,0,-0.02659238,0.05244256,-0.9982699,-0.04214209,0.9976765,0.05353399,0.9987578,0.04349277,-0.02432055,138.7662,-47.16553,-199.4386,108.1551,4.936289,-2.822738,108.3045,0.5564788,0.1921596,-2.107285,0.03555104,0.01002191,-0.1351825
142,0.01644,1,100,0,0,0,0,108.3041,0,0,-0.02652149,0.05469368,-0.9981508,-0.04271775,0.9975279,0.05579459,0.998735,0.04411852,-0.02411953,140.5463,-47.08372,-199.485,108.5258,5.056541,-2.816752,108.68,0.7038602,0.2016652,-2.183414,0.04497967,0.01038132,-0.1400751
143,0.01669,1,100,0,0,0,0,108.6795,0,0,-0.02644815,0.0570547,-0.9980206,-0.04344527,0.997361,0.05816832,0.9987057,0.04489772,-0.02389959,142.3596,-46.99856,-199.532,108.8938,5.194889,-2.80445,109.0537,0.8169756,0.2116725,-2.243146,0.05221073,0.0107803,-0.143917
144,0.016569,1,100,0,0,0,0,109.0531,0,0,-0.02637317,0.05945562,-0.9978826,-0.04428586,0.9971803,0.06058421,0.9986709,0.04578989,-0.02366576,144.1658,-46.91159,-199.5783,109.2526,5.358133,-2.785892,109.4194,0.9302585,0.2219268,-2.284428,0.05944987,0.01117193,-0.146578
145,0.016686,1,100,0,0,0,0,109.4187,0,0,-0.02629486,0.06191171,-0.9977353,-0.04523934,0.9969842,0.06305736,0.9986303,0.04679497,-0.02341471,145.9908,-46.82121,-199.6247,109.6054,5.533931,-2.762133,109.7797,1.007554,0.2326383,-2.30862,0.06438147,0.01160569,-0.1481438
146,0.016707,1,100,0,0,0,0,109.7789,0,0,-0.02621239,0.06439092,-0.9975804,-0.04626425,0.9967758,0.06555463,0.9985852,0.04787065,-0.02314888,147.8239,-46.72773,-199.6707,109.9501,5.716806,-2.7339,110.1326,1.052146,0.2437378,-2.31565,0.06721611,0.01207713,-0.1486095
147,0.017221,1,100,0,0,0,0,110.1315,0,0,-0.02612185,0.06694825,-0.9974146,-0.04735939,0.9965519,0.06813066,0.9985366,0.04901664,-0.02286115,149.7194,-46.62819,-199.7175,110.2969,5.907913,-2.700847,110.4881,1.069,0.2555389,-2.305601,0.06827149,0.01259727,-0.147981
148,0.016227,1,100,0,0,0,0,110.4869,0,0,-0.02602826,0.06937481,-0.9972512,-0.04826589,0.9963385,0.07057106,0.9984956,0.04997006,-0.02258452,151.5108,-46.53257,-199.7614,110.59,5.862377,-2.6996,110.7782,0.6744011,0.2676649,-2.373376,0.04299011,0.01370074,-0.1523129
149,0.016596,1,100,0,0,0,0,110.7776,0,0,-0.02591931,0.07192271,-0.9970735,-0.04879104,0.9961289,0.07312291,0.9984729,0.05054355,-0.02230979,153.3477,-46.43569,-199.8061,110.8852,5.786664,-2.694726,111.0688,0.3319535,0.2801605,-2.424248,0.02104801,0.01475882,-0.1555629
150,0.016672,1,100,0,0,0,0,111.0685,0,0,-0.02579562,0.07453016,-0.9968852,-0.04896935,0.9959257,0.07572557,0.9984674,0.05077021,-0.02204083,155.198,-46.3398,-199.851,111.1771,5.681668,-2.68683,111.3546,0.0372006,0.292853,-2.456648,0.002159429,0.01576308,-0.1576309
151,0.016683,1,100,0,0,0,0,111.3544,0,0,-0.02566122,0.07719838,-0.9966856,-0.04899634,0.9957186,0.07838497,0.9984695,0.0508454,-0.02176892,157.0546,-46.24454,-199.8958,111.4924,5.766909,-2.678416,111.6735,0.2048334,0.3049949,-2.557729,0.01286993,0.01619195,-0.1641285
152,0.016927,1,100,0,0,0,0,111.6733,0,0,-0.02552285,0.08000778,-0.9964674,-0.04919277,0.995484,0.08118881,0.9984631,0.05109116,-0.02147178,158.9436,-46.14634,-199.941,111.8054,5.869988,-2.660778,111.991,0.3456453,0.3176473,-2.638822,0.02185894,0.01665648,-0.1693454
153,0.016445,1,100,0,0,0,0,111.9906,0,0,-0.02538531,0.08281421,-0.9962417,-0.04951851,0.9952353,0.08399234,0.9984506,0.05146458,-0.02116352,160.7838,-46.04919,-199.9846,112.1027,5.983095,-2.635795,112.2932,0.4547953,0.3303087,-2.696486,0.02881789,0.0171398,-0.1730603
154,0.016684,1,100,0,0,0,0,112.2927,0,0,-0.0252414,0.08571589,-0.9959999,-0.04995543,0.9949644,0.08689279,0.9984325,0.0519489,-0.02083232,162.6558,-45.94868,-200.0284,112.3976,6.107253,-2.603706,112.5935,0.5401263,0.343522,-2.734353,0.03424796,0.0176616,-0.1755067
155,0.01672,1,100,0,0,0,0,112.593,0,0,-0.02509148,0.08865699,-0.9957461,-0.05047761,0.9946768,0.08983375,0.99841,0.05251694,-0.02048272,164.5367,-45.84582,-200.0718,112.6869,6.241168,-2.565302,112.8887,0.6089568,0.3571267,-2.751583,0.03861782,0.01820436,-0.1766312
156,0.016642,1,100,0,0,0,0,112.888,0,0,-0.02493534,0.09159563,-0.9954841,-0.05106207,0.9943772,0.09277281,0.9983843,0.0531448,-0.02011807,166.4136,-45.7412,-200.1142,112.9682,6.378172,-2.521891,113.1762,0.6551415,0.3710342,-2.748604,0.04153489,0.01877549,-0.1764603
157,0.016683,1,100,0,0,0,0,113.1753,0,0,-0.02477045,0.0945316,-0.9952136,-0.05169031,0.9940663,0.09570917,0.9983559,0.05381366,-0.01973711,168.2998,-45.63402,-200.156,113.2437,6.51615,-2.473959,113.458,0.6818802,0.3853157,-2.726124,0.04320398,0.01937563,-0.1750398
158,0.016699,1,100,0,0,0,0,113.457,0,0,-0.02459559,0.09743996,-0.9949374,-0.05234224,0.9937478,0.0986174,0.9983262,0.0545028,-0.01934159,170.1923,-45.52446,-200.197,113.5133,6.652121,-2.422255,113.7338,0.6918349,0.3999176,-2.684783,0.04379579,0.01999989,-0.1724106
159,0.016661,1,100,0,0,0,0,113.7327,0,0,-0.02440724,0.1003263,-0.9946553,-0.05286402,0.9934302,0.1014999,0.9983037,0.05505881,-0.01894324,172.0849,-45.41423,-200.2373,113.7511,6.542374,-2.410174,113.9645,0.3084221,0.4155186,-2.723053,0.01924578,0.02143864,-0.1748428
160,0.016684,1,100,0,0,0,0,113.964,0,0,-0.0241978,0.10325,-0.994361,-0.05300025,0.993121,0.104411,0.9983013,0.0552279,-0.01855907,173.984,-45.30584,-200.2775,113.9866,6.405258,-2.394915,114.1915,-0.01060823,0.4311466,-2.74064,-0.001186941,0.02276174,-0.1759533
161,0.016689,1,100,0,0,0,0,114.1912,0,0,-0.02397267,0.1062168,-0.9940541,-0.05295392,0.9928092,0.1073608,0.9983096,0.05521278,-0.01817569,175.8878,-45.19879,-200.3173,114.247,6.43279,-2.37538,114.4526,0.1157976,0.4460683,-2.82433,0.006857004,0.02330442,-0.181341
162,0.016673,1,100,0,0,0,0,114.4522,0,0,-0.02374305,0.1092614,-0.9937295,-0.05303296,0.9924725,0.1103903,0.9983107,0.05532142,-0.01776988,177.7941,-45.09131,-200.3568,114.5014,6.474229,-2.346123,114.7083,0.2218311,0.4612124,-2.885379,0.0135928,0.02386818,-0.1852779
163,0.016879,1,100,0,0,0,0,114.7078,0,0,-0.02350452,0.1124013,-0.9933849,-0.0532192,0.9921098,0.1135162,0.9983063,0.05553529,-0.01733716,179.7282,-44.98173,-200.3961,114.7532,6.528369,-2.307853,114.9619,0.309495,0.476811,-2.924566,0.01914809,0.0244627,-0.1878138
164,0.016482,1,100,0,0,0,0,114.9614,0,0,-0.0232643,0.1155003,-0.993035,-0.05348523,0.9917375,0.1166024,0.9982976,0.05582538,-0.01689452,181.6208,-44.87378,-200.4339,114.9934,6.591303,-2.262999,115.2044,0.3767677,0.4923263,-2.940846,0.02339577,0.02506786,-0.1888813
165,0.016683,1,100,0,0,0,0,115.2039,0,0,-0.02300784,0.1186492,-0.9926698,-0.053685,0.9913534,0.1197361,0.9982931,0.05604634,-0.01643922,183.5405,-44.7645,-200.4715,115.2047,6.469209,-2.234396,115.4079,0.04704352,0.5090995,-2.942713,0.00228598,0.02653836,-0.1889801
166,0.016991,1,100,0,0,0,0,115.4074,0,0,-0.02272169,0.1218503,-0.9922884,-0.05354721,0.9909716,0.1229147,0.9983068,0.05592711,-0.01599181,185.4991,-44.65545,-200.5093,115.4172,6.315789,-2.204109,115.6109,-0.2388708,0.5262749,-2.923091,-0.01602593,0.02793132,-0.1877054
167,0.016385,1,100,0,0,0,0,115.6102,0,0,-0.02242737,0.1249384,-0.9919111,-0.05327137,0.9906019,0.1259779,0.9983285,0.05566582,-0.01556096,187.3915,-44.55161,-200.5452,115.6439,6.381211,-2.161901,115.84,-0.07772148,0.5420914,-2.966432,-0.00578783,0.02836139,-0.1905149
168,0.016669,1,100,0,0,0,0,115.8394,0,0,-0.02212212,0.1281179,-0.9915121,-0.05315436,0.9902014,0.1291345,0.9983411,0.05555993,-0.01509533,189.3204,-44.44478,-200.581,115.8697,6.462737,-2.109813,116.0689,0.0643021,0.5584183,-2.988495,0.00322049,0.02882896,-0.1919613
169,0.016683,1,100,0,0,0,0,116.0684,0,0,-0.02180946,0.1313155,-0.9911008,-0.05318011,0.9897808,0.1323109,0.998347,0.05559248,-0.01460321,191.2547,-44.33644,-200.6158,116.0906,6.556588,-2.04959,116.2937,0.1843451,0.5750118,-2.988626,0.01081811,0.02933066,-0.1920014
170,0.016688,1,100,0,0,0,0,116.2931,0,0,-0.02148812,0.1345063,-0.9906797,-0.053326,0.9893438,0.1354816,0.998346,0.05574023,-0.01408646,193.1932,-44.22646,-200.6497,116.3066,6.659668,-1.982384,116.514,0.2830951,0.5918556,-2.967395,0.01704966,0.02986717,-0.1906724
171,0.016683,1,100,0,0,0,0,116.5134,0,0,-0.02115694,0.1376661,-0.9902527,-0.05357208,0.9888954,0.138622,0.99834,0.05598272,-0.01354694,195.1347,-44.11473,-200.6823,116.518,6.771605,-1.908897,116.7302,0.3671542,0.608907,-2.925487,0.02233705,0.03042346,-0.1880186
172,0.016684,1,100,0,0,0,0,116.7295,0,0,-0.02081449,0.1407746,-0.9898229,-0.05390145,0.9884396,0.1417113,0.9983295,0.05630254,-0.01298591,197.0798,-44.00111,-200.7137,116.7244,6.887331,-1.830369,116.9418,0.4317371,0.6261534,-2.863864,0.02637588,0.03101311,-0.1841008
173,0.016689,1,100,0,0,0,0,116.941,0,0,-0.02045922,0.1438121,-0.9893935,-0.0542945,0.9879805,0.1447295,0.9983154,0.05667968,-0.0124051,199.029,-43.88552,-200.7438,116.9261,7.004089,-1.747674,117.1488,0.4787286,0.6435571,-2.783524,0.02928726,0.03163248,-0.1789831
174,0.016662,1,100,0,0,0,0,117.1478,0,0,-0.02009039,0.1467538,-0.9889691,-0.05473273,0.987524,0.1476512,0.9982991,0.05709535,-0.01180751,200.9783,-43.76818,-200.7725,117.1228,7.119101,-1.661798,117.3507,0.5100522,0.6610349,-2.68574,0.03119494,0.03227554,-0.1727467
175,0.016689,1,100,0,0,0,0,117.3497,0,0,-0.01970128,0.149626,-0.9885465,-0.05507272,0.9870749,0.1505008,0.9982883,0.057407,-0.01120633,202.9339,-43.65,-200.8,117.2918,7.004829,-1.626228,117.512,0.1643896,0.6793146,-2.670231,0.009094173,0.03402235,-0.1717227
176,0.016698,1,100,0,0,0,0,117.5113,0,0,-0.01928281,0.1524765,-0.988119,-0.05506841,0.9866406,0.153323,0.9982965,0.05737064,-0.01062857,204.8934,-43.53381,-200.827,117.4599,6.866051,-1.588611,117.6711,-0.1183416,0.697387,-2.635586,-0.008994626,0.03558946,-0.1694779
177,0.016948,1,100,0,0,0,0,117.6706,0,0,-0.01883642,0.1553535,-0.9876793,-0.05491242,0.9862028,0.1561685,0.9983134,0.05717752,-0.01004569,206.8852,-43.41708,-200.8535,117.6528,6.929464,-1.530007,117.8666,0.02425081,0.7148283,-2.660166,1.475142e-05,0.03604756,-0.1710903
178,0.016336,1,100,0,0,0,0,117.866,0,0,-0.01839949,0.1581447,-0.9872447,-0.0549009,0.9857624,0.1589304,0.9983226,0.05712486,-0.009455238,208.8081,-43.3035,-200.8782,117.8347,6.999389,-1.464287,118.0515,0.141028,0.731633,-2.664245,0.007375112,0.0365202,-0.1713865
179,0.016689,1,100,0,0,0,0,118.0507,0,0,-0.01794511,0.1609936,-0.9867924,-0.05500698,0.9852976,0.16175,0.9983249,0.05718309,-0.0088255,210.7757,-43.18625,-200.9022,118.0164,7.077199,-1.38942,118.2366,0.2407278,0.7487983,-2.649634,0.01363951,0.03703407,-0.1704848
180,0.016771,1,100,0,0,0,0,118.2357,0,0,-0.017479,0.1638342,-0.986333,-0.05521353,0.9848202,0.1645614,0.9983215,0.05733529,-0.008167803,212.7559,-43.0671,-200.925,118.1949,7.1597,-1.307482,118.4188,0.3218949,0.7660543,-2.616321,0.01871719,0.03758218,-0.1683838
181,0.016586,1,100,0,0,0,0,118.4177,0,0,-0.01700736,0.1666025,-0.9858775,-0.05549887,0.9843426,0.1673005,0.9983139,0.05756043,-0.007494817,214.7173,-42.94788,-200.9463,118.3675,7.245293,-1.220577,118.5953,0.3887738,0.7831133,-2.565518,0.02288056,0.03814156,-0.1651615
182,0.016694,1,100,0,0,0,0,118.5941,0,0,-0.01652075,0.1693292,-0.9854212,-0.05585206,0.9838606,0.1699974,0.9983026,0.05784629,-0.006796727,216.6942,-42.82644,-200.9661,118.5372,7.33193,-1.128508,118.7691,0.4395057,0.8002651,-2.497576,0.02601071,0.03873284,-0.1608399
183,0.016677,1,100,0,0,0,0,118.7678,0,0,-0.01602136,0.1719761,-0.9849708,-0.05625428,0.9833819,0.1726137,0.9982879,0.05817433,-0.00608072,218.672,-42.70369,-200.9844,118.7027,7.417057,-1.03281,118.9387,0.475251,0.8173549,-2.413778,0.02818318,0.03934787,-0.1555012
184,0.016684,1,100,0,0,0,0,118.9372,0,0,-0.01550721,0.1745309,-0.9845297,-0.05669102,0.9829107,0.1751368,0.9982716,0.05852987,-0.005347863,220.6533,-42.57949,-201.0011,118.8643,7.499091,-0.9341541,119.1043,0.4979154,0.8343725,-2.315079,0.02952,0.03998243,-0.1492067
185,0.016686,1,100,0,0,0,0,119.1028,0,0,-0.01497724,0.1769776,-0.984101,-0.05714907,0.982451,0.1775507,0.9982535,0.05889968,-0.004600301,222.6376,-42.45393,-201.0161,119.0222,7.576521,-0.8332824,119.266,0.5092843,0.8512723,-2.20262,0.03013568,0.0406309,-0.1420292
186,0.016671,1,100,0,0,0,0,119.2644,0,0,-0.01442672,0.1793334,-0.9836826,-0.05750587,0.9820079,0.1798715,0.998241,0.05916248,-0.003854427,224.6171,-42.34279,-200.9538,114.5188,5.947042,5.681946,119.3921,-0.4441828,3.090378,-1.303229,-0.03766355,0.1477766,-0.08657226
187,0.016739,1,100,0,0,0,0,114.6473,0,0,-0.01208567,0.1809153,-0.9834244,-0.05692881,0.9817765,0.1813118,0.998305,0.05817645,-0.001566128,226.5312,-42.25253,-200.8082,110.5425,5.502291,6.99389,115.0133,-0.8168329,3.236279,-1.03208,-0.06192708,0.1555419,-0.06923503
188,0.016752,1,100,0,0,0,0,110.6643,0,0,-0.009599023,0.182217,-0.9832115,-0.05597698,0.981617,0.182468,0.9983859,0.05678873,0.0007773954,228.3819,-42.16617,-200.6612,106.8068,5.189011,7.56224,111.1545,-1.108526,3.134843,-0.8292425,-0.08023562,0.1515188,-0.05601635
189,0.016636,1,100,0,0,0,0,106.935,0,0,-0.007181057,0.1832858,-0.9830335,-0.05475305,0.9815121,0.1834021,0.9984744,0.05514111,0.002987163,230.1589,-42.08331,-200.5169,103.3106,5.011371,7.552104,107.5128,-1.313968,2.81647,-0.6977752,-0.09233918,0.1371109,-0.04716917
190,0.016732,1,100,0,0,0,0,103.4519,0,0,-0.004974606,0.1841979,-0.9828765,-0.05334115,0.9814405,0.1841988,0.9985639,0.05334408,0.004943049,231.8883,-42.00211,-200.3759,100.018,4.875782,7.415843,104.0891,-1.448363,2.471877,-0.5864133,-0.09982317,0.1212664,-0.03961182
191,0.01704,1,100,0,0,0,0,100.1712,0,0,-0.00298281,0.1849824,-0.9827374,-0.05179564,0.9813941,0.1848868,0.9986534,0.05145299,0.006653971,233.5923,-41.92439,-200.2213,96.81182,4.573278,8.167711,100.8648,-1.53629,2.579865,-0.358157,-0.105823,0.12642,-0.02500118
192,0.016321,1,100,0,0,0,0,96.97111,0,0,-0.0009735636,0.1855047,-0.9826428,-0.05011863,0.9813993,0.1853196,0.9987426,0.04942913,0.008341786,235.1729,-41.85396,-200.0694,93.79231,4.293935,8.15839,97.70535,-1.886658,2.381742,-0.2373784,-0.1274657,0.1181499,-0.01695548
193,0.016673,1,100,0,0,0,0,93.95468,0,0,0.000944091,0.1859178,-0.9825649,-0.04819432,0.9814321,0.1856572,0.9988377,0.04717877,0.009886744,236.7382,-41.78497,-199.919,90.98062,4.187338,8.004482,94.78008,-1.801792,2.145261,-0.1994784,-0.1213294,0.1067416,-0.01426648
194,0.016727,1,100,0,0,0,0,91.15157,0,0,0.00268488,0.1862754,-0.9824939,-0.04637248,0.9814636,0.1859533,0.9989205,0.04506141,0.01127316,238.2614,-41.71828,-199.7683,88.28683,4.01115,8.140131,92.01704,-1.704273,2.064004,-0.1225691,-0.1148961,0.1025503,-0.009223242
195,0.016639,1,100,0,0,0,0,88.46404,0,0,0.004352964,0.1865424,-0.9824374,-0.04467041,0.9815024,0.1861669,0.9989926,0.04307551,0.01260537,239.7323,-41.65443,-199.6181,85.75242,3.898439,8.025866,89.37813,-1.581504,1.88826,-0.08000386,-0.1065432,0.09386807,-0.006321053
196,0.016683,1,100,0,0,0,0,85.93513,0,0,0.005886829,0.1867538,-0.9823891,-0.04310533,0.9815404,0.1863341,0.9990532,0.04124929,0.01382825,241.1652,-41.59187,-199.4712,83.35791,3.805743,7.860415,86.88602,-1.440116,1.703589,-0.04906192,-0.09697457,0.08471537,-0.004174147
197,0.016661,1,100,0,0,0,0,83.54466,0,0,0.007272048,0.1869214,-0.982348,-0.04170105,0.981576,0.1864658,0.9991037,0.03960896,0.01493289,242.5567,-41.53074,-199.328,81.08864,3.7212,7.691391,84.52446,-1.289222,1.52752,-0.02415964,-0.08682769,0.07594026,-0.002435548
198,0.016706,1,100,0,0,0,0,81.2782,0,0,0.008519677,0.1870536,-0.9823129,-0.0404611,0.9816085,0.1865685,0.999145,0.03815596,0.01593138,243.9119,-41.47437,-199.171,78.81487,3.449497,8.412605,82.28738,-1.155931,1.783325,0.1190174,-0.07922362,0.0874185,0.006583807
199,0.016679,1,100,0,0,0,0,79.01313,0,0,0.009963036,0.187049,-0.9823,-0.03923647,0.9816653,0.1865302,0.9991801,0.03668357,0.01711951,245.2284,-41.42082,-199.0133,76.69916,3.244593,8.390753,80.06881,-1.314528,1.745035,0.1596502,-0.08917075,0.08611321,0.009271822
200,0.016605,1,100,0,0,0,0,76.89895,0,0,0.01137338,0.1870169,-0.9822909,-0.03798579,0.9817262,0.1864695,0.9992137,0.0351923,0.01826953,246.5046,-41.36954,-198.8606,74.72606,3.158395,8.24402,78.01196,-1.080605,1.654235,0.1254341,-0.07401934,0.08110725,0.007146851
201,0.016673,1,100,0,0,0,0,74.92907,0,0,0.01270683,0.1870149,-0.982275,-0.03697674,0.9817703,0.1864405,0.9992356,0.03395226,0.01939039,247.7535,-41.31923,-198.7108,72.85976,3.08408,8.07358,76.0666,-0.8546072,1.558268,0.08384773,-0.05935429,0.07588868,0.004544863
202,0.016949,1,100,0,0,0,0,73.06532,0,0,0.01397443,0.1870528,-0.9822506,-0.03619553,0.9817974,0.1864516,0.9992474,0.03294753,0.02049053,248.9911,-41.27041,-198.5576,71.06812,2.9501,8.132168,74.23453,-0.6474063,1.582278,0.0731852,-0.04627928,0.0763449,0.00384961
203,0.016423,1,100,0,0,0,0,71.27846,0,0,0.01521025,0.1870978,-0.9822236,-0.03563909,0.9818145,0.186468,0.9992492,0.03216933,0.02160164,250.1613,-41.22465,-198.4109,69.35709,2.860321,8.021461,72.44939,-0.4671924,1.521574,0.04044239,-0.03463833,0.07292517,0.001786057
204,0.016674,1,100,0,0,0,0,69.5703,0,0,0.0164081,0.1871754,-0.9821895,-0.03526418,0.981819,0.1865157,0.9992436,0.03157574,0.02271038,251.3211,-41.17932,-198.2654,67.74856,2.788892,7.865948,70.77126,-0.290464,1.451021,-0.002012268,-0.02318625,0.06905947,-0.0008993842
205,0.016911,1,100,0,0,0,0,67.96401,0,0,0.01755775,0.1872966,-0.9821465,-0.03507244,0.9818088,0.1866052,0.9992306,0.03116991,0.0238073,252.4705,-41.13441,-198.1208,66.23283,2.726043,7.707639,69.18993,-0.1220215,1.386589,-0.04885696,-0.01228083,0.06551023,-0.003873911
206,0.016454,1,100,0,0,0,0,66.45034,0,0,0.01861844,0.1874581,-0.9820963,-0.03505209,0.9817851,0.1867341,0.9992122,0.03094783,0.0248501,253.5629,-41.09283,-197.978,64.62327,2.470762,8.4071,67.66025,-0.01549867,1.712443,0.02440491,-0.006598224,0.08041811,0.0006391265
207,0.016684,1,100,0,0,0,0,64.85773,0,0,0.01994366,0.1875612,-0.9820504,-0.03501782,0.9817742,0.1867973,0.9991876,0.03066384,0.02614816,254.6436,-41.05529,-197.8213,63.15985,2.33202,8.400592,66.12082,-0.1858892,1.755276,-0.001378953,-0.01755476,0.08300195,-0.001010261
208,0.016682,1,100,0,0,0,0,63.39972,0,0,0.02130302,0.1877081,-0.9819939,-0.03492618,0.981757,0.1869052,0.9991631,0.03031565,0.02747032,255.7005,-41.019,-197.6685,61.80704,2.260921,8.269688,64.70599,0.006345868,1.743335,-0.09119339,-0.005308547,0.08185979,-0.006768784
209,0.016683,1,100,0,0,0,0,62.05103,0,0,0.02264077,0.1879474,-0.9819182,-0.03503018,0.981716,0.1871009,0.9991299,0.03016066,0.02881064,256.7352,-40.98364,-197.5187,60.52377,2.202627,8.119663,63.36403,0.1762113,1.718372,-0.1846489,0.005557774,0.0801814,-0.01275725
210,0.016684,1,100,0,0,0,0,60.77148,0,0,0.02394808,0.1882823,-0.981823,-0.03530728,0.9816514,0.1873882,0.9990898,0.03017791,0.0301564,257.7487,-40.94911,-197.3719,59.30375,2.151968,7.972238,62.08836,0.3234205,1.689818,-0.2784672,0.01499476,0.07840891,-0.01877004
211,0.016678,1,100,0,0,0,0,59.55513,0,0,0.02522281,0.1887132,-0.9817084,-0.03573394,0.9815635,0.1877673,0.9990433,0.03034429,0.03150126,258.7414,-40.9157,-197.2271,58.11197,2.054049,8.003428,60.87431,0.4355379,1.741709,-0.34381,0.02193324,0.08051354,-0.02300161
212,0.016687,1,100,0,0,0,0,58.37082,0,0,0.02652991,0.1892134,-0.9815777,-0.03627002,0.981459,0.1882102,0.9989902,0.03060864,0.03290079,259.7149,-40.88393,-197.0814,56.99396,1.996581,7.901152,59.70465,0.5340513,1.73376,-0.4245681,0.02820434,0.07986204,-0.02819133
213,0.016682,1,100,0,0,0,0,57.25747,0,0,0.02782292,0.1897965,-0.9814292,-0.03690439,0.981335,0.188732,0.9989315,0.03096798,0.03430793,260.6696,-40.85286,-196.9384,55.93272,1.953534,7.775713,58.59442,0.6153805,1.711354,-0.5071753,0.03343014,0.07858986,-0.03349306
214,0.016684,1,100,0,0,0,0,56.20022,0,0,0.0290921,0.1904641,-0.9812631,-0.03762059,0.9811918,0.1893349,0.9988688,0.03140754,0.0357103,261.6068,-40.82237,-196.798,54.92289,1.918792,7.650892,57.53816,0.6798874,1.684928,-0.5882144,0.03759913,0.07718425,-0.03869272
215,0.016685,1,100,0,0,0,0,55.19424,0,0,0.03033513,0.1912143,-0.9810794,-0.03840155,0.9810294,0.1900172,0.9988017,0.03191078,0.03710258,262.5274,-40.79236,-196.6598,53.96107,1.890504,7.531687,56.53236,0.7285694,1.65694,-0.6664184,0.0407667,0.07575691,-0.04370984
216,0.016912,1,100,0,0,0,0,54.23618,0,0,0.03156782,0.1920563,-0.9808761,-0.03924425,0.9808468,0.1907876,0.9987311,0.032471,0.0385003,263.4444,-40.76233,-196.522,53.05854,1.869578,7.416422,55.5887,0.7670629,1.63212,-0.7425378,0.04327472,0.07451188,-0.04859542
217,0.016455,1,100,0,0,0,0,53.33745,0,0,0.03274426,0.1929496,-0.9806622,-0.04009831,0.980652,0.1916087,0.9986591,0.03304881,0.03984768,264.3188,-40.73694,-196.3754,52.01488,1.663819,8.07931,54.6598,0.7516029,1.957757,-0.7014245,0.04116491,0.08984531,-0.0461646
218,0.016684,1,100,0,0,0,0,52.32207,0,0,0.03418644,0.1938237,-0.9804407,-0.04093147,0.9804626,0.1924008,0.9985772,0.03355338,0.04145202,265.1897,-40.71223,-196.2256,51.11846,1.611649,8.119615,53.71691,0.7666113,2.025361,-0.7311453,0.04186008,0.09299638,-0.04812882
219,0.016761,1,100,0,0,0,0,51.43638,0,0,0.03568469,0.1947345,-0.9802067,-0.04177728,0.9802647,0.1932251,0.9984896,0.03405519,0.04311592,266.0503,-40.68743,-196.0778,50.28772,1.595721,8.032275,52.84607,0.7769796,2.034557,-0.7739137,0.04245754,0.09342732,-0.05089501
220,0.016601,1,100,0,0,0,0,50.61242,0,0,0.03717342,0.1956793,-0.9799632,-0.04262115,0.9800591,0.1940817,0.9983996,0.03455248,0.04477223,266.8891,-40.66291,-195.9338,49.49086,1.588557,7.925535,52.01071,0.7758468,2.024964,-0.8159598,0.04238811,0.09301466,-0.05360221
221,0.016684,1,100,0,0,0,0,49.82139,0,0,0.03866034,0.1966713,-0.9797071,-0.04346668,0.979843,0.1949833,0.9983068,0.03504649,0.04642971,267.7189,-40.63827,-195.7912,48.7386,1.586929,7.81651,51.2221,0.7683864,2.010024,-0.8558241,0.04193417,0.09237171,-0.05616517
222,0.016682,1,100,0,0,0,0,49.07461,0,0,0.0401304,0.1977028,-0.9794403,-0.04437246,0.9796156,0.1959201,0.9982089,0.03559782,0.04808492,268.5361,-40.61384,-195.6507,48.01447,1.54308,7.706845,50.46141,0.950865,1.99279,-0.8918725,0.05353057,0.09096542,-0.05850778
223,0.016682,1,100,0,0,0,0,48.35398,0,0,0.04157555,0.19877,-0.9791639,-0.04545696,0.9793729,0.1968822,0.9981009,0.03632433,0.04975345,269.3409,-40.59068,-195.5102,47.28705,1.464936,7.725962,49.72465,1.08026,2.031641,-0.9038183,0.0615613,0.0923625,-0.05934172
224,0.016681,1,100,0,0,0,0,47.63485,0,0,0.04304207,0.1998499,-0.9788807,-0.04666149,0.9791217,0.1978474,0.9979832,0.03716027,0.05146872,270.1336,-40.56848,-195.3707,46.5962,1.420008,7.647404,48.99889,1.174534,2.024524,-0.9241018,0.06752356,0.09172391,-0.06068157
225,0.016681,1,100,0,0,0,0,46.9486,0,0,0.04449651,0.2009499,-0.9785904,-0.04795284,0.9788611,0.1988251,0.997858,0.03807916,0.05319202,270.9149,-40.54679,-195.2333,45.92978,1.38893,7.550719,48.29857,1.233732,2.004725,-0.9433629,0.07130522,0.09060951,-0.06194629
226,0.016673,1,100,0,0,0,0,46.28593,0,0,0.04593045,0.2020679,-0.978294,-0.04929516,0.9785929,0.1998152,0.9977279,0.03904756,0.05490818,271.6848,-40.52551,-195.0978,45.28394,1.367037,7.453357,47.62006,1.260494,1.979793,-0.9594303,0.07304832,0.08936481,-0.06300006
227,0.016632,1,100,0,0,0,0,45.64368,0,0,0.0473391,0.2031978,-0.9779927,-0.05065282,0.978319,0.2008138,0.9975938,0.04003175,0.05660529,272.4421,-40.50455,-194.9646,44.65535,1.352579,7.359154,46.95998,1.258073,1.951233,-0.9716898,0.07295465,0.08804945,-0.06380303
228,0.016683,1,100,0,0,0,0,45.01861,0,0,0.04872915,0.2043421,-0.977686,-0.05200466,0.9780403,0.2018242,0.9974574,0.0410095,0.05828581,273.1912,-40.48367,-194.8327,44.04894,1.345415,7.267708,46.32343,1.23196,1.921061,-0.9802334,0.07136569,0.08673987,-0.06436199
229,0.016732,1,100,0,0,0,0,44.41573,0,0,0.05010351,0.2055084,-0.9773721,-0.05326705,0.9777582,0.2028589,0.9973227,0.04189778,0.05993594,273.9324,-40.46296,-194.7022,43.45648,1.31417,7.167233,45.69851,1.016369,1.890594,-1.018796,0.05777927,0.08611506,-0.06681055
230,0.016815,1,100,0,0,0,0,43.82477,0,0,0.05147179,0.2067181,-0.9770457,-0.05430353,0.9774745,0.2039481,0.997197,0.04255946,0.06153789,274.6632,-40.44725,-194.5547,42.70728,1.096291,7.827803,45.09827,0.7555989,2.215057,-0.9444317,0.04003914,0.1022868,-0.06226922
231,0.016505,1,100,0,0,0,0,43.11593,0,0,0.05307367,0.2078378,-0.9767224,-0.0551016,0.9772202,0.2049496,0.9970691,0.04294154,0.06331685,275.3707,-40.43187,-194.412,42.07332,1.076055,7.894875,44.42955,0.732462,2.277025,-0.9266906,0.03830169,0.1052875,-0.06119062
232,0.016726,1,100,0,0,0,0,42.4961,0,0,0.05474563,0.2089556,-0.9763916,-0.0558808,0.9769667,0.2059454,0.9969355,0.04328693,0.06516127,276.0777,-40.41577,-194.2696,41.49492,1.094162,7.830487,43.82217,0.7133442,2.28212,-0.9213879,0.03702545,0.105605,-0.06086596
233,0.016662,1,100,0,0,0,0,41.92537,0,0,0.05641605,0.2100618,-0.976059,-0.05663428,0.9767152,0.2069296,0.9967997,0.04360425,0.06699912,276.7726,-40.3992,-194.1296,40.93633,1.120226,7.74465,43.2353,0.6914102,2.270796,-0.9154861,0.03563129,0.1051589,-0.06048884
234,0.016704,1,100,0,0,0,0,41.37305,0,0,0.05808308,0.2111624,-0.9757239,-0.05736571,0.976465,0.2079079,0.9966625,0.04389716,0.06882957,277.46,-40.38206,-193.9911,40.39981,1.149153,7.656338,42.67163,0.6681927,2.253519,-0.9068504,0.03417819,0.1044351,-0.05993064
235,0.016679,1,100,0,0,0,0,40.8424,0,0,0.05973582,0.2122496,-0.975388,-0.05807083,0.9762169,0.2088736,0.9965236,0.04416436,0.07064063,278.1374,-40.36441,-193.8544,39.87988,1.177935,7.571,42.12556,0.6434032,2.231998,-0.8948213,0.03264211,0.1035143,-0.05915015
236,0.016683,1,100,0,0,0,0,40.32808,0,0,0.0613742,0.2133217,-0.9750524,-0.05874972,0.9759723,0.209825,0.9963843,0.04440621,0.07243211,278.8063,-40.34624,-193.7193,39.37756,1.205833,7.488542,41.5981,0.6180208,2.207311,-0.87947,0.03108135,0.102444,-0.05815304
237,0.01668,1,100,0,0,0,0,39.83115,0,0,0.06299531,0.2143746,-0.974718,-0.05940163,0.9757317,0.2107585,0.9962445,0.04462304,0.07420073,279.4665,-40.32799,-193.5846,38.86933,1.200167,7.501144,41.08808,0.5854248,2.224197,-0.8458787,0.02890806,0.1033464,-0.05601712
238,0.016683,1,100,0,0,0,0,39.3335,0,0,0.06463286,0.2153918,-0.9743865,-0.06001616,0.9754996,0.2116569,0.9961028,0.04479894,0.07597632,280.1185,-40.30965,-193.4503,38.39091,1.212789,7.440429,40.58559,0.5571308,2.20667,-0.8183743,0.02713794,0.1026149,-0.05424351
239,0.016684,1,100,0,0,0,0,38.86092,0,0,0.06625991,0.2163779,-0.9740587,-0.06060013,0.9752746,0.2125257,0.9959605,0.04494616,0.07773413,280.7626,-40.29096,-193.3177,37.93134,1.227884,7.366062,40.10228,0.531307,2.179875,-0.7902066,0.02556092,0.1014362,-0.05241936
240,0.016683,1,100,0,0,0,0,38.4059,0,0,0.0678691,0.2173316,-0.9737355,-0.06115662,0.9750569,0.2133639,0.9958182,0.04506956,0.07946749,281.399,-40.27197,-193.1865,37.48771,1.241664,7.290782,39.63553,0.5077828,2.149519,-0.7600456,0.02414482,0.1000791,-0.05046397
241,0.01687,1,100,0,0,0,0,37.96629,0,0,0.06947199,0.2182731,-0.9734118,-0.06174237,0.9748394,0.2141867,0.9956715,0.04522078,0.08120074,282.0352,-40.25267,-193.0553,37.05989,1.224581,7.210416,39.18393,0.6195384,2.122916,-0.7597858,0.03127857,0.09841051,-0.05045182
242,0.016498,1,100,0,0,0,0,37.54034,0,0,0.07101259,0.2191898,-0.9730946,-0.06243135,0.9746214,0.2149778,0.9955198,0.04548548,0.08289471,282.6501,-40.2341,-192.9284,36.62468,1.198667,7.1364,38.72461,0.7290677,2.091423,-0.7553015,0.03828993,0.09651431,-0.0501693
243,0.016683,1,100,0,0,0,0,37.10668,0,0,0.07253892,0.2201097,-0.9727745,-0.06324608,0.9743962,0.2157605,0.9953588,0.04587314,0.08460272,283.2648,-40.21571,-192.8015,36.21413,1.16987,7.060395,38.29063,0.8441253,2.060012,-0.7481914,0.04564976,0.09459706,-0.04972433
244,0.016851,1,100,0,0,0,0,36.69704,0,0,0.0740526,0.2210261,-0.9724524,-0.06412889,0.9741669,0.2165323,0.9951903,0.04632751,0.08631375,283.8789,-40.19739,-192.6747,35.83791,1.178351,6.994123,37.89433,0.7822497,2.028208,-0.7305213,0.04182083,0.09332827,-0.04857288
245,0.016515,1,100,0,0,0,0,36.32381,0,0,0.0755192,0.2219137,-0.9721375,-0.0648815,0.9739492,0.217287,0.9950315,0.04666441,0.08794996,284.4723,-40.18113,-192.5455,35.14037,0.8784246,7.972083,37.48067,0.5391046,2.485884,-0.5910485,0.02462728,0.115767,-0.03997597
246,0.016684,1,100,0,0,0,0,35.70791,0,0,0.07736381,0.2226785,-0.9718175,-0.06549311,0.9737685,0.2179118,0.9948496,0.04678886,0.08991835,285.06,-40.16927,-192.3983,34.6806,0.8857863,8.119624,36.9899,0.739343,2.584922,-0.5229753,0.03685747,0.119625,-0.03573792
247,0.016682,1,100,0,0,0,0,35.27353,0,0,0.07927367,0.223377,-0.9715031,-0.0663087,0.9735934,0.2184469,0.994645,0.04710203,0.09199216,285.6411,-40.15614,-192.2529,34.27267,0.9415869,8.094806,36.56386,0.960933,2.605381,-0.4745981,0.05074413,0.1197036,-0.03271169
248,0.016715,1,100,0,0,0,0,34.87815,0,0,0.0811904,0.2240279,-0.971195,-0.06735577,0.9734177,0.2189098,0.9944203,0.04764221,0.09412175,286.2167,-40.14177,-192.1086,33.88768,1.007906,8.037368,36.16165,1.190406,2.606134,-0.429966,0.06520621,0.1188214,-0.02992287
249,0.016687,1,100,0,0,0,0,34.50311,0,0,0.08309146,0.2246323,-0.9708945,-0.06863653,0.97324,0.2193009,0.9941753,0.0484168,0.09628591,286.7851,-40.12621,-191.9658,33.51522,1.074776,7.976174,35.77274,1.417166,2.59902,-0.3860452,0.07952791,0.1175759,-0.02718555
250,0.01669,1,100,0,0,0,0,34.14003,0,0,0.08497455,0.2251926,-0.9706017,-0.07014845,0.97306,0.2196215,0.9939108,0.04942397,0.09848224,287.3474,-40.10947,-191.8242,33.15514,1.139803,7.91587,35.39698,1.635304,2.587183,-0.3424906,0.09332371,0.1161384,-0.02447924
251,0.016688,1,100,0,0,0,0,33.78916,0,0,0.08683609,0.2257093,-0.9703169,-0.07188018,0.972877,0.2198721,0.9936262,0.05065372,0.1007049,287.9036,-40.09161,-191.6837,32.80616,1.201526,7.857262,35.03291,1.839617,2.571559,-0.2994616,0.1062615,0.1145737,-0.02181359
252,0.016685,1,100,0,0,0,0,33.44919,0,0,0.08867405,0.2261836,-0.9700402,-0.07381567,0.9726909,0.220054,0.993322,0.05209109,0.1029483,288.4539,-40.07269,-191.5443,32.46755,1.259077,7.800053,34.67962,2.026391,2.552624,-0.2572357,0.118105,0.1129194,-0.01920518
253,0.016675,1,100,0,0,0,0,33.11932,0,0,0.0904863,0.2266165,-0.9697717,-0.0759346,0.9725017,0.2201692,0.9929987,0.05371694,0.1052061,288.9983,-40.05279,-191.4062,32.13832,1.311803,7.743852,34.33593,2.192987,2.530674,-0.2161047,0.1286866,0.1112003,-0.01667112
254,0.016683,1,100,0,0,0,0,32.79848,0,0,0.09227381,0.2270099,-0.9695112,-0.0782177,0.972309,0.2202206,0.9926567,0.05551235,0.1074748,289.5374,-40.03207,-191.269,31.80166,1.338347,7.745804,34.00219,2.333621,2.534053,-0.1668291,0.1375277,0.1107702,-0.01364413
255,0.016935,1,100,0,0,0,0,32.4749,0,0,0.09408382,0.2273628,-0.9692546,-0.0806725,0.9721127,0.2202025,0.9922906,0.0574747,0.109802,290.0789,-40.01065,-191.1294,31.49771,1.375749,7.700542,33.68437,2.459344,2.517662,-0.1247026,0.1455071,0.1094691,-0.01106341
256,0.016435,1,100,0,0,0,0,32.17949,0,0,0.09582319,0.2276657,-0.9690132,-0.08316867,0.9719201,0.2201244,0.9919182,0.05949852,0.1120671,290.5994,-39.98919,-190.9951,31.17751,1.405254,7.64807,33.34846,2.554739,2.490167,-0.08606556,0.1516169,0.1077636,-0.00869191
257,0.016682,1,100,0,0,0,0,31.86625,0,0,0.09756327,0.2279371,-0.9687756,-0.08579275,0.9717222,0.2199904,0.9915248,0.06165094,0.1143597,291.1225,-39.96687,-190.8598,30.87999,1.434438,7.589896,33.03562,2.634804,2.461124,-0.05024068,0.1567662,0.1060465,-0.006501793
258,0.016719,1,100,0,0,0,0,31.57469,0,0,0.09928183,0.2281758,-0.9685448,-0.088496,0.9715214,0.2198057,0.9911163,0.06388962,0.1166471,291.6418,-39.94399,-190.7254,30.59184,1.459053,7.533027,32.73225,2.695923,2.431196,-0.01677113,0.1607241,0.1043631,-0.004460704
259,0.016619,1,100,0,0,0,0,31.292,0,0,0.1009626,0.2283928,-0.9683198,-0.09127291,0.9713149,0.2195826,0.9906945,0.06621173,0.1189126,292.1531,-39.92096,-190.5928,30.29723,1.454547,7.471398,32.42006,2.840051,2.402258,-0.01524368,0.1699314,0.1024333,-0.004491687
260,0.016683,1,100,0,0,0,0,31.00005,0,0,0.1026178,0.228613,-0.9680938,-0.09420611,0.9710907,0.2193349,0.9902496,0.06869269,0.1211879,292.6615,-39.89793,-190.4609,30.01288,1.443512,7.410331,32.11794,2.971333,2.373171,-0.01522281,0.1783279,0.1005492,-0.004624265
261,0.016682,1,100,0,0,0,0,30.71745,0,0,0.1042414,0.2288373,-0.9678673,-0.09727038,0.9708493,0.2190661,0.9897838,0.07130906,0.1234618,293.1652,-39.87508,-190.3301,29.73493,1.426394,7.349752,31.82192,3.087387,2.343316,-0.01659162,0.1857654,0.09869095,-0.004847827
262,0.016686,1,100,0,0,0,0,30.44028,0,0,0.1058429,0.2290596,-0.9676409,-0.100326,0.9706015,0.2187866,0.9893089,0.07392251,0.1257119,293.6645,-39.85207,-190.2003,29.49269,1.485539,7.307681,31.56911,2.832485,2.308917,0.000951238,0.1697824,0.09806173,-0.003742968
263,0.016634,1,100,0,0,0,0,30.20586,0,0,0.1074323,0.229274,-0.967415,-0.1030704,0.970372,0.2185287,0.9888554,0.07623481,0.1278806,294.1581,-39.82816,-190.0718,29.24865,1.536079,7.2593,31.31269,2.477385,2.273257,-0.006007083,0.1474841,0.09780008,-0.004149901
264,0.016735,1,100,0,0,0,0,29.96811,0,0,0.1090266,0.2294991,-0.9671832,-0.1054543,0.970163,0.2183187,0.9884293,0.07819112,0.1299752,294.6484,-39.80518,-189.9365,28.81939,1.425493,7.800941,31.06838,2.081292,2.516995,0.06973023,0.1214631,0.1108165,0.0003974373
265,0.016682,1,100,0,0,0,0,29.61132,0,0,0.1108271,0.229662,-0.9669399,-0.10749,0.9699961,0.2180678,0.9880098,0.07976854,0.1321882,295.131,-39.78288,-189.7958,28.53526,1.502373,7.88514,30.7784,1.981097,2.55655,0.1102458,0.1149556,0.1130392,0.002885981
266,0.016759,1,100,0,0,0,0,29.35528,0,0,0.1126752,0.2297915,-0.9666956,-0.1094247,0.9698433,0.2177855,0.9875885,0.0812413,0.1344222,295.6117,-39.7585,-189.6554,28.28691,1.606544,7.872602,30.52659,1.892423,2.552581,0.1365187,0.109355,0.1131738,0.004524867
267,0.016614,1,100,0,0,0,0,29.1246,0,0,0.114512,0.2298965,-0.9664547,-0.1112491,0.9697025,0.2174875,0.9871732,0.08261231,0.1366184,296.0842,-39.73248,-189.517,28.04337,1.71056,7.8419,30.27905,1.812396,2.536315,0.1577313,0.1043522,0.1126978,0.005860982
268,0.016677,1,100,0,0,0,0,28.89632,0,0,0.1163497,0.2299826,-0.9662147,-0.1129977,0.9695705,0.2171744,0.9867597,0.08391184,0.1387968,296.5545,-39.70456,-189.3788,27.81158,1.811328,7.80749,30.04376,1.742022,2.516426,0.1756423,0.09997559,0.1120155,0.00699298
269,0.016895,1,100,0,0,0,0,28.67899,0,0,0.1182015,0.2300536,-0.965973,-0.1146965,0.9694446,0.2168455,0.9863434,0.0851623,0.1409761,297.0271,-39.67456,-189.2395,27.59792,1.907781,7.774058,29.82759,1.682086,2.496552,0.1907913,0.0962599,0.1112958,0.007948618
270,0.01647,1,100,0,0,0,0,28.47945,0,0,0.1199971,0.2301084,-0.9657385,-0.1162911,0.9693286,0.2165142,0.9859396,0.08632574,0.1430762,297.4842,-39.64378,-189.1043,27.36983,1.988932,7.741518,29.59543,1.628565,2.471527,0.2035673,0.09297156,0.1103093,0.008763586
271,0.016676,1,100,0,0,0,0,28.26432,0,0,0.1217999,0.2301523,-0.9655024,-0.1178525,0.969217,0.2161704,0.9855335,0.0874573,0.1451746,297.9433,-39.61126,-188.9681,27.16009,2.064026,7.706641,29.38185,1.585419,2.446064,0.2132855,0.09034186,0.1092648,0.009382904
272,0.016683,1,100,0,0,0,0,28.0665,0,0,0.1235873,0.2301871,-0.9652669,-0.1193716,0.9691091,0.2158197,0.9851279,0.08855285,0.1472474,298.3991,-39.57748,-188.8325,26.95749,2.128422,7.672673,29.17492,1.550575,2.41997,0.2205069,0.08824035,0.1081607,0.00984356
273,0.016638,1,100,0,0,0,0,27.87483,0,0,0.1253526,0.2302152,-0.9650326,-0.1208525,0.9690046,0.2154646,0.9847243,0.08961754,0.1492893,298.8504,-39.54277,-188.698,26.75951,2.181371,7.638485,28.97173,1.523143,2.392638,0.2252279,0.08661316,0.1069719,0.01014621
274,0.016727,1,100,0,0,0,0,27.68658,0,0,0.1271081,0.2302392,-0.9647971,-0.1223153,0.9689011,0.215104,0.9843184,0.09066804,0.1513169,299.3008,-39.50702,-188.5633,26.56875,2.220106,7.615878,28.77916,1.502595,2.37113,0.2292951,0.08539803,0.1060325,0.01039726
275,0.016681,1,100,0,0,0,0,27.50581,0,0,0.1288437,0.2302598,-0.964562,-0.1237545,0.9687991,0.2147405,0.9839129,0.09170089,0.1533193,299.7467,-39.47079,-188.4294,26.38464,2.25027,7.583173,28.58812,1.488391,2.344496,0.2298119,0.08460547,0.1048303,0.01042876
276,0.016679,1,100,0,0,0,0,27.32918,0,0,0.1305594,0.2302803,-0.9643264,-0.125181,0.9686966,0.2143758,0.9835062,0.09272655,0.1552992,300.1895,-39.43407,-188.2962,26.20734,2.270866,7.54761,28.40274,1.480043,2.316303,0.2276098,0.08418997,0.1035352,0.01028803
277,0.016685,1,100,0,0,0,0,27.15779,0,0,0.1322542,0.2303033,-0.9640899,-0.1266019,0.9685923,0.2140116,0.9830976,0.09375166,0.1572572,300.6296,-39.39702,-188.1637,26.03652,2.281993,7.511065,28.22287,1.476788,2.28752,0.22298,0.08409932,0.1021957,0.009992167
278,0.016633,1,100,0,0,0,0,26.99155,0,0,0.1339212,0.2303309,-0.9638532,-0.1280174,0.968486,0.2136508,0.9826887,0.09477761,0.1591872,301.0655,-39.35994,-188.0323,25.86899,2.283653,7.473814,28.04519,1.477413,2.257942,0.2161455,0.08425756,0.1008069,0.009556128
279,0.016738,1,100,0,0,0,0,26.82734,0,0,0.1355749,0.2303658,-0.9636137,-0.1294456,0.9683753,0.2132919,0.9822749,0.09581857,0.1611072,301.5013,-39.32261,-187.9007,25.71223,2.278061,7.436184,27.87772,1.482667,2.228913,0.2069602,0.0847066,0.09942959,0.008967455
280,0.016838,1,100,0,0,0,0,26.67279,0,0,0.1372122,0.2304178,-0.9633695,-0.1309121,0.9682555,0.2129407,0.9818531,0.0968987,0.163021,301.9371,-39.28525,-187.7691,25.55993,2.252275,7.395583,27.71246,1.54881,2.202858,0.1751897,0.08899774,0.0979895,0.006904913
281,0.016511,1,100,0,0,0,0,26.51997,0,0,0.1387905,0.2305005,-0.9631236,-0.1324225,0.9681219,0.2126141,0.9814287,0.09803043,0.1648895,302.3619,-39.2491,-187.6407,25.39635,2.215676,7.355172,27.53427,1.614326,2.174559,0.1435299,0.09325679,0.09644631,0.004851741
282,0.016683,1,100,0,0,0,0,26.3547,0,0,0.1403551,0.2306169,-0.9628689,-0.134023,0.9679699,0.2123024,0.9809886,0.0992489,0.1667674,302.7884,-39.21318,-187.5118,25.2464,2.174197,7.313167,27.36937,1.684031,2.147018,0.1103041,0.09777682,0.09492628,0.002692302
283,0.016709,1,100,0,0,0,0,26.20181,0,0,0.1418923,0.2307677,-0.9626073,-0.1357038,0.9677999,0.2120092,0.9805362,0.100547,0.1686394,303.2131,-39.17793,-187.3835,25.10179,2.127293,7.271812,27.20943,1.75407,2.119972,0.0765117,0.1023148,0.09343059,0.0004928028
284,0.016656,1,100,0,0,0,0,26.05342,0,0,0.1434014,0.2309464,-0.9623408,-0.1373709,0.9676228,0.2117439,0.9800844,0.1018332,0.1704838,303.6342,-39.14327,-187.2562,24.97927,2.132532,7.244826,27.07904,1.577435,2.089825,0.05969547,0.09127881,0.09274025,-0.00051169
285,0.016682,1,100,0,0,0,0,25.93408,0,0,0.1448996,0.231144,-0.9620689,-0.1388523,0.967459,0.2115261,0.9796551,0.1029354,0.1722793,304.054,-39.10846,-187.1293,24.86028,2.137869,7.216113,26.95197,1.374888,2.059393,0.0360522,0.07861036,0.09215148,-0.001930069
286,0.016681,1,100,0,0,0,0,25.81775,0,0,0.146385,0.2313645,-0.961791,-0.1401274,0.9673104,0.2113648,0.9792528,0.1038326,0.1740202,304.4678,-39.07664,-186.9921,24.5584,1.999114,7.692953,26.82856,1.150574,2.272483,0.08513888,0.06356564,0.1030724,0.0008849245
287,0.016673,1,100,0,0,0,0,25.59518,0,0,0.1480473,0.2315562,-0.9614905,-0.1411901,0.9671943,0.2111898,0.9788504,0.1044868,0.1758839,304.879,-39.04484,-186.8548,24.38826,1.999241,7.766387,26.65486,1.057733,2.308194,0.09420773,0.05754816,0.1051257,0.001411405
288,0.016682,1,100,0,0,0,0,25.44734,0,0,0.1497435,0.231744,-0.9611825,-0.1421561,0.9670894,0.2110216,0.9784524,0.1050388,0.1777592,305.2881,-39.01245,-186.7181,24.24766,2.023739,7.756441,26.50966,0.976184,2.305757,0.09190165,0.05240099,0.1053441,0.001279321
289,0.016681,1,100,0,0,0,0,25.31653,0,0,0.1514422,0.2319352,-0.96087,-0.1430407,0.9669921,0.2108684,0.9780615,0.1055092,0.1796196,305.6951,-38.97953,-186.5821,24.11663,2.052752,7.730955,26.37332,0.9042615,2.294063,0.08630431,0.04790018,0.1050907,0.0009535486
290,0.016684,1,100,0,0,0,0,25.19276,0,0,0.1531356,0.232132,-0.9605541,-0.1438554,0.9669011,0.2107318,0.9776784,0.1059104,0.1814604,306.1,-38.94607,-186.4466,23.99137,2.081536,7.703699,26.24293,0.8418698,2.279289,0.07920786,0.04401418,0.1046559,0.0005368995
291,0.016681,1,100,0,0,0,0,25.07422,0,0,0.1548201,0.2323353,-0.9602349,-0.1446102,0.9668146,0.2106116,0.9773017,0.1062529,0.1832804,306.5027,-38.91213,-186.3117,23.87077,2.108485,7.677325,26.11746,0.7888051,2.26282,0.0710902,0.04072433,0.104105,5.693268e-05
292,0.016685,1,100,0,0,0,0,24.96008,0,0,0.1564944,0.2325459,-0.9599125,-0.1453153,0.9667318,0.2105071,0.9769305,0.1065468,0.1850806,306.9036,-38.87772,-186.1773,23.75499,2.132893,7.652184,25.99702,0.7448866,2.245126,0.06214512,0.03801718,0.1034609,-0.0004752809
293,0.016628,1,100,0,0,0,0,24.8505,0,0,0.1581509,0.2327634,-0.9595882,-0.1459777,0.9666514,0.2104179,0.9765649,0.1068007,0.186855,307.3011,-38.84303,-186.0438,23.64106,2.153688,7.627936,25.87833,0.7093524,2.225928,0.05258843,0.03584567,0.1027131,-0.001045548
294,0.016944,1,100,0,0,0,0,24.74236,0,0,0.1598242,0.2329939,-0.9592551,-0.1466215,0.9665707,0.2103418,0.9761962,0.1070297,0.1886433,307.7044,-38.80731,-185.9082,23.54663,2.173965,7.605987,25.78017,0.6839709,2.208303,0.04199711,0.03430906,0.1020012,-0.001688045
295,0.01647,1,100,0,0,0,0,24.65363,0,0,0.161438,0.2332264,-0.9589282,-0.1472249,0.9664922,0.2102804,0.9758396,0.1072309,0.1903653,308.0948,-38.77229,-185.7768,23.43339,2.185799,7.584339,25.66171,0.6628807,2.186655,0.03186177,0.03305947,0.1010803,-0.00229455
296,0.016683,1,100,0,0,0,0,24.54541,0,0,0.1630556,0.2334704,-0.9585952,-0.14782,0.9664124,0.2102304,0.9754808,0.1074202,0.1920906,308.4883,-38.7366,-185.6442,23.33547,2.196572,7.561938,25.55888,0.6502685,2.165152,0.02072342,0.03234475,0.1001341,-0.002968524
297,0.016683,1,100,0,0,0,0,24.45184,0,0,0.1646559,0.2337238,-0.9582598,-0.1484068,0.9663306,0.2101919,0.9751226,0.1076029,0.1937983,308.8803,-38.70073,-185.512,23.24144,2.203376,7.540997,25.45984,0.6436892,2.143432,0.009432983,0.0320117,0.09915364,-0.003654074
298,0.016683,1,100,0,0,0,0,24.36177,0,0,0.1662383,0.2339865,-0.9579224,-0.1489915,0.9662469,0.2101639,0.9747651,0.107785,0.1954893,309.2708,-38.66469,-185.3804,23.15469,2.209931,7.511626,25.36455,0.6430646,2.116742,-0.003514335,0.03207519,0.09791651,-0.004438764
299,0.016682,1,100,0,0,0,0,24.27703,0,0,0.1677985,0.2342597,-0.9575834,-0.1495803,0.9661595,0.2101465,0.9744071,0.1079734,0.1971608,309.6599,-38.62859,-185.2492,23.06948,2.210739,7.490407,25.2739,0.6466137,2.092974,-0.01559954,0.03238983,0.09679966,-0.005175742
