tick,dt,grounded,throttle,brake,steer,airbrake_l,airbrake_r,speed_cached,stun_timer,timer_2e0,shield,fov_intercept,fov_additive,controller_class,ss_tap_window_l,ss_tap_window_r,ss_shift_l,ss_shift_r,ss_lockout,right_x,right_y,right_z,up_x,up_y,up_z,fwd_x,fwd_y,fwd_z,pos_x,pos_y,pos_z,vel_x,vel_y,vel_z,speed,avel_x,avel_y,avel_z,omega_x,omega_y,omega_z
0,0.016678,1,0,0,0,0,0,0.001401154,0,0,135,0,6.82471e-05,0,0,0,0,0,0,-0.02836041,-0.01918258,-0.9994138,-0.005034641,0.999806,-0.01904724,0.9995853,0.004491502,-0.02845149,6.078846,-50.06476,-195.9963,0.0002857124,0.004802087,-0.0211869,0.02172617,0.0005685398,-0.1149017,-0.0001639603,-2.79849e-06,-0.005320111,-1.321649e-06
1,0.016685,1,0,0,0,0,0,0.0009099613,0,0,135,0,-0.0001046525,0,0,0,0,0,0,-0.02844914,-0.01918296,-0.9994112,-0.005034597,0.9998059,-0.01904722,0.9995826,0.004489756,-0.0285402,6.078844,-50.06474,-195.9965,-0.0009859591,-0.004953772,0.01358008,0.01448898,0.0005775949,-0.1149339,-0.0001593431,-2.229849e-06,-0.005321598,-1.026666e-06
2,0.016684,1,0,0,0,0,0,0.001395367,0,0,135,0,6.849755e-05,0,0,0,0,0,0,-0.02853789,-0.01918334,-0.9994087,-0.00503455,0.9998059,-0.01904721,0.9995801,0.004488006,-0.02862893,6.078834,-50.06476,-195.9965,0.0002837579,0.004807855,-0.0212402,0.02177939,0.0005497771,-0.1149059,-0.0001657229,-4.004123e-06,-0.005320314,-1.441478e-06
3,0.016682,1,100,0,0,0,0,0.0009133007,0,0,135,0,0.04243104,0,0,0,0,0,0,-0.02862661,-0.01918371,-0.999406,-0.005034487,0.9998058,-0.01904718,0.9995773,0.00448624,-0.02871763,6.081984,-50.06472,-195.9967,0.5659185,-0.002392637,-0.002738602,0.5659302,0.0005626354,-0.1149382,-0.0001720134,-3.191746e-06,-0.005321803,-1.845735e-06
4,0.016847,1,100,0,0,0,0,0.5657472,0,0,135,0,0.08349706,0,0,0,0,0,0,-0.02871623,-0.01918409,-0.9994037,-0.005034622,0.9998062,-0.01904715,0.9995753,0.004484657,-0.02880725,6.094591,-50.06475,-195.9969,1.113113,-0.001325147,-0.02290648,1.113349,0.001084946,-0.11491,-0.0001782248,3.029513e-05,-0.00532032,-2.248594e-06
5,0.016527,1,100,0,0,0,0,1.113294,0,0,135,0,0.1244486,0,0,0,0,0,0,-0.02880411,-0.01918445,-0.999401,-0.00503548,0.999806,-0.01904709,0.9995726,0.00448383,-0.02889513,6.115994,-50.06477,-195.9973,1.658817,-0.0001383321,-0.04175922,1.659343,0.00210227,-0.1148921,-0.0001734566,9.550695e-05,-0.005319144,-1.94449e-06
6,0.016678,1,100,0,0,0,0,1.659314,0,0,135,0,0.1664406,0,0,0,0,0,0,-0.02889277,-0.01918481,-0.9993984,-0.005037614,0.9998059,-0.019047,0.9995698,0.004484262,-0.02898381,6.146771,-50.06477,-195.9981,2.218405,0.001273289,-0.06044305,2.219229,0.003627809,-0.1148808,-0.0001686826,0.000193291,-0.005318097,-1.636153e-06
7,0.016794,1,100,0,0,0,0,2.219208,0,0,135,0,0.2094089,0,0,0,0,0,0,-0.02898205,-0.01918519,-0.9993958,-0.005041595,0.9998059,-0.01904686,0.9995673,0.004486531,-0.02907314,6.187232,-50.06474,-195.9993,2.791013,0.002930773,-0.07911791,2.792136,0.005681936,-0.1148744,-0.0001639562,0.0003249538,-0.0053171,-1.325892e-06
8,0.016577,1,100,0,0,0,0,2.792119,0,0,135,0,0.2525089,0,0,0,0,0,0,-0.02907014,-0.01918557,-0.9993933,-0.005047883,0.9998059,-0.01904666,0.9995647,0.004491131,-0.02916135,6.236673,-50.06468,-196.0007,3.365385,0.004800682,-0.09753367,3.366801,0.008237549,-0.1148719,-0.0001699176,0.0004887586,-0.00531611,-1.6949e-06
9,0.016706,1,100,0,0,0,0,3.366786,0,0,135,0,0.2966343,0,0,0,0,0,0,-0.02915891,-0.01918594,-0.9993907,-0.005057136,0.9998059,-0.01904636,0.9995622,0.004498683,-0.02925028,6.296169,-50.06459,-196.0024,3.953425,0.006927347,-0.1161601,3.955137,0.01129472,-0.1148721,-0.0001755496,0.0006847099,-0.005315076,-2.035746e-06
10,0.01667,1,100,0,0,0,0,3.955123,0,0,135,0,0.3413647,0,0,0,0,0,0,-0.02924747,-0.01918631,-0.9993881,-0.005069795,0.9998059,-0.01904596,0.9995595,0.004509647,-0.02933906,6.365386,-50.06446,-196.0045,4.549534,0.009280493,-0.134877,4.551543,0.01480787,-0.1148744,-0.0001698447,0.0009098872,-0.005313982,-1.641988e-06
11,0.016679,1,100,0,0,0,0,4.551529,0,0,135,0,0.3868247,0,0,0,0,0,0,-0.02933606,-0.01918668,-0.9993855,-0.005086367,0.9998057,-0.01904544,0.9995568,0.004524523,-0.02942795,6.444635,-50.06429,-196.0068,5.155369,0.01185523,-0.1537848,5.157676,0.01874814,-0.1148781,-0.0001637371,0.001162441,-0.005312813,-1.213583e-06
12,0.016679,1,100,0,0,0,0,5.157663,0,0,135,0,0.4329968,0,0,0,0,0,0,-0.02942462,-0.01918707,-0.9993829,-0.005107294,0.9998057,-0.01904481,0.9995542,0.004543756,-0.0295169,6.534043,-50.06408,-196.0095,5.770693,0.01463006,-0.1729139,5.773302,0.0230932,-0.1148829,-0.0001570509,0.00144094,-0.005311548,-7.38406e-07
13,0.016686,1,100,0,0,0,0,5.773291,0,0,135,0,0.4799066,0,0,0,0,0,0,-0.0295132,-0.01918746,-0.9993802,-0.005132995,0.9998055,-0.01904404,0.9995512,0.004567763,-0.02960595,6.63381,-50.06382,-196.0125,6.395851,0.01759912,-0.1923064,6.398766,0.02778012,-0.1148882,-0.0001604959,0.001741349,-0.005310194,-9.02196e-07
14,0.016683,1,100,0,0,0,0,6.398755,0,0,135,0,0.5275323,0,0,0,0,0,0,-0.02960175,-0.01918786,-0.9993775,-0.005163815,0.9998053,-0.01904312,0.9995484,0.004596892,-0.02969507,6.744041,-50.0635,-196.0158,7.030549,0.02074558,-0.211979,7.033774,0.03278706,-0.114894,-0.0001628132,0.002062272,-0.005308751,-9.82549e-07
15,0.016891,1,100,0,0,0,0,7.033764,0,0,135,0,0.5764909,0,0,0,0,0,0,-0.02969137,-0.01918826,-0.9993749,-0.005200553,0.9998052,-0.01904201,0.9995456,0.004631919,-0.02978538,6.866468,-50.06313,-196.0195,7.683007,0.02409278,-0.2322084,7.686553,0.03810942,-0.1148999,-0.0001638255,0.002403412,-0.005307205,-9.664791e-07
16,0.01648,1,100,0,0,0,0,7.686544,0,0,135,0,0.6249936,0,0,0,0,0,0,-0.02977878,-0.01918865,-0.9993723,-0.005242052,0.999805,-0.01904076,0.9995428,0.004671751,-0.02987356,6.996635,-50.06272,-196.0234,8.329391,0.0275018,-0.2522721,8.333257,0.0435348,-0.1149056,-0.0001633508,0.002751155,-0.005305621,-8.449251e-07
17,0.016683,1,100,0,0,0,0,8.333248,0,0,135,0,0.6748257,0,0,0,0,0,0,-0.02986725,-0.01918905,-0.9993697,-0.005289963,0.9998047,-0.01903931,0.9995399,0.004717978,-0.02996292,7.139288,-50.06224,-196.0277,8.993489,0.03107582,-0.2729242,8.997684,0.04924803,-0.1149112,-0.0001610834,0.003117347,-0.005303928,-5.946558e-07
18,0.01702,1,100,0,0,0,0,8.997676,0,0,135,0,0.7264251,0,0,0,0,0,0,-0.02995747,-0.01918947,-0.999367,-0.005345166,0.9998045,-0.01903764,0.9995369,0.004771463,-0.03005419,7.296258,-50.06169,-196.0325,9.681138,0.03483283,-0.2943614,9.685675,0.05521128,-0.1149167,-0.0001677248,0.003499565,-0.005302143,-8.998768e-07
19,0.016341,1,100,0,0,0,0,9.685668,0,0,135,0,0.7767168,0,0,0,0,0,0,-0.03004406,-0.01918987,-0.9993645,-0.005404372,0.9998044,-0.01903584,0.9995343,0.004829023,-0.03014189,7.458109,-50.0611,-196.0374,10.35135,0.03853024,-0.3153144,10.35623,0.06107565,-0.1149216,-0.0001716286,0.003875445,-0.005300367,-1.021176e-06
20,0.01668,1,100,0,0,0,0,10.35622,0,0,135,0,0.8287916,0,0,0,0,0,0,-0.03013242,-0.01919028,-0.9993619,-0.005471146,0.9998041,-0.01903381,0.9995314,0.00489412,-0.03023151,7.634628,-50.06044,-196.0428,11.04533,0.04237838,-0.3370797,11.05056,0.06714495,-0.1149262,-0.0001729656,0.004264459,-0.005298506,-9.617861e-07
21,0.016692,1,100,0,0,0,0,11.05055,0,0,135,0,0.8817864,0,0,0,0,0,0,-0.03022083,-0.0191894,-0.9993591,-0.005542384,0.9998037,-0.01903033,0.9995282,0.004963719,-0.03032125,7.822926,-50.0597,-196.0486,11.75154,0.04756318,-0.3600615,11.75715,0.06750844,-0.1149302,-0.003834749,0.004287752,-0.005298248,-0.0002355449
22,0.016685,1,100,0,0,0,0,11.75715,0,0,135,0,0.9355261,0,0,0,0,0,0,-0.03030921,-0.01918465,-0.9993565,-0.005613687,0.9998034,-0.01902298,0.999525,0.005033503,-0.03041095,8.022984,-50.05888,-196.0547,12.46768,0.05300075,-0.3833156,12.47368,0.06737709,-0.1149344,-0.007368448,0.004279336,-0.005298171,-0.000461918
23,0.016677,1,100,0,0,0,0,12.47368,0,0,135,0,0.9900113,0,0,0,0,0,0,-0.03039757,-0.0191762,-0.9993541,-0.005684588,0.9998034,-0.01901191,0.9995222,0.005103,-0.03050061,8.234943,-50.05796,-196.0612,13.19375,0.05864222,-0.4068646,13.20015,0.06692132,-0.1149365,-0.01074637,0.004250133,-0.005298117,-0.000678307
24,0.016678,1,100,0,0,0,0,13.20015,0,0,135,0,1.045275,0,0,0,0,0,0,-0.03048596,-0.0191642,-0.9993516,-0.005754813,0.9998031,-0.01899731,0.9995189,0.005171929,-0.03059024,8.459082,-50.05695,-196.0681,13.93019,0.06444897,-0.4307422,13.937,0.06623484,-0.1149346,-0.01394496,0.004206154,-0.005297972,-0.0008832022
25,0.016677,1,100,0,0,0,0,13.937,0,0,135,0,1.101146,0,0,0,0,0,0,-0.03057438,-0.01914679,-0.9993491,-0.005820377,0.9998029,-0.01897742,0.9995154,0.005236365,-0.0306798,8.695535,-50.05586,-196.0755,14.67471,0.06802306,-0.4560084,14.68195,0.05500355,-0.1149267,-0.0227549,0.003486295,-0.005300619,-0.001447825
26,0.017279,1,100,0,0,0,0,14.68194,0,0,135,0,1.159844,0,0,0,0,0,0,-0.03066611,-0.01911905,-0.9993467,-0.00587514,0.9998031,-0.0189475,0.9995122,0.005290256,-0.0307724,8.953605,-50.05466,-196.0835,15.45691,0.07145229,-0.4823477,15.4646,0.04258347,-0.1149123,-0.03145528,0.002690263,-0.005303362,-0.002005449
27,0.016205,1,100,0,0,0,0,15.46459,0,0,135,0,1.215687,0,0,0,0,0,0,-0.03075223,-0.01908436,-0.9993449,-0.005913462,0.9998037,-0.01891115,0.9995096,0.005328028,-0.03085904,9.208104,-50.05349,-196.0914,16.20106,0.07439812,-0.5072429,16.20917,0.03052334,-0.1148879,-0.03914538,0.001917322,-0.005305607,-0.002498347
28,0.016573,1,100,0,0,0,0,16.20916,0,0,135,0,1.273564,0,0,0,0,0,0,-0.03084038,-0.01904083,-0.999343,-0.005939475,0.9998045,-0.01886632,0.9995069,0.005353728,-0.03094744,9.480865,-50.05224,-196.1,16.97231,0.07716011,-0.5329283,16.98085,0.01810802,-0.1148488,-0.04651812,0.001121638,-0.005307305,-0.002970929
29,0.016972,1,100,0,0,0,0,16.98085,0,0,135,0,1.33364,0,0,0,0,0,0,-0.03093073,-0.01898836,-0.9993412,-0.005952319,0.9998053,-0.01881295,0.9995039,0.0053665,-0.03103773,9.773448,-50.05092,-196.1092,17.77288,0.0797326,-0.5594978,17.78187,0.005567232,-0.1147906,-0.05352342,0.0003179366,-0.005308182,-0.003419985
30,0.016389,1,100,0,0,0,0,17.78186,0,0,135,0,1.392455,0,0,0,0,0,0,-0.03101803,-0.01893062,-0.9993397,-0.005951629,0.9998066,-0.01875473,0.9995015,0.005365965,-0.0311247,10.06901,-50.0496,-196.1185,18.55665,0.08198246,-0.585442,18.56606,-0.006134857,-0.1147138,-0.05971266,-0.0004319897,-0.005307979,-0.003816759
31,0.016683,1,100,0,0,0,0,18.56606,0,0,135,0,1.453116,0,0,0,0,0,0,-0.03110692,-0.01886539,-0.999338,-0.005938341,0.9998078,-0.01868941,0.9994985,0.00535304,-0.03121297,10.38309,-50.04822,-196.1284,19.36504,0.08406842,-0.6121612,19.37489,-0.01748008,-0.1146131,-0.06541173,-0.001159019,-0.005306586,-0.004182137
32,0.016853,1,100,0,0,0,0,19.37488,0,0,135,0,1.515216,0,0,0,0,0,0,-0.03119673,-0.01879355,-0.9993367,-0.005912712,0.9998093,-0.01861786,0.999496,0.005327973,-0.0313019,10.7141,-50.04679,-196.1389,20.19258,0.08597162,-0.6394917,20.20289,-0.02818709,-0.1144868,-0.07053801,-0.001845118,-0.005303833,-0.004510823
33,0.016516,1,100,0,0,0,0,20.20288,0,0,135,0,1.576889,0,0,0,0,0,0,-0.0312847,-0.01871798,-0.9993353,-0.005876469,0.9998109,-0.01854293,0.9994934,0.005292453,-0.03138879,11.05212,-50.04536,-196.1496,21.01444,0.08766352,-0.6666299,21.0252,-0.03784696,-0.1143374,-0.07491963,-0.002464085,-0.005299722,-0.0047918
34,0.016694,1,100,0,0,0,0,21.02519,0,0,135,0,1.640037,0,0,0,0,0,0,-0.03137358,-0.01863712,-0.999334,-0.005829635,0.9998126,-0.01846303,0.9994908,0.005246501,-0.03147635,11.40762,-50.04388,-196.1609,21.85596,0.08923043,-0.6944307,21.86717,-0.0467392,-0.1141604,-0.07869419,-0.00303383,-0.005294126,-0.005033884
35,0.01668,1,100,0,0,0,0,21.86716,0,0,135,0,1.703954,0,0,0,0,0,0,-0.0314623,-0.01855252,-0.9993328,-0.005773562,0.9998146,-0.01837969,0.9994886,0.005191442,-0.03156358,11.77691,-50.04239,-196.1726,22.70772,0.09069155,-0.722598,22.7194,-0.05466732,-0.1139571,-0.0817997,-0.00354176,-0.00528704,-0.005233094
36,0.016678,1,100,0,0,0,0,22.71939,0,0,135,0,1.768687,0,0,0,0,0,0,-0.03155088,-0.01846484,-0.9993317,-0.005709254,0.9998165,-0.01829355,0.999486,0.005128261,-0.03165051,12.16043,-50.04087,-196.1848,23.57035,0.09207241,-0.7511664,23.5825,-0.06165966,-0.1137274,-0.08422042,-0.003989697,-0.005278484,-0.005388433
37,0.016683,1,100,0,0,0,0,23.58249,0,0,135,0,1.834264,0,0,0,0,0,0,-0.03163935,-0.01837479,-0.9993305,-0.005637704,0.9998186,-0.01820527,0.9994837,0.005057927,-0.0317372,12.55851,-50.03932,-196.1975,24.44424,0.09339765,-0.7801618,24.45686,-0.0677336,-0.1134718,-0.08597664,-0.004378753,-0.005268475,-0.005501179
38,0.016683,1,100,0,0,0,0,24.45685,0,0,135,0,1.900767,0,0,0,0,0,0,-0.03172767,-0.01828314,-0.9993294,-0.005556275,0.9998206,-0.01811572,0.9994814,0.00497778,-0.03182357,12.97124,-50.03774,-196.2107,25.33045,0.09698813,-0.8096353,25.34357,-0.08316472,-0.1131907,-0.08688713,-0.005367563,-0.005260405,-0.005559756
39,0.016683,1,100,0,0,0,0,25.34356,0,0,135,0,1.968101,0,0,0,0,0,0,-0.03181584,-0.01819073,-0.9993283,-0.00545838,0.9998227,-0.01802595,0.999479,0.004881203,-0.03190949,13.39882,-50.03611,-196.2244,26.22772,0.100901,-0.8395653,26.24135,-0.09844654,-0.1128856,-0.08716133,-0.006346793,-0.005251209,-0.005577577
40,0.01669,1,100,0,0,0,0,26.24134,0,0,135,0,2.036573,0,0,0,0,0,0,-0.03190382,-0.0180984,-0.9993272,-0.005354314,0.999825,-0.01793647,0.9994769,0.004778469,-0.03199514,13.84164,-50.03437,-196.2386,27.14013,0.1114078,-0.8701012,27.1543,-0.0850867,-0.1125598,-0.0862681,-0.005490181,-0.005231882,-0.005520528
41,0.016683,1,100,0,0,0,0,27.15431,0,0,135,0,2.105852,0,0,0,0,0,0,-0.03199143,-0.01800725,-0.9993259,-0.005265696,0.9998269,-0.0178477,0.9994743,0.004691173,-0.03208071,14.29955,-50.03244,-196.2533,28.06329,0.1232161,-0.9011375,28.07803,-0.06865966,-0.1122135,-0.08479312,-0.004436966,-0.005210692,-0.005426158
42,0.016679,1,100,0,0,0,0,28.07803,0,0,135,0,2.175949,0,0,0,0,0,0,-0.03207863,-0.01791788,-0.9993248,-0.005195545,0.9998289,-0.01776014,0.999472,0.004622316,-0.03216624,14.77281,-50.03032,-196.2684,28.99734,0.1361522,-0.9326811,29.01265,-0.04987908,-0.1118489,-0.08275444,-0.003232893,-0.005187974,-0.00529561
43,0.016991,1,100,0,0,0,0,29.01266,0,0,135,0,2.248203,0,0,0,0,0,0,-0.03216705,-0.01782927,-0.9993235,-0.005145318,0.9998307,-0.0176727,0.9994694,0.004573359,-0.03225334,15.27096,-50.02792,-196.2845,29.96012,0.1502899,-0.9653413,29.97604,-0.02911949,-0.1114612,-0.08013641,-0.001901965,-0.005163632,-0.005127887
44,0.016378,1,100,0,0,0,0,29.97604,0,0,135,0,2.318678,0,0,0,0,0,0,-0.03225187,-0.01774674,-0.9993223,-0.005118851,0.9998323,-0.0175906,0.9994668,0.004548052,-0.0323373,15.76677,-50.02538,-196.3004,30.89918,0.1646883,-0.9973382,30.91571,-0.008142407,-0.1110739,-0.07711533,-0.0005571084,-0.005139307,-0.004934285
45,0.016686,1,100,0,0,0,0,30.91571,0,0,135,0,2.391287,0,0,0,0,0,0,-0.03233785,-0.01766607,-0.9993209,-0.005114683,0.9998336,-0.01750962,0.999464,0.004544986,-0.03242283,16.28774,-50.02255,-196.3173,31.86668,0.1799288,-1.030447,31.88384,0.01358393,-0.1106687,-0.0735825,0.0008357773,-0.005113981,-0.00470783
46,0.01672,1,100,0,0,0,0,31.88382,0,0,135,0,2.464865,0,0,0,0,0,0,-0.03242356,-0.01758917,-0.9993194,-0.005133882,0.9998348,-0.01743167,0.9994609,0.004565191,-0.0325085,16.82601,-50.01945,-196.3347,32.84708,0.195606,-1.064143,32.86489,0.03524774,-0.1102542,-0.06961802,0.002224651,-0.005088316,-0.004453659
47,0.01665,1,100,0,0,0,0,32.86486,0,0,135,0,2.538949,0,0,0,0,0,0,-0.03250846,-0.01751696,-0.999318,-0.005176028,0.999836,-0.01735766,0.9994582,0.004608227,-0.0325938,17.37839,-50.01611,-196.3526,33.83422,0.2114677,-1.098218,33.8527,0.05628607,-0.1098358,-0.06529199,0.003573427,-0.005062722,-0.004176266
48,0.016679,1,100,0,0,0,0,33.85265,0,0,135,0,2.6138,0,0,0,0,0,0,-0.03259304,-0.0174473,-0.9993164,-0.005248521,0.9998368,-0.01728521,0.9994549,0.004681556,-0.03267929,17.94826,-50.01252,-196.3711,34.83155,0.2224216,-1.133873,34.85071,0.09897643,-0.1094145,-0.06643268,0.006310025,-0.00502984,-0.004249218
49,0.016686,1,100,0,0,0,0,34.85066,0,0,135,0,2.689481,0,0,0,0,0,0,-0.03267712,-0.01737659,-0.999315,-0.005366852,0.9998376,-0.01721019,0.9994517,0.004800797,-0.03276507,18.53506,-50.00875,-196.3902,35.83995,0.2326062,-1.169849,35.85979,0.1422502,-0.1089935,-0.06705992,0.009084022,-0.004996891,-0.004289162
50,0.016681,1,100,0,0,0,0,35.85975,0,0,135,0,2.765709,0,0,0,0,0,0,-0.03276071,-0.01730269,-0.9993135,-0.005519913,0.9998381,-0.01713081,0.9994482,0.004954906,-0.03285091,19.13856,-50.00486,-196.4099,36.85563,0.2349872,-1.207461,36.87615,0.1536021,-0.1085702,-0.07485604,0.00981191,-0.004973104,-0.004788621
51,0.016684,1,100,0,0,0,0,36.87612,0,0,135,0,2.84273,0,0,0,0,0,0,-0.03284397,-0.01722072,-0.9993122,-0.005683633,0.9998387,-0.01704299,0.9994444,0.005119964,-0.03293654,19.75916,-50.00093,-196.4303,37.8819,0.2356091,-1.245152,37.90309,0.1614961,-0.1081472,-0.08190032,0.01031818,-0.004950461,-0.005239874
52,0.016688,1,100,0,0,0,0,37.90307,0,0,135,0,2.920544,0,0,0,0,0,0,-0.03292693,-0.01713149,-0.999311,-0.005854492,0.9998392,-0.01694764,0.9994407,0.005292424,-0.03302193,20.3971,-49.99701,-196.4513,38.91875,0.2346694,-1.282981,38.94059,0.1663033,-0.10772,-0.0881618,0.0106266,-0.004928623,-0.005640936
53,0.016683,1,100,0,0,0,0,38.94059,0,0,135,0,2.999103,0,0,0,0,0,0,-0.03300956,-0.0170359,-0.9993098,-0.006029246,0.99984,-0.01684577,0.9994369,0.005469013,-0.03310699,21.0522,-49.9931,-196.4729,39.96553,0.2323845,-1.320979,39.98803,0.1683707,-0.1072847,-0.09361359,0.01075943,-0.004907317,-0.005990101
54,0.016925,1,100,0,0,0,0,39.98803,0,0,135,0,3.079574,0,0,0,0,0,0,-0.03309308,-0.0169333,-0.9993089,-0.006207747,0.9998408,-0.01673674,0.9994332,0.005649587,-0.03319293,21.73467,-49.98919,-196.4955,41.03781,0.2289272,-1.359758,41.06097,0.1681156,-0.1068319,-0.09830978,0.01074341,-0.00488596,-0.006290826
55,0.016435,1,100,0,0,0,0,41.06098,0,0,135,0,3.158469,0,0,0,0,0,0,-0.03317388,-0.01682908,-0.999308,-0.006379975,0.9998416,-0.01662627,0.9994295,0.005824002,-0.033276,22.41489,-49.98545,-196.518,42.08911,0.2246673,-1.397673,42.11291,0.1659185,-0.1063789,-0.1020379,0.01060291,-0.00486526,-0.006529517
56,0.016715,1,100,0,0,0,0,42.11292,0,0,135,0,3.239724,0,0,0,0,0,0,-0.03325583,-0.01671957,-0.9993071,-0.006535944,0.9998425,-0.01651102,0.9994257,0.005982327,-0.03335987,23.12444,-49.98166,-196.5416,43.17181,0.2297328,-1.436709,43.19632,0.1168799,-0.1059003,-0.1044662,0.007460015,-0.004857472,-0.006685
57,0.017003,1,100,0,0,0,0,43.19632,0,0,135,0,3.32314,0,0,0,0,0,0,-0.03333908,-0.01660583,-0.9993061,-0.006638999,0.9998436,-0.01639327,0.9994221,0.006087856,-0.03344411,23.86479,-49.97773,-196.5663,44.2833,0.2359278,-1.476795,44.30854,0.0620461,-0.1053971,-0.1060946,0.003945661,-0.004850242,-0.006789334
58,0.016344,1,100,0,0,0,0,44.30853,0,0,135,0,3.404399,0,0,0,0,0,0,-0.0334189,-0.01649533,-0.9993054,-0.00670286,0.9998451,-0.01628009,0.9994191,0.006154141,-0.03352429,24.59445,-49.97375,-196.5906,45.36593,0.2571701,-1.515965,45.39198,0.07096945,-0.1049024,-0.1061881,0.004517983,-0.004824696,-0.006795242
59,0.016684,1,100,0,0,0,0,45.39199,0,0,135,0,3.488074,0,0,0,0,0,0,-0.03349996,-0.01638271,-0.9993045,-0.006778352,0.9998465,-0.01616436,0.9994159,0.006232133,-0.03360587,25.35754,-49.96933,-196.6161,46.48074,0.2814381,-1.556401,46.50764,0.08204018,-0.1043821,-0.1055413,0.005227958,-0.004797441,-0.006753671
60,0.016665,1,100,0,0,0,0,46.50765,0,0,135,0,3.572386,0,0,0,0,0,0,-0.03358047,-0.01627117,-0.9993036,-0.006866152,0.9998477,-0.0160493,0.9994126,0.006322428,-0.03368708,26.13838,-49.96449,-196.6423,47.60402,0.3078706,-1.597252,47.6318,0.09464415,-0.1038482,-0.1041602,0.006036214,-0.004769209,-0.006665003
61,0.016701,1,100,0,0,0,0,47.63181,0,0,135,0,3.657602,0,0,0,0,0,0,-0.03366069,-0.01616113,-0.9993027,-0.006968094,0.9998488,-0.01593524,0.9994091,0.006426843,-0.03376821,26.93973,-49.95919,-196.6693,48.73932,0.3360997,-1.638651,48.76802,0.1084073,-0.1033002,-0.1020724,0.006918772,-0.004740103,-0.00653101
62,0.01668,1,100,0,0,0,0,48.76802,0,0,135,0,3.743421,0,0,0,0,0,0,-0.0337403,-0.0160537,-0.9993017,-0.007084954,0.9998498,-0.01582329,0.9994057,0.006546124,-0.03384898,27.75906,-49.95342,-196.6968,49.88265,0.3655917,-1.680458,49.91228,0.122899,-0.102742,-0.09932001,0.007848024,-0.004710423,-0.006354389
63,0.016664,1,100,0,0,0,0,49.91227,0,0,135,0,3.829244,0,0,0,0,0,0,-0.03381928,-0.01594682,-0.9993008,-0.007233684,0.9998505,-0.01571078,0.999402,0.006697299,-0.03392958,28.59665,-49.94722,-196.7251,51.02603,0.3856249,-1.723777,51.05659,0.1837595,-0.102178,-0.103616,0.01174942,-0.00466648,-0.006629434
64,0.016685,1,100,0,0,0,0,51.05658,0,0,135,0,3.914142,0,0,0,0,0,0,-0.03389777,-0.01583208,-0.9992999,-0.007428818,0.9998509,-0.01558882,0.9993977,0.006895191,-0.03401033,29.45431,-49.94075,-196.7541,52.15712,0.3924713,-1.76828,52.18856,0.1925064,-0.1016027,-0.1167269,0.01231043,-0.00463578,-0.007469547
65,0.016682,1,100,0,0,0,0,52.18855,0,0,135,0,3.998321,0,0,0,0,0,0,-0.03397599,-0.01570059,-0.9992995,-0.007608847,0.9998519,-0.01545057,0.9993942,0.007078569,-0.03409042,30.33063,-49.9341,-196.7838,53.27847,0.4106147,-1.814,53.31092,0.1343114,-0.1010152,-0.137626,0.008580607,-0.004622274,-0.008809061
66,0.016675,1,100,0,0,0,0,53.31094,0,0,135,0,4.081687,0,0,0,0,0,0,-0.03405411,-0.0155474,-0.9992992,-0.007728259,0.9998534,-0.01529265,0.9993904,0.007202065,-0.03416927,31.22522,-49.92717,-196.8143,54.38908,0.4250031,-1.85863,54.42249,0.08277375,-0.1004174,-0.1569319,0.005277547,-0.004606445,-0.01004656
67,0.016679,1,100,0,0,0,0,54.42249,0,0,135,0,4.164299,0,0,0,0,0,0,-0.03413214,-0.01537413,-0.9992992,-0.007794235,0.9998555,-0.01511647,0.9993872,0.007272815,-0.03424703,32.1385,-49.92002,-196.8456,55.48967,0.4358012,-1.90231,55.52398,0.03766353,-0.09979753,-0.1745675,0.002386507,-0.004587858,-0.01117706
68,0.017009,1,100,0,0,0,0,55.52398,0,0,135,0,4.247751,0,0,0,0,0,0,-0.03421154,-0.01517872,-0.9992995,-0.007813687,0.9998583,-0.01491971,0.9993843,0.007297788,-0.03432529,33.08862,-49.91257,-196.8782,56.6015,0.4433475,-1.945972,56.63667,-0.00202438,-0.09913348,-0.1907675,-0.0001569256,-0.004565776,-0.01221563
69,0.016362,1,100,0,0,0,0,56.63668,0,0,135,0,4.327247,0,0,0,0,0,0,-0.03428766,-0.01497461,-0.9992998,-0.007792817,0.9998613,-0.01471564,0.9993816,0.007282796,-0.0343996,34.02052,-49.90529,-196.9102,57.66066,0.4474496,-1.987184,57.69663,-0.03434161,-0.09845597,-0.2045366,-0.002227894,-0.00454127,-0.01309844
70,0.016681,1,100,0,0,0,0,57.69662,0,0,135,0,4.407643,0,0,0,0,0,0,-0.03436492,-0.01475243,-0.9993005,-0.007744643,0.9998651,-0.01449443,0.9993795,0.007241126,-0.03447453,34.98831,-49.89781,-196.9436,58.73181,0.4515581,-2.028545,58.76857,-0.04385502,-0.09772389,-0.2164983,-0.002837129,-0.004508334,-0.01386538
71,0.016872,1,100,0,0,0,0,58.76857,0,0,135,0,4.48816,0,0,0,0,0,0,-0.03444256,-0.0145154,-0.9993013,-0.007685942,0.9998689,-0.01425873,0.9993773,0.007189464,-0.03454961,35.98527,-49.89017,-196.9781,59.8046,0.4542879,-2.069741,59.84213,-0.05131558,-0.09693327,-0.2266818,-0.00331474,-0.004472351,-0.01451837
72,0.016486,1,100,0,0,0,0,59.84213,0,0,135,0,4.56604,0,0,0,0,0,0,-0.03451789,-0.01427377,-0.9993023,-0.007621088,0.9998728,-0.01401867,0.9993752,0.007131876,-0.03462228,36.97691,-49.88268,-197.0124,60.84226,0.4557391,-2.109406,60.88052,-0.05668742,-0.09610858,-0.2347419,-0.003658453,-0.004434507,-0.01503524
73,0.016681,1,100,0,0,0,0,60.88053,0,0,135,0,4.644048,0,0,0,0,0,0,-0.03459352,-0.01402129,-0.9993032,-0.00755003,0.9998768,-0.01376797,0.9993731,0.007068486,-0.03469511,37.9976,-49.87507,-197.0478,61.88166,0.4561857,-2.149004,61.92064,-0.06041501,-0.09522133,-0.2410072,-0.003896744,-0.004393567,-0.0154371
74,0.016681,1,100,0,0,0,0,61.92064,0,0,135,0,4.721955,0,0,0,0,0,0,-0.03466835,-0.01375538,-0.9993042,-0.007514037,0.9998806,-0.01350263,0.9993706,0.007040695,-0.03476757,39.03561,-49.86739,-197.0839,62.91946,0.4684813,-2.192736,62.9594,0.04681695,-0.09430014,-0.2661081,0.002977376,-0.004321327,-0.01704608
75,0.016683,1,100,0,0,0,0,62.9594,0,0,135,0,4.799049,0,0,0,0,0,0,-0.03474222,-0.01346353,-0.9993056,-0.007585862,0.999884,-0.01320759,0.9993675,0.007121733,-0.03484032,40.09101,-49.85947,-197.1207,63.94641,0.4879992,-2.235364,63.98734,0.1375725,-0.09332515,-0.2885888,0.008795443,-0.004251426,-0.01848695
76,0.016688,1,100,0,0,0,0,63.98732,0,0,135,0,4.87533,0,0,0,0,0,0,-0.03481517,-0.01314851,-0.9993073,-0.007748312,0.999887,-0.01288619,0.9993639,0.00729431,-0.03491312,41.1638,-49.85118,-197.1582,64.96248,0.5140372,-2.276989,65.0044,0.2126045,-0.09228626,-0.308363,0.01360571,-0.004183067,-0.01975422
77,0.016692,1,100,0,0,0,0,65.0044,0,0,135,0,4.950778,0,0,0,0,0,0,-0.03488723,-0.01281326,-0.9993092,-0.00798505,0.9998896,-0.01254194,0.9993595,0.00754198,-0.03498569,42.25375,-49.84242,-197.1965,65.96741,0.5457707,-2.317684,66.01037,0.2728635,-0.09117603,-0.325376,0.01746909,-0.004115532,-0.0208444
78,0.016675,1,100,0,0,0,0,66.01037,0,0,135,0,5.025288,0,0,0,0,0,0,-0.03495833,-0.0124612,-0.9993112,-0.008280406,0.9998917,-0.01217877,0.9993547,0.007848953,-0.03505773,43.35927,-49.83312,-197.2353,66.95982,0.5823196,-2.357465,67.00383,0.3193694,-0.08999081,-0.3395626,0.02045096,-0.004048282,-0.02175334
79,0.016802,1,100,0,0,0,0,67.00383,0,0,135,0,5.099745,0,0,0,0,0,0,-0.03502903,-0.01209238,-0.9993132,-0.00863832,0.9998932,-0.0117966,0.9993492,0.008219165,-0.03512974,44.48988,-49.82307,-197.2751,67.95146,0.6288693,-2.396806,67.99663,0.3958635,-0.08872731,-0.3504415,0.02535512,-0.003971573,-0.02245011
80,0.016561,1,100,0,0,0,0,67.9966,0,0,135,0,5.172256,0,0,0,0,0,0,-0.03509769,-0.01171839,-0.9993153,-0.009064985,0.9998941,-0.0114068,0.9993432,0.008658426,-0.0352002,45.62056,-49.81237,-197.315,68.91706,0.6809447,-2.434861,68.96342,0.4528859,-0.08739907,-0.358349,0.02901116,-0.003896852,-0.02295631
81,0.016676,1,100,0,0,0,0,68.9634,0,0,135,0,5.24438,0,0,0,0,0,0,-0.03516582,-0.01133434,-0.9993172,-0.009549503,0.9998939,-0.01100483,0.9993359,0.009155989,-0.03527033,46.77515,-49.8007,-197.3559,69.8775,0.7382542,-2.472496,69.92513,0.493779,-0.08598106,-0.3635513,0.03163335,-0.00382202,-0.02328909
82,0.016965,1,100,0,0,0,0,69.92506,0,0,135,0,5.316843,0,0,0,0,0,0,-0.0352341,-0.01093899,-0.9993193,-0.01008145,0.9998932,-0.01058982,0.9993284,0.009701462,-0.03534062,47.96608,-49.78783,-197.398,70.84234,0.8002596,-2.510107,70.89131,0.52023,-0.08445887,-0.3660507,0.03332984,-0.003745908,-0.02344863
83,0.016408,1,100,0,0,0,0,70.89124,0,0,135,0,5.386023,0,0,0,0,0,0,-0.03529914,-0.010555,-0.9993212,-0.01061877,0.9998919,-0.01018594,0.9993207,0.01025201,-0.03540741,49.1335,-49.77436,-197.4394,71.7634,0.862582,-2.545836,71.81373,0.532725,-0.08291212,-0.3657937,0.03413169,-0.003671964,-0.02343147
84,0.016678,1,100,0,0,0,0,71.81364,0,0,135,0,5.454636,0,0,0,0,0,0,-0.03536439,-0.01015585,-0.999323,-0.01112932,0.9998905,-0.009767768,0.9993127,0.01077636,-0.03547355,50.33545,-49.75975,-197.4821,72.67696,0.9021568,-2.586551,72.72857,0.4086748,-0.08122925,-0.3911996,0.02618091,-0.003611978,-0.02505972
85,0.016723,1,100,0,0,0,0,72.72848,0,0,135,0,5.522537,0,0,0,0,0,0,-0.03542927,-0.009729647,-0.9993249,-0.01151188,0.9998903,-0.009327019,0.999306,0.01117366,-0.03553739,51.55587,-49.7445,-197.5256,73.58116,0.9325729,-2.62571,73.6339,0.2970684,-0.07949273,-0.4131396,0.01902777,-0.003546879,-0.02646601
86,0.016649,1,100,0,0,0,0,73.63382,0,0,135,0,5.589257,0,0,0,0,0,0,-0.03549313,-0.00928323,-0.9993268,-0.01177754,0.9998913,-0.00887017,0.9993006,0.01145478,-0.03559861,52.78586,-49.72886,-197.5695,74.46978,0.9539706,-2.663213,74.52349,0.198443,-0.07770409,-0.4314176,0.01270674,-0.003476928,-0.02763774
87,0.016688,1,100,0,0,0,0,74.52343,0,0,135,0,5.655268,0,0,0,0,0,0,-0.03555626,-0.008817479,-0.9993289,-0.01194192,0.9998936,-0.008397567,0.9992965,0.01163532,-0.03565777,54.0335,-49.71286,-197.6141,75.34905,0.9670601,-2.699484,75.40359,0.1115962,-0.07584339,-0.4461383,0.007140731,-0.003401617,-0.02858163
88,0.016685,1,100,0,0,0,0,75.40356,0,0,135,0,5.721506,0,0,0,0,0,0,-0.03561817,-0.008338201,-0.9993308,-0.01207759,0.9998958,-0.007912446,0.9992926,0.01178768,-0.03571517,55.2956,-49.69646,-197.6594,76.23103,1.014356,-2.734955,76.28682,0.206163,-0.07396377,-0.4548379,0.01320355,-0.003298461,-0.02913929
89,0.016685,1,100,0,0,0,0,76.28674,0,0,135,0,5.786882,0,0,0,0,0,0,-0.03567857,-0.00785086,-0.9993325,-0.01230769,0.9998968,-0.007415879,0.9992877,0.01203489,-0.03577152,56.57236,-49.67924,-197.7052,77.10145,1.067179,-2.769511,77.15855,0.2829398,-0.07199575,-0.4600349,0.01812602,-0.00319528,-0.02947235
90,0.016668,1,100,0,0,0,0,77.15843,0,0,135,0,5.851321,0,0,0,0,0,0,-0.03573738,-0.007359682,-0.9993342,-0.01261346,0.9998967,-0.006912752,0.9992819,0.01235801,-0.03582652,57.86226,-49.66114,-197.7516,77.95927,1.124221,-2.803167,78.01775,0.3431153,-0.06994438,-0.4618058,0.02198433,-0.003091854,-0.02958573
91,0.016679,1,100,0,0,0,0,78.01761,0,0,135,0,5.914925,0,0,0,0,0,0,-0.03579466,-0.006867477,-0.9993356,-0.0129783,0.9998954,-0.006406461,0.9992751,0.01274036,-0.03588004,59.16725,-49.64206,-197.7985,78.80595,1.184364,-2.836028,78.86585,0.3882069,-0.06781112,-0.4602333,0.02487573,-0.002987792,-0.02948481
92,0.016682,1,100,0,0,0,0,78.86566,0,0,135,0,5.97671,0,0,0,0,0,0,-0.03585057,-0.006366217,-0.999337,-0.01333417,0.9998939,-0.00589141,0.9992684,0.01311412,-0.03593166,60.48646,-49.62214,-197.846,79.62854,1.21285,-2.874072,79.68962,0.2736007,-0.06554653,-0.4885372,0.01753016,-0.002889731,-0.0312993
93,0.016987,1,100,0,0,0,0,79.68946,0,0,135,0,6.038739,0,0,0,0,0,0,-0.03590635,-0.005826365,-0.9993382,-0.013575,0.9998937,-0.005341852,0.999263,0.01337421,-0.03598162,61.84379,-49.60144,-197.8951,80.4546,1.230927,-2.910835,80.51665,0.1706383,-0.06318989,-0.5129837,0.01093098,-0.002785846,-0.03286666
94,0.016397,1,100,0,0,0,0,80.51651,0,0,135,0,6.097762,0,0,0,0,0,0,-0.03595889,-0.005281367,-0.9993394,-0.01370421,0.9998948,-0.004791189,0.9992596,0.01352287,-0.03602749,63.1673,-49.58121,-197.943,81.24081,1.238367,-2.9446,81.30359,0.08413064,-0.06085424,-0.5322415,0.00538655,-0.002681498,-0.03410155
95,0.016685,1,100,0,0,0,0,81.30349,0,0,135,0,6.156996,0,0,0,0,0,0,-0.03601089,-0.004707582,-0.9993404,-0.01374623,0.9998968,-0.004214863,0.9992571,0.01358538,-0.03607189,64.52719,-49.56056,-197.9923,82.03001,1.236967,-2.977463,82.09335,0.008003471,-0.05840682,-0.5475494,0.000507521,-0.002571123,-0.03508341
96,0.016885,1,100,0,0,0,0,82.09328,0,0,135,0,6.216363,0,0,0,0,0,0,-0.0360618,-0.004112051,-0.9993411,-0.01372345,0.9998993,-0.003619129,0.9992554,0.0135839,-0.0361146,65.91672,-49.53966,-198.0427,82.82098,1.240268,-3.009409,82.88492,-0.01933952,-0.05586667,-0.5580463,-0.001244353,-0.002453071,-0.03575689
97,0.016478,1,100,0,0,0,0,82.88484,0,0,135,0,6.273489,0,0,0,0,0,0,-0.03610964,-0.003521339,-0.9993418,-0.01367376,0.9999021,-0.003029233,0.9992546,0.01355538,-0.03615426,67.28562,-49.51923,-198.0925,83.58213,1.239021,-3.039392,83.64655,-0.04169411,-0.05330467,-0.5640262,-0.002676513,-0.002334484,-0.03614087
98,0.016682,1,100,0,0,0,0,83.64651,0,0,135,0,6.330516,0,0,0,0,0,0,-0.0361561,-0.002918333,-0.999342,-0.01360069,0.9999047,-0.002427904,0.9992538,0.01350396,-0.03619235,68.68417,-49.49858,-198.1433,84.34209,1.233889,-3.068685,84.40691,-0.06035422,-0.05062943,-0.5659241,-0.003871879,-0.002211198,-0.03626324
99,0.016675,1,100,0,0,0,0,84.40688,0,0,135,0,6.38794,0,0,0,0,0,0,-0.03620053,-0.002302182,-0.999342,-0.01357772,0.9999062,-0.001811637,0.9992524,0.0135032,-0.03622839,70.09482,-49.47771,-198.1947,85.10628,1.287704,-3.1049,85.17263,0.1189897,-0.0479554,-0.5996124,0.00762524,-0.002071282,-0.03842317
100,0.016684,1,100,0,0,0,0,85.17253,0,0,135,0,6.444576,0,0,0,0,0,0,-0.03624319,-0.001651502,-0.9993417,-0.01373495,0.9999052,-0.001154307,0.9992489,0.01368407,-0.03626243,71.51892,-49.45586,-198.2467,85.85983,1.353795,-3.138947,85.92785,0.2697009,-0.04519365,-0.6280742,0.01728693,-0.001931499,-0.04024797
101,0.016683,1,100,0,0,0,0,85.92768,0,0,135,0,6.500374,0,0,0,0,0,0,-0.03628407,-0.0009722899,-0.9993411,-0.01404235,0.9999013,-0.0004629857,0.9992429,0.01401629,-0.03629414,72.95544,-49.43285,-198.2993,86.60208,1.430054,-3.171005,86.67191,0.3928469,-0.04233356,-0.6512341,0.02518159,-0.001790717,-0.04173283
102,0.016678,1,100,0,0,0,0,86.67165,0,0,135,0,6.555313,0,0,0,0,0,0,-0.03632317,-0.0002704012,-0.9993401,-0.01447113,0.9998953,0.000255433,0.9992354,0.01447086,-0.03632328,74.40386,-49.40853,-198.3523,87.33275,1.514319,-3.201242,87.40452,0.490072,-0.0393681,-0.6690649,0.03141463,-0.001648003,-0.0428761
103,0.016687,1,100,0,0,0,0,87.40417,0,0,135,0,6.610086,0,0,0,0,0,0,-0.03636052,0.0004485325,-0.9993386,-0.01503519,0.9998864,0.0009958276,0.9992254,0.01506146,-0.03634965,75.86523,-49.38257,-198.4059,88.06061,1.63859,-3.229839,88.13506,0.6764279,-0.03634512,-0.680097,0.04336115,-0.001505821,-0.04358357
104,0.016682,1,100,0,0,0,0,88.13448,0,0,135,0,6.663982,0,0,0,0,0,0,-0.03639613,0.001177212,-0.9993368,-0.01578283,0.9998739,0.001752659,0.9992129,0.01583615,-0.03637297,77.33824,-49.35447,-198.4599,88.77638,1.77563,-3.256913,88.85385,0.8206433,-0.03319968,-0.6859412,0.05260626,-0.001360973,-0.04395847
105,0.017138,1,100,0,0,0,0,88.85309,0,0,135,0,6.718447,0,0,0,0,0,0,-0.03643091,0.001930397,-0.9993343,-0.01669591,0.9998574,0.00254006,0.9991968,0.01677733,-0.03639349,78.86382,-49.32318,-198.5159,89.49937,1.925797,-3.283274,89.58028,0.9290627,-0.02984895,-0.6867495,0.05955668,-0.001208847,-0.04401062
106,0.016419,1,100,0,0,0,0,89.57928,0,0,135,0,6.769733,0,0,0,0,0,0,-0.03646243,0.002651092,-0.9993316,-0.01767079,0.9998386,0.003297188,0.9991791,0.0177792,-0.0364097,80.33704,-49.29075,-198.5699,90.17982,2.075187,-3.307192,90.26431,0.9977969,-0.02652587,-0.6825459,0.06396306,-0.001059251,-0.04374157
107,0.017097,1,100,0,0,0,0,90.26311,0,0,135,0,6.820709,0,0,0,0,0,0,-0.03649345,0.003414705,-0.9993282,-0.01866209,0.9998176,0.004097879,0.9991599,0.01879909,-0.03642307,81.8827,-49.25486,-198.6267,90.85705,2.146743,-3.341109,90.9438,0.7964603,-0.02280945,-0.7269191,0.0510572,-0.0008612742,-0.04658608
108,0.016258,1,100,0,0,0,0,90.94278,0,0,135,0,6.868307,0,0,0,0,0,0,-0.03652119,0.004184135,-0.9993241,-0.01940368,0.9997998,0.004895251,0.9991446,0.01956934,-0.03643268,83.36329,-49.2197,-198.6812,91.48991,2.196191,-3.370537,91.57831,0.6245141,-0.0192368,-0.7627072,0.04003531,-0.0006715321,-0.04888053
109,0.016676,1,100,0,0,0,0,91.57742,0,0,135,0,6.916625,0,0,0,0,0,0,-0.03654769,0.005009437,-0.9993194,-0.02000082,0.9997836,0.005743245,0.9991319,0.02019711,-0.03643959,84.89254,-49.1828,-198.7375,92.13247,2.245334,-3.398243,92.22246,0.5128841,-0.01552946,-0.7922964,0.03287978,-0.0004799399,-0.05077782
110,0.016749,1,100,0,0,0,0,92.22166,0,0,135,0,6.964332,0,0,0,0,0,0,-0.03657211,0.005867886,-0.9993138,-0.02048298,0.9997684,0.006620175,0.9991212,0.02071104,-0.03644344,86.43921,-49.14499,-198.7946,92.76723,2.281964,-3.423881,92.85844,0.4103556,-0.01171533,-0.8154989,0.02630758,-0.0002846642,-0.05226592
111,0.016629,1,100,0,0,0,0,92.85776,0,0,135,0,7.010898,0,0,0,0,0,0,-0.03659391,0.006742613,-0.9993076,-0.02085532,0.9997544,0.007509334,0.9991128,0.02111567,-0.0364443,87.98528,-49.10691,-198.8517,93.38715,2.306284,-3.447405,93.47921,0.3181567,-0.007828801,-0.8320445,0.02039745,-8.793714e-05,-0.05332746
112,0.016677,1,100,0,0,0,0,93.47863,0,0,135,0,7.058643,0,0,0,0,0,0,-0.03661364,0.007654262,-0.9993003,-0.02123736,0.9997391,0.008435744,0.9991041,0.02153136,-0.03644153,89.54621,-49.06779,-198.9093,94.02048,2.423261,-3.480008,94.11607,0.5303506,-0.003987556,-0.8952984,0.03399947,8.625077e-05,-0.05738362
113,0.016684,1,100,0,0,0,0,94.11524,0,0,135,0,7.105618,0,0,0,0,0,0,-0.03663231,0.008631078,-0.9992916,-0.02182864,0.9997173,0.009434954,0.9990905,0.0221588,-0.03643356,91.11831,-49.02664,-198.9675,94.64322,2.55408,-3.508894,94.74268,0.6997331,-5.527871e-06,-0.9503677,0.04485701,0.0002671108,-0.06091511
114,0.016684,1,100,0,0,0,0,94.74157,0,0,135,0,7.151793,0,0,0,0,0,0,-0.03664988,0.00966386,-0.9992816,-0.02258457,0.9996901,0.01049613,0.9990733,0.02295303,-0.03642027,92.70074,-48.98324,-199.0262,95.25492,2.695056,-3.534432,95.35857,0.8290718,0.004140118,-0.9970686,0.05314748,0.0004564809,-0.06391028
115,0.017015,1,100,0,0,0,0,95.35723,0,0,135,0,7.198048,0,0,0,0,0,0,-0.03666651,0.01076533,-0.9992696,-0.02348203,0.9996567,0.01163114,0.9990517,0.02389135,-0.03640113,94.32497,-48.93653,-199.0865,95.86739,2.845599,-3.557402,95.97557,0.9237573,0.008550755,-1.036078,0.05921642,0.000659571,-0.06641261
116,0.016551,1,100,0,0,0,0,95.97397,0,0,135,0,7.242965,0,0,0,0,0,0,-0.03668139,0.01187412,-0.9992565,-0.02448891,0.9996185,0.01277738,0.999027,0.02493939,-0.03637661,95.91495,-48.88837,-199.1455,96.4608,3.04049,-3.576451,96.57495,1.117337,0.01293586,-1.063481,0.07162423,0.0008349934,-0.06817173
117,0.016484,1,100,0,0,0,0,96.57287,0,0,135,0,7.286891,0,0,0,0,0,0,-0.03669517,0.01300451,-0.999242,-0.02567588,0.9995732,0.01395172,0.9989969,0.02616838,-0.0363456,97.50819,-48.83712,-199.2045,97.04037,3.245563,-3.5929,97.16109,1.256496,0.0175186,-1.082557,0.08054334,0.001024695,-0.06939729
118,0.016956,1,100,0,0,0,0,97.15855,0,0,135,0,7.331226,0,0,0,0,0,0,-0.03670801,0.01418528,-0.9992253,-0.02703084,0.9995193,0.01518247,0.9989603,0.02756722,-0.03630692,99.15691,-48.78086,-199.2655,97.62475,3.462577,-3.607475,97.75272,1.350482,0.02244407,-1.093865,0.08656649,0.001235198,-0.07012518
119,0.016304,1,100,0,0,0,0,97.74967,0,0,135,0,7.370938,0,0,0,0,0,0,-0.03671855,0.0153504,-0.9992079,-0.02829958,0.9994652,0.0163943,0.9989251,0.02887914,-0.0362645,100.7514,-48.72397,-199.3245,98.15065,3.542517,-3.632294,98.2817,1.067785,0.02768939,-1.156359,0.06844485,0.001585054,-0.07413107
120,0.016687,1,100,0,0,0,0,98.27917,0,0,135,0,7.410765,0,0,0,0,0,0,-0.03672662,0.01660685,-0.9991875,-0.0293029,0.9994143,0.01768769,0.9988959,0.0299287,-0.03621848,102.3922,-48.66456,-199.3852,98.67915,3.596451,-3.654331,98.81227,0.8110449,0.03316144,-1.210453,0.051987,0.001940949,-0.07759875
121,0.016955,1,100,0,0,0,0,98.8102,0,0,135,0,7.452069,0,0,0,0,0,0,-0.03673197,0.01793733,-0.9991643,-0.03014085,0.9993644,0.01904898,0.998871,0.03081537,-0.03616797,104.0684,-48.6028,-199.4473,99.22503,3.735593,-3.671622,99.36318,0.8286018,0.03863959,-1.250602,0.05311073,0.002211038,-0.08017505
122,0.016392,1,100,0,0,0,0,99.36092,0,0,135,0,7.49123,0,0,0,0,0,0,-0.03673493,0.01926196,-0.9991394,-0.03096155,0.9993124,0.02040364,0.9988455,0.03168444,-0.0361133,105.6977,-48.54086,-199.5076,99.74271,3.863531,-3.685394,99.88551,0.827935,0.04414291,-1.27938,0.05306607,0.002482268,-0.08202256
123,0.016695,1,100,0,0,0,0,99.88306,0,0,135,0,7.530367,0,0,0,0,0,0,-0.03673535,0.0206387,-0.999112,-0.03179057,0.9992566,0.02181056,0.9988194,0.03256356,-0.03605192,107.3658,-48.47568,-199.5692,100.2602,3.985789,-3.696861,100.4075,0.8129957,0.04995515,-1.298887,0.05210615,0.002768089,-0.08327613
124,0.016677,1,100,0,0,0,0,100.4049,0,0,135,0,7.568709,0,0,0,0,0,0,-0.03673263,0.02203146,-0.9990823,-0.03259789,0.9991986,0.02323253,0.9987934,0.03342137,-0.03598501,109.0407,-48.40858,-199.6309,100.7674,4.098419,-3.706018,100.9187,0.7863855,0.05596915,-1.308535,0.05039776,0.003062611,-0.08389811
125,0.016687,1,100,0,0,0,0,100.9161,0,0,135,0,7.604484,0,0,0,0,0,0,-0.03672616,0.02345557,-0.9990501,-0.03327981,0.9991414,0.02468111,0.9987713,0.03415463,-0.03591403,110.7249,-48.34034,-199.6928,101.2445,4.073029,-3.728385,101.395,0.4893744,0.06246528,-1.374375,0.03135891,0.003524738,-0.08811738
126,0.016689,1,100,0,0,0,0,101.3931,0,0,135,0,7.639557,0,0,0,0,0,0,-0.03671494,0.02494625,-0.9990145,-0.03365684,0.9990906,0.02618508,0.9987592,0.03458505,-0.03584194,112.4171,-48.27267,-199.7552,101.7137,4.018012,-3.747312,101.862,0.23396,0.06907411,-1.428513,0.01498613,0.003975205,-0.09158707
127,0.016676,1,100,0,0,0,0,101.8608,0,0,135,0,7.676896,0,0,0,0,0,0,-0.03669963,0.02648663,-0.9989753,-0.03393085,0.9990393,0.02773485,0.9987502,0.03491393,-0.03576566,114.1161,-48.20502,-199.8177,102.2076,4.133657,-3.75789,102.3602,0.4613678,0.07537187,-1.462553,0.02955767,0.004183009,-0.09377611
128,0.016678,1,100,0,0,0,0,102.3586,0,0,135,0,7.713576,0,0,0,0,0,0,-0.03668253,0.02805968,-0.9989331,-0.03443087,0.9989769,0.02932528,0.9987339,0.03546986,-0.03567888,115.8234,-48.13536,-199.8804,102.6922,4.262878,-3.764862,102.8495,0.6450435,0.08194715,-1.4852,0.04132533,0.004411947,-0.095235
129,0.016687,1,100,0,0,0,0,102.8477,0,0,135,0,7.749592,0,0,0,0,0,0,-0.03666317,0.02965398,-0.9988876,-0.03511194,0.9989042,0.03094322,0.9987106,0.03620736,-0.03558179,117.5396,-48.06345,-199.9433,103.1674,4.40214,-3.768616,103.33,0.7877188,0.08879679,-1.496609,0.05046425,0.004662781,-0.09597387
130,0.016678,1,100,0,0,0,0,103.3279,0,0,135,0,7.7849,0,0,0,0,0,0,-0.03664108,0.03125591,-0.9988397,-0.03593113,0.9988235,0.03257349,0.9986827,0.03708297,-0.03547492,119.2628,-47.98923,-200.0061,103.6328,4.54783,-3.769508,103.801,0.8926174,0.09590089,-1.497015,0.05718113,0.004935001,-0.09600759
131,0.016683,1,100,0,0,0,0,103.7987,0,0,135,0,7.817159,0,0,0,0,0,0,-0.03661513,0.03288514,-0.9987882,-0.03672298,0.9987391,0.03422977,0.9986545,0.03793181,-0.03536132,120.9941,-47.91343,-200.0691,104.0629,4.533495,-3.788881,104.2304,0.6082925,0.103676,-1.570847,0.03895566,0.005508374,-0.1007386
132,0.016915,1,100,0,0,0,0,104.2288,0,0,135,0,7.849187,0,0,0,0,0,0,-0.03658297,0.03461273,-0.9987311,-0.03722762,0.9986593,0.03597387,0.9986373,0.03849641,-0.03524537,122.7568,-47.83699,-200.1333,104.4912,4.491509,-3.804493,104.6569,0.3582124,0.1116654,-1.632165,0.02292469,0.006071857,-0.1046679
133,0.016446,1,100,0,0,0,0,104.6558,0,0,135,0,7.882408,0,0,0,0,0,0,-0.03654693,0.0363492,-0.9986707,-0.03761327,0.9985802,0.03772238,0.998624,0.0389419,-0.03512783,124.4776,-47.76239,-200.1959,104.9293,4.62386,-3.808918,105.1002,0.5651121,0.1190903,-1.670654,0.03617698,0.006311015,-0.1071448
134,0.016684,1,100,0,0,0,0,105.0988,0,0,135,0,7.915488,0,0,0,0,0,0,-0.03650858,0.03814775,-0.998605,-0.03820971,0.9984872,0.03954019,0.9986027,0.03959996,-0.03499573,126.2307,-47.68443,-200.2594,105.3648,4.771249,-3.809103,105.5415,0.7319038,0.1269017,-1.696847,0.04685753,0.006580187,-0.1088339
135,0.016863,1,100,0,0,0,0,105.5398,0,0,135,0,7.948272,0,0,0,0,0,0,-0.03646734,0.03998956,-0.9985344,-0.03897745,0.9983819,0.04140694,0.9985745,0.04043033,-0.03484964,128.0099,-47.60309,-200.3236,105.7958,4.929632,-3.805389,105.979,0.8593792,0.1350807,-1.710323,0.05501716,0.006879863,-0.1097082
136,0.016509,1,100,0,0,0,0,105.977,0,0,135,0,7.97971,0,0,0,0,0,0,-0.03642382,0.04180269,-0.9984617,-0.03984931,0.9982693,0.04324833,0.9985416,0.04136328,-0.03469498,129.7587,-47.52082,-200.3864,106.2087,5.090103,-3.798373,106.3984,0.947251,0.1433615,-1.710916,0.06063791,0.007200023,-0.1097566
137,0.016683,1,100,0,0,0,0,106.3961,0,0,135,0,8.008308,0,0,0,0,0,0,-0.03637509,0.04366362,-0.9983839,-0.04067839,0.9981524,0.04513557,0.9985101,0.04225446,-0.03453172,131.5327,-47.43605,-200.4498,106.5905,5.064786,-3.813379,106.7789,0.6285778,0.1524909,-1.789493,0.04021256,0.007925901,-0.1147895
138,0.016689,1,100,0,0,0,0,106.7774,0,0,135,0,8.036426,0,0,0,0,0,0,-0.03631884,0.04560395,-0.9982992,-0.04118636,0.9980412,0.04709056,0.9984913,0.04282659,-0.03436944,133.3137,-47.35178,-200.5135,106.9673,5.01966,-3.82385,107.1533,0.3709684,0.1616897,-1.852643,0.02369968,0.008606278,-0.1188346
139,0.016672,1,100,0,0,0,0,107.1523,0,0,135,0,8.063938,0,0,0,0,0,0,-0.03625466,0.04760458,-0.9982082,-0.04142942,0.9979346,0.04909623,0.9984838,0.04313515,-0.03420755,135.0991,-47.26847,-200.5773,107.3373,4.950117,-3.830719,107.5197,0.1489035,0.171019,-1.900678,0.009463919,0.009261007,-0.121912
140,0.016684,1,100,0,0,0,0,107.5192,0,0,135,0,8.093691,0,0,0,0,0,0,-0.03618484,0.04968116,-0.9981095,-0.04159485,0.9978233,0.05117486,0.9984794,0.04336797,-0.0340396,136.8921,-47.1853,-200.6413,107.7297,5.055906,-3.842069,107.9166,0.3819161,0.1799644,-2.013377,0.02438341,0.009559888,-0.1291485
141,0.016694,1,100,0,0,0,0,107.9159,0,0,135,0,8.122904,0,0,0,0,0,0,-0.03611529,0.0518733,-0.9980004,-0.04198994,0.9976912,0.05337675,0.998465,0.04383369,-0.03385375,138.6927,-47.1002,-200.7055,108.1141,5.180727,-3.845515,108.3064,0.5724424,0.1892239,-2.108528,0.0365786,0.009890317,-0.1352605
142,0.016676,1,100,0,0,0,0,108.3054,0,0,135,0,8.151515,0,0,0,0,0,0,-0.03604533,0.05415844,-0.9978815,-0.04256985,0.9975408,0.05567765,0.9984429,0.04448659,-0.03365117,140.4977,-47.01303,-200.7696,108.4898,5.320337,-3.841988,108.6881,0.7221717,0.1988211,-2.18579,0.04615786,0.01025455,-0.1402259
143,0.016681,1,100,0,0,0,0,108.6869,0,0,135,0,8.17955,0,0,0,0,0,0,-0.03597395,0.0565206,-0.9977531,-0.04329345,0.9973739,0.05806006,0.9984145,0.04528483,-0.03343251,142.3095,-46.92345,-200.8336,108.8574,5.470829,-3.832335,109.0621,0.8342662,0.2087917,-2.24528,0.05332391,0.0106541,-0.1440523
144,0.016688,1,100,0,0,0,0,109.0607,0,0,135,0,8.207201,0,0,0,0,0,0,-0.03590032,0.05894101,-0.9976157,-0.04413503,0.9971917,0.06050421,0.9983802,0.04620192,-0.03319813,144.1281,-46.8312,-200.8975,109.2189,5.642258,-3.816474,109.4311,0.9468966,0.2190911,-2.286522,0.06052154,0.0110498,-0.1467108
145,0.016563,1,100,0,0,0,0,109.4293,0,0,135,0,8.234056,0,0,0,0,0,0,-0.03582438,0.061381,-0.9974715,-0.04507484,0.9969972,0.06297069,0.9983415,0.04721675,-0.03295007,145.939,-46.73677,-200.9606,109.5693,5.818624,-3.795877,109.7893,1.021938,0.2297034,-2.310072,0.06530919,0.01148173,-0.1482351
146,0.016943,1,100,0,0,0,0,109.7874,0,0,135,0,8.260912,0,0,0,0,0,0,-0.03574254,0.06389671,-0.9973162,-0.0461054,0.9967859,0.06551509,0.998297,0.04832334,-0.03268168,147.7974,-46.63716,-201.0248,109.9194,6.001194,-3.770539,110.1477,1.065972,0.2409361,-2.316858,0.06810822,0.01196021,-0.1486855
147,0.017071,1,100,0,0,0,0,110.1455,0,0,135,0,8.287354,0,0,0,0,0,0,-0.03565449,0.06643289,-0.9971538,-0.0471812,0.9965639,0.0680806,0.9982502,0.04947429,-0.03239759,149.6758,-46.53368,-201.089,110.2639,6.183452,-3.741243,110.5005,1.081491,0.2526196,-2.306323,0.06907857,0.01247608,-0.1480259
148,0.016112,1,100,0,0,0,0,110.4981,0,0,135,0,8.309041,0,0,0,0,0,0,-0.03556325,0.06884325,-0.9969935,-0.04807309,0.9963519,0.07051374,0.9982108,0.05043626,-0.03212401,151.4539,-46.43425,-201.1492,110.5548,6.145986,-3.742248,110.7887,0.69301,0.264635,-2.374918,0.04418885,0.01356461,-0.1524105
149,0.016624,1,100,0,0,0,0,110.7872,0,0,135,0,8.330928,0,0,0,0,0,0,-0.03545609,0.07139762,-0.9968175,-0.04859556,0.9961416,0.07307772,0.998189,0.05103196,-0.03184968,153.2935,-46.33247,-201.2114,110.8506,6.075406,-3.739767,111.08,0.3536962,0.2771315,-2.42726,0.02244724,0.01461736,-0.1557549
150,0.016688,1,100,0,0,0,0,111.079,0,0,135,0,8.352417,0,0,0,0,0,0,-0.03533443,0.07401128,-0.9966314,-0.04877362,0.9959382,0.07568901,0.9981851,0.05128375,-0.03158111,155.145,-46.23166,-201.2738,111.143,5.972569,-3.734355,111.366,0.06272557,0.2898169,-2.460993,0.003800687,0.01561515,-0.1579086
151,0.016652,1,100,0,0,0,0,111.3656,0,0,135,0,8.376317,0,0,0,0,0,0,-0.03520253,0.07667892,-0.9964343,-0.0488028,0.9957308,0.07834891,0.998188,0.05138686,-0.0313101,156.9974,-46.13158,-201.336,111.4568,6.085033,-3.726427,111.685,0.2318777,0.301924,-2.561264,0.01460891,0.0160421,-0.1643546
152,0.016681,1,100,0,0,0,0,111.6842,0,0,135,0,8.399801,0,0,0,0,0,0,-0.0350684,0.07945065,-0.9962217,-0.04899816,0.9954994,0.08111785,0.998183,0.0516577,-0.03101764,158.8584,-46.0294,-201.398,111.7647,6.207155,-3.709957,111.9984,0.3710075,0.3143884,-2.640587,0.02349105,0.01650076,-0.1694581
153,0.016698,1,100,0,0,0,0,111.9973,0,0,135,0,8.422845,0,0,0,0,0,0,-0.03493095,0.08230241,-0.995995,-0.04932925,0.9952465,0.08397059,0.9981715,0.05206486,-0.03070499,160.7263,-45.92503,-201.4598,112.0665,6.33566,-3.686039,112.3059,0.4816112,0.3272317,-2.698848,0.03054307,0.01699259,-0.1732115
154,0.016674,1,100,0,0,0,0,112.3046,0,0,135,0,8.445382,0,0,0,0,0,0,-0.03478922,0.08520472,-0.995756,-0.04976626,0.9949754,0.08687663,0.9981551,0.05257743,-0.0303741,162.5965,-45.81866,-201.5211,112.3613,6.467143,-3.655729,112.6066,0.5656479,0.340436,-2.736089,0.03589071,0.01751649,-0.1756178
155,0.016683,1,100,0,0,0,0,112.6051,0,0,135,0,8.46749,0,0,0,0,0,0,-0.03464165,0.08814102,-0.9955055,-0.05028579,0.9946879,0.08981849,0.9981339,0.05317124,-0.03002539,164.4727,-45.71002,-201.5819,112.6504,6.602248,-3.619594,112.9017,0.632779,0.3540108,-2.752672,0.04015229,0.01806068,-0.176701
156,0.016689,1,100,0,0,0,0,112.8999,0,0,135,0,8.489128,0,0,0,0,0,0,-0.03448702,0.09108907,-0.9952455,-0.0508686,0.9943871,0.09277319,0.9981099,0.05382622,-0.02965987,166.3542,-45.59909,-201.6421,112.9331,6.7357,-3.578666,113.1904,0.6775717,0.367957,-2.749118,0.04298053,0.01863566,-0.1764936
157,0.016926,1,100,0,0,0,0,113.1884,0,0,135,0,8.510585,0,0,0,0,0,0,-0.03432158,0.09406817,-0.994974,-0.0515014,0.9940714,0.09575937,0.9980831,0.05452916,-0.02927345,168.2673,-45.48434,-201.7024,113.2136,6.866874,-3.533054,113.4767,0.7032898,0.3824459,-2.7257,0.04458402,0.01924616,-0.1750134
158,0.01643,1,100,0,0,0,0,113.4745,0,0,135,0,8.530936,0,0,0,0,0,0,-0.03415119,0.09692932,-0.9947051,-0.0521374,0.9937577,0.09862703,0.9980558,0.05522957,-0.02888437,170.1289,-45.37086,-201.7602,113.4798,6.987986,-3.485428,113.7482,0.7117095,0.3968182,-2.684178,0.04507861,0.01986169,-0.1723727
159,0.016694,1,100,0,0,0,0,113.7458,0,0,135,0,8.54835,0,0,0,0,0,0,-0.0339643,0.0998213,-0.9944257,-0.05265498,0.9934392,0.1015207,0.9980354,0.05580954,-0.02848538,172.0246,-45.25478,-201.8183,113.7182,6.883689,-3.474827,113.9794,0.331625,0.4124432,-2.723768,0.02074108,0.02129408,-0.1748896
160,0.016846,1,100,0,0,0,0,113.978,0,0,135,0,8.565575,0,0,0,0,0,0,-0.03375481,0.1027749,-0.9941319,-0.05278992,0.9931269,0.1044634,0.9980354,0.05600628,-0.02809733,173.9417,-45.13958,-201.8768,113.9564,6.748058,-3.461101,114.2084,0.01410483,0.4282193,-2.742655,0.0004043287,0.02262014,-0.1760836
161,0.016516,1,100,0,0,0,0,114.2077,0,0,135,0,8.584963,0,0,0,0,0,0,-0.03353396,0.1057125,-0.9938313,-0.05274252,0.9928178,0.1073843,0.9980452,0.05601818,-0.02771757,175.8252,-45.02781,-201.9339,114.2128,6.806181,-3.440315,114.4671,0.1415622,0.4429863,-2.824529,0.008516305,0.02315414,-0.1813554
162,0.016693,1,100,0,0,0,0,114.4662,0,0,135,0,8.604183,0,0,0,0,0,0,-0.03330605,0.108761,-0.9935099,-0.05282056,0.9924806,0.1104191,0.9980486,0.05615537,-0.02731079,177.7331,-44.91383,-201.9911,114.4668,6.871468,-3.410319,114.7236,0.2488884,0.4581467,-2.88494,0.01533512,0.02371735,-0.1852518
163,0.016668,1,100,0,0,0,0,114.7224,0,0,135,0,8.622991,0,0,0,0,0,0,-0.03307245,0.111861,-0.9931734,-0.05300341,0.9921224,0.1135076,0.9980467,0.05639555,-0.0268829,179.6424,-44.79891,-202.0478,114.7151,6.941493,-3.372494,114.9744,0.3355535,0.4735529,-2.922939,0.02082762,0.02430507,-0.187712
164,0.016685,1,100,0,0,0,0,114.9732,0,0,135,0,8.641425,0,0,0,0,0,0,-0.03283121,0.1149967,-0.9928232,-0.05327081,0.9917455,0.1166334,0.9980404,0.05671772,-0.02643424,181.5578,-44.68268,-202.1038,114.9584,7.01469,-3.327821,115.2203,0.4033058,0.4892547,-2.939034,0.02510575,0.02491862,-0.1887682
165,0.016695,1,100,0,0,0,0,115.219,0,0,135,0,8.656712,0,0,0,0,0,0,-0.03257647,0.1181467,-0.9924616,-0.05347068,0.9913606,0.1197707,0.9980379,0.0569693,-0.02597765,183.4782,-44.56626,-202.1592,115.1705,6.890934,-3.30107,115.4237,0.07834444,0.5060287,-2.942031,0.004299839,0.02637753,-0.1889401
166,0.016677,1,100,0,0,0,0,115.4228,0,0,135,0,8.674518,0,0,0,0,0,0,-0.03230404,0.1213178,-0.992088,-0.05348108,0.9909741,0.122923,0.9980463,0.05702884,-0.02552426,185.4002,-44.451,-202.214,115.4059,6.951311,-3.265223,115.6612,0.1963692,0.522046,-3.006075,0.01178908,0.0269405,-0.1930726
167,0.016684,1,100,0,0,0,0,115.6602,0,0,135,0,8.691977,0,0,0,0,0,0,-0.0320255,0.1245497,-0.9916965,-0.05360765,0.9905633,0.1261386,0.9980488,0.05720217,-0.02504646,187.327,-44.33465,-202.2683,115.6365,7.018654,-3.220693,115.8941,0.293406,0.5383288,-3.046837,0.01793094,0.02753222,-0.1957129
168,0.016685,1,100,0,0,0,0,115.893,0,0,135,0,8.709069,0,0,0,0,0,0,-0.03173948,0.1278167,-0.9912899,-0.05382923,0.9901316,0.1293908,0.9980457,0.05746717,-0.02454599,189.2576,-44.21714,-202.3217,115.8621,7.091021,-3.168653,116.1221,0.3707267,0.5548863,-3.064662,0.0228071,0.02815286,-0.1968833
169,0.016667,1,100,0,0,0,0,116.1209,0,0,135,0,8.72578,0,0,0,0,0,0,-0.03144481,0.1310908,-0.9908716,-0.0541258,0.9896839,0.1326513,0.998039,0.05780292,-0.02402502,191.1899,-44.09854,-202.3742,116.0824,7.166446,-3.110209,116.345,0.4298214,0.5716991,-3.060101,0.02651332,0.02880069,-0.1966187
170,0.016683,1,100,0,0,0,0,116.3437,0,0,135,0,8.742141,0,0,0,0,0,0,-0.03113938,0.1343554,-0.9904439,-0.05447992,0.9892232,0.1359027,0.9980294,0.05819123,-0.02348413,193.1277,-43.97856,-202.4258,116.298,7.243297,-3.046176,116.5632,0.4725788,0.5887867,-3.033813,0.02917055,0.02947466,-0.1949616
171,0.017039,1,100,0,0,0,0,116.5619,0,0,135,0,8.75851,0,0,0,0,0,0,-0.03081516,0.1376531,-0.9900011,-0.0548858,0.9887441,0.1391868,0.9980172,0.05862606,-0.02291311,195.1105,-43.85468,-202.4773,116.5136,7.324217,-2.975577,116.7815,0.5067441,0.6064625,-2.985485,0.03127187,0.03017212,-0.1918933
172,0.016332,1,100,0,0,0,0,116.7801,0,0,134.8851,0,8.443348,0,0,0,0,0,0,-0.03049129,0.1407577,-0.9895745,-0.05530658,0.9882805,0.1422777,0.9980038,0.05906821,-0.02234912,197.0139,-43.73779,-202.5061,112.4721,6.346726,1.990578,116.9858,-0.1062682,2.085194,-2.25825,-0.01160531,0.1000126,-0.146771
173,0.016739,1,100,0,0,0,0,112.578,0,0,134.8739,0,8.159681,0,0,0,0,0,0,-0.02898181,0.143259,-0.9892609,-0.05508384,0.9879439,0.144682,0.9980612,0.05868544,-0.02074115,198.8966,-43.63745,-202.4333,108.7185,6.005302,3.102801,112.9307,-0.5481684,2.039487,-1.943275,-0.03978763,0.09867877,-0.1264732
174,0.016769,1,100,0,0,0,0,108.7957,0,0,134.87,0,7.894708,0,0,0,0,0,0,-0.02747136,0.1454234,-0.9889882,-0.05442917,0.9876764,0.1467424,0.9981401,0.05786103,-0.01921754,200.7208,-43.53917,-202.3632,105.1857,5.821626,3.338676,109.2489,-0.8845279,1.680975,-1.721126,-0.06040874,0.08256977,-0.111804
175,0.01665,1,100,0,0,0,0,105.2628,0,0,134.8662,0,7.641989,0,0,0,0,0,0,-0.02621698,0.1473123,-0.9887426,-0.05346727,0.9874601,0.148539,0.9982255,0.05675961,-0.01801183,202.4734,-43.44455,-202.2902,101.8234,5.615571,3.790064,105.7811,-1.145628,1.478688,-1.465102,-0.07660703,0.07354359,-0.09513799
176,0.016623,1,100,0,0,0,0,101.8932,0,0,134.8665,0,7.401764,0,0,0,0,0,0,-0.02508987,0.1489481,-0.9885267,-0.05214316,0.9872971,0.1500862,0.9983246,0.05531055,-0.01700453,204.1677,-43.35409,-202.2133,98.62803,5.284997,3.817139,102.4475,-1.674596,1.160634,-1.351185,-0.1095254,0.05995361,-0.08742381
177,0.016705,1,100,0,0,0,0,98.69019,0,0,134.8694,0,7.17727,0,0,0,0,0,0,-0.02417547,0.1504749,-0.9883183,-0.05043491,0.9871647,0.151533,0.9984348,0.05350913,-0.01627599,205.8175,-43.26741,-202.138,95.63329,5.138523,3.787026,99.33779,-1.716508,0.8531873,-1.316402,-0.1114085,0.04566523,-0.08487399
178,0.016671,1,100,0,0,0,0,95.69693,0,0,134.8717,0,6.962043,0,0,0,0,0,0,-0.02348969,0.1519396,-0.9881107,-0.0487117,0.9870356,0.1529323,0.9985369,0.05172488,-0.01578392,207.414,-43.18432,-202.0588,92.77327,4.925835,4.123506,96.39263,-1.72892,0.7536448,-1.222785,-0.1119589,0.04096522,-0.07876867
179,0.016672,1,100,0,0,0,0,92.82724,0,0,134.8775,0,6.759268,0,0,0,0,0,0,-0.0228727,0.1532964,-0.9879155,-0.0469924,0.9869168,0.1542294,0.9986332,0.04995216,-0.01536968,208.9633,-43.10425,-201.9768,90.07162,4.780297,4.14622,93.5844,-1.696253,0.5521668,-1.159606,-0.1093538,0.03140638,-0.07453563
180,0.016677,1,100,0,0,0,0,90.12357,0,0,134.8853,0,6.567254,0,0,0,0,0,0,-0.02240498,0.1545727,-0.9877273,-0.04532539,0.9868024,0.1554561,0.9987209,0.04825212,-0.01510322,210.4684,-43.02617,-201.8965,87.51244,4.658172,4.097971,90.92693,-1.630586,0.3468001,-1.100398,-0.1046268,0.02157919,-0.07057023
181,0.016685,1,100,0,0,0,0,87.56339,0,0,134.895,0,6.385142,0,0,0,0,0,0,-0.02209144,0.1557737,-0.9875458,-0.04374317,0.9866903,0.1566173,0.9987987,0.04665829,-0.01498338,211.9317,-42.94994,-201.8177,85.08567,4.548109,4.033792,88.40757,-1.539725,0.1586703,-1.039249,-0.09833482,0.01248645,-0.0665091
182,0.016866,1,100,0,0,0,0,85.13522,0,0,134.9034,0,6.209413,0,0,0,0,0,0,-0.0219187,0.1569108,-0.9873695,-0.04225651,0.9865788,0.1577232,0.9988662,0.04517988,-0.01499402,213.3695,-42.87681,-201.7272,82.75544,4.363309,4.44065,86.02466,-1.433597,0.2216076,-0.9098613,-0.09176474,0.01503868,-0.05828632
183,0.016467,1,100,0,0,0,0,82.79217,0,0,134.914,0,6.042963,0,0,0,0,0,0,-0.02170234,0.1578871,-0.9872187,-0.04091515,0.9864837,0.1586691,0.9989269,0.04383569,-0.01494903,214.7354,-42.80688,-201.641,80.53976,4.250166,4.469605,83.7207,-1.315929,0.1332196,-0.8213117,-0.08403859,0.01051325,-0.05256052
184,0.016717,1,100,0,0,0,0,80.57283,0,0,134.9275,0,5.886045,0,0,0,0,0,0,-0.02155101,0.1587794,-0.987079,-0.0396877,0.9863943,0.1595357,0.99898,0.04261305,-0.01495621,216.0854,-42.73734,-201.5554,78.44923,4.15986,4.403815,81.5497,-1.179307,0.02884908,-0.740835,-0.07505842,0.005192823,-0.047345
185,0.016885,1,100,0,0,0,0,78.48061,0,0,134.9407,0,5.735231,0,0,0,0,0,0,-0.02148089,0.1595888,-0.9869499,-0.03860158,0.9863091,0.1603253,0.9990238,0.04154176,-0.01502642,217.4137,-42.66915,-201.4684,76.44737,4.006829,4.621915,79.49586,-1.047059,0.07980489,-0.6159751,-0.06679529,0.007117389,-0.0394013
186,0.016476,1,100,0,0,0,0,76.46974,0,0,134.9485,0,5.591558,0,0,0,0,0,0,-0.0213762,0.1602498,-0.9868451,-0.03767433,0.9862405,0.1609676,0.9990616,0.04061961,-0.01504477,218.677,-42.60505,-201.3803,74.53474,3.902889,4.600901,77.50674,-0.9193866,0.02916202,-0.5204783,-0.05853638,0.004322885,-0.03326295
187,0.016686,1,100,0,0,0,0,74.55411,0,0,134.9501,0,5.455959,0,0,0,0,0,0,-0.02131098,0.1608159,-0.9867543,-0.03687494,0.9861805,0.1615188,0.9990926,0.03982863,-0.0150864,219.9247,-42.54152,-201.2932,72.72826,3.816569,4.517855,75.62946,-0.782702,-0.03103,-0.4322912,-0.04967586,0.001060921,-0.02758781
188,0.016624,1,100,0,0,0,0,72.74612,0,0,134.9513,0,5.326766,0,0,0,0,0,0,-0.02129493,0.1612844,-0.9866782,-0.03622317,0.9861296,0.1619765,0.9991169,0.03918989,-0.01515732,221.1379,-42.47956,-201.2083,71.00694,3.735985,4.427382,73.84077,-0.6502848,-0.08815141,-0.3471152,-0.04109501,-0.002043827,-0.02210764
189,0.016734,1,100,0,0,0,0,71.02354,0,0,134.9479,0,5.199645,0,0,0,0,0,0,-0.02132558,0.1616636,-0.9866156,-0.03570924,0.9860872,0.1623489,0.9991349,0.03869348,-0.015256,222.3303,-42.41854,-201.1243,69.32498,3.560075,4.860924,72.14433,-0.5326341,0.1125276,-0.1914527,-0.03419344,0.006906976,-0.01228463
190,0.016636,1,100,0,0,0,0,69.3286,0,0,134.9519,0,5.078154,0,0,0,0,0,0,-0.02120028,0.1619198,-0.9865762,-0.03517835,0.9860661,0.162592,0.9991562,0.03815312,-0.0152088,223.4874,-42.36202,-201.0304,67.7111,3.367106,4.846609,70.45435,-0.7862625,0.1442668,-0.1847315,-0.05042423,0.009109219,-0.01184713
191,0.016728,1,100,0,0,0,0,67.70872,0,0,134.9533,0,4.96577,0,0,0,0,0,0,-0.02104555,0.1621935,-0.9865345,-0.03453761,0.9860462,0.16285,0.9991818,0.03749981,-0.01515011,224.6243,-42.30766,-200.9386,66.21476,3.247544,4.759609,68.89562,-0.5674626,0.1529464,-0.2498167,-0.0365185,0.00893681,-0.01604689
192,0.016681,1,100,0,0,0,0,66.21026,0,0,134.9544,0,4.858645,0,0,0,0,0,0,-0.02089624,0.1625337,-0.9864817,-0.03412002,0.9860066,0.1631782,0.9991995,0.03706858,-0.01505818,225.7333,-42.2553,-200.849,64.78766,3.139409,4.664388,67.40946,-0.3668854,0.1567861,-0.3145076,-0.02375939,0.008587842,-0.02021573
193,0.016687,1,100,0,0,0,0,64.78193,0,0,134.9553,0,4.756647,0,0,0,0,0,0,-0.02075465,0.1629409,-0.9864176,-0.03390498,0.985948,0.1635768,0.9992098,0.03683945,-0.01493849,226.819,-42.20463,-200.7613,63.42831,3.040996,4.570219,65.99413,-0.1837967,0.1611822,-0.3775797,-0.01211566,0.0083122,-0.0242793
194,0.016682,1,100,0,0,0,0,63.42195,0,0,134.9541,0,4.657214,0,0,0,0,0,0,-0.02061962,0.1634129,-0.9863423,-0.03387378,0.9858714,0.164043,0.9992134,0.03679365,-0.01479288,227.8815,-42.15631,-200.6725,62.10843,2.890692,4.714973,64.64489,-0.03330973,0.2782623,-0.4023301,-0.002874568,0.01337696,-0.02595687
195,0.016683,1,100,0,0,0,0,62.09618,0,0,134.9563,0,4.563519,0,0,0,0,0,0,-0.02040319,0.163914,-0.9862638,-0.03398832,0.9857853,0.1645377,0.9992144,0.03687854,-0.014542,228.9221,-42.11019,-200.5826,60.85983,2.788937,4.67315,63.34279,0.1062303,0.3164085,-0.4468224,0.005896531,0.01479117,-0.0288479
196,0.016911,1,100,0,0,0,0,60.84691,0,0,134.9573,0,4.475432,0,0,0,0,0,0,-0.02016196,0.1644703,-0.9861761,-0.03424563,0.9856843,0.1650884,0.9992104,0.03710072,-0.01424094,229.9561,-42.06487,-200.4933,59.68447,2.707487,4.589855,62.1184,0.236155,0.3417049,-0.4951126,0.0140918,0.01563334,-0.03197402
197,0.016456,1,100,0,0,0,0,59.67243,0,0,134.9583,0,4.389448,0,0,0,0,0,0,-0.01991565,0.1650592,-0.9860826,-0.03461703,0.985573,0.165673,0.9992023,0.03743474,-0.01391447,230.943,-42.02199,-200.4082,58.53681,2.635019,4.512014,60.92332,0.3365796,0.3526835,-0.53934,0.02045006,0.01588719,-0.03482836
198,0.016682,1,100,0,0,0,0,58.52597,0,0,134.9591,0,4.308464,0,0,0,0,0,0,-0.01966336,0.1657023,-0.9859799,-0.03509306,0.9854485,0.1663129,0.9991908,0.03787132,-0.01356223,231.9244,-41.97961,-200.3235,57.45522,2.574886,4.428514,59.79748,0.427374,0.3660212,-0.5827058,0.0261877,0.01627833,-0.03762907
199,0.016853,1,100,0,0,0,0,57.44618,0,0,134.9543,0,4.226301,0,0,0,0,0,0,-0.0194037,0.1663974,-0.9858679,-0.03566329,0.9853109,0.1670054,0.9991757,0.03839981,-0.0131844,232.8972,-41.9385,-200.2357,56.36879,2.41534,4.883885,58.7337,0.4882175,0.6330824,-0.5487658,0.02926952,0.02858254,-0.03564498
