# address	kind	function	text (\n escaped)
003e6918	FUNC_PLATE	Shadow_DrawOccluderStencilVolumes	The draw call for the DynamicShadowOccluder / LiveStencilShadow path. Walks\nthe model-instance array (PTR_DAT_008b7da0, count/index list at +0x933c4/\n+0x933c8), and for each instance with a byte flag at +0x140 set (role\nunread) and the shadow.stencilvolume flag bit (self+0xe4 & 2) set, runs:\n\n  SET_COLOR_MASK(0,0,0,0)                                    // color off\n  Shadow_AccumulateStencilVolume(instance+0x128, ctx, ...)   // stencil write\n  SET_COLOR_MASK(1,1,1,0)                                    // RGB on, alpha off\n  <FUN_004053e0, not renamed - blend-enabled, alpha-tested draw>\n  SET_COLOR_MASK(0,0,0,0)                                    // color off\n  Shadow_ClearStencilVolume(instance+0x128, ctx, ...)        // stencil test + reset\n\nFUN_004053e0 is bracketed by color-mask toggles the same way the two stencil\npasses are, and is the only one of the three with color writes on and\nalpha blending enabled (SRC_ALPHA/ONE_MINUS_SRC_ALPHA) - confirmed via\nFUN_005c2380 = SET_COLOR_MASK (register 0x324) against a vendored rpcs3's\ngcm_enums.h. That makes it the strongest candidate for the actual visible\ndarkening draw, not (as an earlier pass here guessed without checking) "the\ncaster's own regular mesh" - what geometry it actually submits is still\nunconfirmed. instance+0x128 is a Resource_FindOrLoadByHashedPath handle\nwhose geometry Shadow_ParseStencilVolumeGeometry parses into an n-vertex/\nm-u32-index pair (Shadow_AllocateStencilVolumeBuffers, closed by an exact\narithmetic invariant on the index width); m is the count both stencil passes\nactually draw. See shadow-stencilvolume.md.\n\nConfidence 80: the flag checks and RSX register sequence are unambiguous,\nbut no runtime trace confirms this is the only caller of the two\nShadow_*StencilVolume functions, what FUN_004053e0 draws, or that nothing\nelse feeds the +0x933c4/+0x933c8 list.
003ee398	FUNC_PLATE	Resource_FindOrLoadByHashedPath	Generic hashed-path find-or-load cache - renamed from\nShadow_FindOrLoadStencilVolumeResource on 2026-09-04 once it was clear\nnothing in this function is shadow-specific: the path string is entirely the\ncaller's (0x003eeb08's shadow.stencilvolume path build), this function only\nhashes and caches it. A red-black-tree lookup by the path's Crc32 hash,\nreturning a cached handle on hit; on miss it opens and reads a stream\n(FUN_00679ec8/FUN_00679ed8, not decompiled) and parses the result with its\nsecond argument as a parser callback-ish pointer - here always\nShadow_ParseStencilVolumeGeometry, into a newly allocated 64-byte block.\n\nOne known direct call site (the shadow.stencilvolume path), but the cache\nmechanism itself is generic and not searched for other callers - do not\nassume it is shadow-exclusive just because this pass only found one use.\nConfidence 75. See\ndocs/ghidra/functions/ps3-hdfury-eu/shadow-stencilvolume.md.
003eeb08	FUNC_PLATE	.opd.FUN_003eeb08	Not renamed (below-70/broad-scope: this function clones materials, builds\nper-submesh render entries, hashes material parameter names, and compiles a\nper-instance render-command stream - too large and multi-purpose to name as\na whole from one pass).\n\nOne narrow, well-evidenced slice of it: when the model's own flag word at\ninstance+0xe4 has bit 0x2 set, the code at 0x003efba4-0x003efcb0 normalizes\nthe model's own path (backslash to forward slash via a call sequence: wrap,\nReplaceAll("\\","/")), finds the last "/" in it, and appends the literal\n"shadow.stencilvolume" - i.e. it looks for a fixed-named sibling file next to\nthe model, not a per-model-named one. The resulting path is passed to\nResource_FindOrLoadByHashedPath (0x003ee398, generic - not shadow-specific\nitself), whose miss path allocates a 0x40-byte block and parses it with\nShadow_ParseStencilVolumeGeometry (0x005ee7d0): a repeat-count outer loop,\neach entry a pair of counts (n vertices, m u32 indices - closed 2026-09-04\nvia Shadow_AllocateStencilVolumeBuffers, 0x005ee2c0, and an exact arithmetic\ninvariant between its index-width computation and the parser's own memcpy\nsize) plus a per-outer-block std::vector entry the draw call walks. The\nreturned handle is stored at instance+0x128 and consumed by\nShadow_AccumulateStencilVolume/Shadow_ClearStencilVolume\n(Shadow_DrawOccluderStencilVolumes, 0x003e6918).\n\nSee docs/ghidra/functions/ps3-hdfury-eu/shadow-stencilvolume.md and\nhandover/shadows-are-planned-and-pulses-occluder-payload-closes.md.\nTraced 2026-09-04.
004053e0	FUNC_PLATE	.opd.FUN_004053e0	Not renamed - a large scene-chunk render submission function (PVS visibility\nculling via Pvs_IsUsable/Pvs_NearestCellCached, zone-texture binding,\nShader_GetVariantHash-based technique selection). Called from\nShadow_DrawOccluderStencilVolumes between its two color-off stencil passes,\nwith color writes on (SET_COLOR_MASK(1,1,1,0)) and its own alpha blending\nenabled (SET_BLEND_ENABLE, FUNC_ADD, SRC_ALPHA/ONE_MINUS_SRC_ALPHA) - the\nstrongest candidate in this sequence for the actual visible darkening draw.\n\nChecked 2026-09-04: it never calls FUN_005a3e58 (the low-level primitive\ndraw the two stencil passes use directly) - instead it compiles a small\ncommand stream (a bytecode-shaped sequence of shader-parameter-binding\nopcodes, ending in a terminator) and hands it to FUN_005fc728, which builds\nDMA-list-shaped descriptors matching this project's own already-documented\nSPU job pattern (see engine-trail.md's "the SPU job's setup" language).\nFUN_005fc728 itself has 7 callers in this same rendering module (0x003fc140,\n0x00401ba8, 0x00402a88, 0x00403a30, 0x004053e0, 0x004074e0, 0x00408fa8) -\nso it is a shared, generic job-submission primitive, and FUN_004053e0 is one\nof several sibling "build a chunk-render job, then submit it" functions in\nthis file, not a bespoke one-off. That supports "generic infrastructure,"\nsame as before, but through an SPU-offloaded path rather than the immediate\nlow-level draw the stencil passes use - it does NOT settle what geometry it\nactually submits (an earlier pass here guessed "the shadow-casting\ninstance's own regular visible mesh" from parameter shapes alone; that guess\nis still not confirmed either way). Fully resolving this needs the same\nscale of SPU-job tracing engine-trail.md's Trails job got, not attempted\nhere. See docs/ghidra/functions/ps3-hdfury-eu/shadow-stencilvolume.md.
005ed658	FUNC_PLATE	Shadow_AccumulateStencilVolume	First of the two-pass stencil shadow volume: the depth-fail ("Carmack's\nReverse") stencil-write pass, color writes off (caller sets\nSET_COLOR_MASK(0,0,0,0) immediately before). Confirmed against the vendored\nrpcs3 source (Emu/RSX/gcm_enums.h) rather than assumed from general OpenGL\nknowledge:\n\n  Rsx_SetMethod(ctx, 0x183c, 0)   // NV4097_SET_CULL_FACE_ENABLE = off (draw both faces)\n  Rsx_SetMethod(ctx, 0x328, 1)    // NV4097_SET_STENCIL_TEST_ENABLE = on\n  Rsx_SetMethod(ctx, 0x348, 1)    // NV4097_SET_TWO_SIDED_STENCIL_TEST_ENABLE = on\n  stencil func = ALWAYS (0x207), ref 1, mask 0xff, both faces\n  stencil op = (KEEP, DECR_WRAP, KEEP) / (KEEP, INCR_WRAP, KEEP), front/back\n\nUploads the LiveStencilShadow technique's vertex constants\n(Rsx_UploadVertexConstants, using the technique object cached at\nPTR_DAT_008bf4c4 - see Shader_ResolveLiveStencilShadowConstants), then draws\nparam_1 (the model instance's +0x128 handle from\nResource_FindOrLoadByHashedPath/Shadow_ParseStencilVolumeGeometry) via\nFUN_005a3e58 with a literal `5` as its second argument - if that argument is\na GCM primitive type, gcm_enums.h makes 5 CELL_GCM_PRIMITIVE_TRIANGLES, not\nTRIANGLE_STRIP (which is 6, GCM's list being 1-based unlike OpenGL's) -\nwalking a vector of 16-byte entries at param_1[2] (a std::vector-shaped\npush_back target inside Shadow_ParseStencilVolumeGeometry, one entry per\nparsed block: {index-buffer ptr, vertex-buffer ptr, u32 index count, vertex\ncount}), reading each entry's index count (offset +8) as the draw's index\ncount (108 for the real files - 36 triangles).\n\nChecked 2026-09-04 against LiveStencilShadow_vp's own disassembly\n(scripts/ps3-microcode.py, SHO block 0x00929600): the vertex program shifts\nEVERY vertex by the same lightDirection*extrusionDistance, unconditionally -\nnot a per-vertex silhouette extrusion. This function's own vertex-constant\nupload is a single call, computed from PTR_DAT_008bf4c4 the same way\nShadow_ClearStencilVolume computes it - neither function varies\nextrusionDistance, so the two stencil passes submit the SAME once-shifted\nclosed box, not a near-cap/far-cap pair. The technique is closer to "does\nthis pixel's depth sample fall inside a fixed box template, shifted toward\nthe light and positioned at the caster" than a true silhouette-derived\nshadow volume - still a legitimate two-sided depth-fail stencil test, just\nbuilt from a rigidly-shifted closed solid rather than an extruded one.\n\nA real 39-file check (2026-09-04) of the geometry itself found 24 of the\nbox's 36 triangles are degenerate (zero-area - two of three vertices\ncoincide), on every file. Put together with the dead dot(normal,\nlightDirection) this vertex program computes and never reads: 12 real face\ntriangles + 24 corner-bridging triangles is exactly the topology a true\nnear-cap/side-wall silhouette-extrusion volume needs, and dot(normal, light)\nis exactly the term such a shader would need to decide which corner copies\nto displace. Leading hypothesis, not confirmed: this asset and shader were\nauthored for a real silhouette extrusion, and the shipped vertex program\ndoes not take that branch - it shifts every vertex uniformly instead,\nleaving both the dead dot product and the degenerate triangles as vestiges.\n\nConfidence 84: RSX method identities are independently verified (90+), the\noverall "depth-fail stencil test against a rigid-shifted box" synthesis is\na direct decompile plus a direct shader disassembly, not runtime-traced. The\n"authored-for-extrusion, shipped-as-rigid-shift" reading is a hypothesis,\nnot scored - nothing confirms why the path is unused.
005edb48	FUNC_PLATE	Shader_ResolveLiveStencilShadowConstants	Resolves the LiveStencilShadow_vp/_fp shader technique: finds both shaders\nvia ShaderRegistry_Find (refcounting the previous technique out), then looks\nup three named constant handles by Crc32_HashString: worldViewProj,\nlightDirection, extrusionDistance. All five string loads sit in one\ncontiguous table off this function's own TOC (0x008bd3c4, displacements\n0x2108/0x210c/0x2110/0x2114/0x2118) and were each independently resolved with\nscripts/ps3-toc.py resolve against the exact instruction issuing the load -\nnot read off Ghidra's own symbol names for this module-B function.\n\nlightDirection as a bound constant is notable next to Pulse's\nShadow_RenderOccluderVolume (psp-pulse-usa), which derives its extrusion\ndirection purely from the occluder's own local axis and never reads a light\n- see handover/shadows-are-planned-and-pulses-occluder-payload-closes.md.\nConfidence 82: static read only, not traced live (renderer.md's page cap).
005ede20	FUNC_PLATE	Shadow_ClearStencilVolume	Second of the two-pass stencil shadow volume: a stencil clear/reset, color\nwrites off (caller sets SET_COLOR_MASK(0,0,0,0) immediately before) - not a\n"resolve" in the sense of applying a visual effect; it produces no color\noutput at all. Called after FUN_004053e0 (color on, alpha-blended - the more\nplausible candidate for whatever actually darkens the screen). Confirmed\nagainst Emu/RSX/gcm_enums.h:\n\n  Rsx_SetMethod(ctx, 0x183c, 1)   // NV4097_SET_CULL_FACE_ENABLE = back on\n  Rsx_SetMethod(ctx, 0x328, 1)    // NV4097_SET_STENCIL_TEST_ENABLE = on (single-sided this time)\n  stencil func = NOTEQUAL (0x205), ref 0, mask 0xff\n  stencil op = (KEEP, KEEP, ZERO)   // pass -> reset the stencil back to 0\n\nSame vertex-constant upload and same param_1 (+0x128 handle) draw as\nShadow_AccumulateStencilVolume, with color writes off - it re-submits the\nsame volume geometry (m indices over an n-vertex buffer, see\nShadow_ParseStencilVolumeGeometry/Shadow_AllocateStencilVolumeBuffers)\npurely to run the stencil test and reset op, discarding any color. Zeroes\nthe stencil where nonzero so the buffer needs no separate clear before the\nnext caster. Renamed 2026-09-04 from Shadow_ResolveStencilVolume once the\ncolor-mask sequence showed this pass writes no color at all, so "resolve"\noverclaimed what it does; confidence 84 unchanged, same reasoning as the\nfirst pass.\n\nChecked 2026-09-04 against LiveStencilShadow_vp's own disassembly: this\nfunction's vertex-constant upload computes the same offset from\nPTR_DAT_008bf4c4 the same way Shadow_AccumulateStencilVolume does, and\nneither function varies extrusionDistance - so "same volume geometry" above\nmeans literally the same shifted box, not an unshifted counterpart to the\nfirst pass's shifted one. See Shadow_AccumulateStencilVolume's own comment\nfor what that implies about the technique as a whole.
005ee2c0	FUNC_PLATE	Shadow_AllocateStencilVolumeBuffers	Allocates the two GPU buffers Shadow_ParseStencilVolumeGeometry needs per\nouter block, and closes the n/m question left open in the earlier pass:\n\n  FUN_005a88c8(dest, n, 0x18, 2, ...)   // vertex buffer: n elements, 24-byte stride\n  FUN_005a8750(dest, 0, m, ...)         // index buffer: m elements\n\nStores {index-buffer ptr, vertex-buffer ptr, m, n} into the caller's scratch\nobject (param_1[0..3]), which is exactly the 16-byte layout\nShadow_AccumulateStencilVolume/Shadow_ClearStencilVolume read per vector\nentry - entry+8 (=m) is the count argument their draw call passes to\nFUN_005a3e58. So **n sizes the vertex buffer (24-byte stride, matching the\ngeometry-record loop) and m sizes the index buffer and is the actual drawn\ncount**.\n\n**Closed by an exact arithmetic invariant, 2026-09-04**: FUN_005a8750's own\nbranchless index-width computation, evaluated for the literal `param_2=0`\nthis call site passes, is `((0^0^0x10)-0-1)>>31 & 0xfffffffe) + 4 = 4` -\n4-byte (u32) indices - and Shadow_ParseStencilVolumeGeometry's own memcpy of\nthe index blob is `m << 2` bytes, i.e. exactly `m` u32s. Two independently\nread functions agreeing on the same byte size is the strongest evidence on\nthis page short of a runtime trace or a real file (confidence rubric's\n85-94 band). FUN_005a88c8/FUN_005a8750 are generic buffer constructors\n(confirmed by reading both - neither is shadow-specific, not renamed).\n\nConfidence 85 on the n=vertex/m=index-u32 split; 82 on this function's own\noverall role (single call site, not runtime-traced). See\ndocs/ghidra/functions/ps3-hdfury-eu/shadow-stencilvolume.md.
005ee580	FUNC_PLATE	Shader_SetLiveStencilShadowTechniqueActive	Register/unregister dispatcher for the LiveStencilShadow technique, branching\non (mode, sub): (1, 0xffff) registers both shaders and the IN_position/\nIN_normal vertex attributes; (0, 0xffff) releases the previous technique's\nrefcounted resources. Called only from the two trampolines\nShader_ConstructLiveStencilShadowTechnique (mode=1) and\nShader_DestructLiveStencilShadowTechnique (mode=0) - a static object's\nctor/dtor pair, not a per-model call. Confidence 80.
005ee7d0	FUNC_PLATE	Shadow_ParseStencilVolumeGeometry	Parses one shadow.stencilvolume resource buffer (param_2) into the\ndestination object (param_1, a 64-byte block allocated by\nResource_FindOrLoadByHashedPath). Confirmed field layout on param_1:\noffset 0x0 = outer repeat-count (copied from param_2's own first u32);\n0x8/0xc/0x10 = a std::vector's begin/end/capacity pointers (push_back idiom,\nFUN_00734bd0 the grow-on-full helper); 0x20/0x30 = a running min/max\nreduction over three of the six per-record floats (NOT a bounding box - see\nbelow).\n\nPer outer iteration: two u32 header fields (n, m - not u16), a third unread\nheader word, then Shadow_AllocateStencilVolumeBuffers(scratch, n, m)\nallocates an n-vertex (24-byte stride) buffer and an m-index (u32) buffer -\nsee its own comment, which closes n/m's roles with an exact arithmetic\ninvariant. Then (n>0) a loop of n 24-byte/6-float input records is\ncopied/transformed into the new vertex buffer (the copy loop's exact\nper-float source/dest mapping is heavily vectorized and decompiler-mangled,\nnot confidently traced); three of the six floats (byte offsets 0xc/0x10/0x14)\nalso feed the min/max reduction at param_1+0x20/+0x30. Byte-verified against\n39/39 real shadow.stencilvolume PSARC entries (2026-09-04): the record is\n(x,y,z,nx,ny,nz), so offsets 0xc/0x10/0x14 are a unit face NORMAL, not a\nposition - a min/max over normals in a fixed six-face box is a constant,\nnot a spatial bound, so param_1+0x20/+0x30's actual purpose is unresolved,\nnot "bbox" as an earlier pass here claimed. After the n records, an m*4-byte\nindex blob is memcpy'd into the new index buffer - matching\nShadow_AllocateStencilVolumeBuffers's own u32-index computation exactly.\nOne 16-byte {index-buf ptr, vertex-buf ptr, m, n} entry is then push_back'd\nonto the vector at offset 0x8 - one entry per outer iteration, not per\nn-record. The draw call (Shadow_AccumulateStencilVolume/\nShadow_ClearStencilVolume) walks this vector, reading each entry's m field\nas its primitive count.\n\nThe 39/39 real files all share one exact header (n=24, m=108) and the same\ntopology: 24 vertices as 4 per face x 6 axis-aligned faces (an unwelded box),\n108 indices as 12 face-quad triangles + 24 edge-bridging triangles sealing\nit into one closed manifold. Only vertex positions vary per file (per-ship\nbounding footprint) - the topology itself is byte-identical across every\nfile. This is the same coarse shape as Pulse's DynamicShadowOccluder .vex\npayload (leading counts, a geometry array) but a different topology\nencoding: HD pairs an explicit vertex buffer with an index buffer, where\nPulse's n (faces) and m (vertex slots) each index their own same-shaped\nrecord array with no separate index list.\n\nConfidence 92 on the on-disc record format (n=vertex/m=index-u32,\n(pos,normal) per vertex, sealed-box topology) - byte-verified across 39/39\nreal files, an exact-invariant-across-many-files case. 75 on this\nfunction's own overall role and internal copy-loop mechanics (single call\nsite, not runtime-traced, vectorized code not fully mapped). 65 on the\n"vertex shader extrudes per-vertex along lightDirection" mechanism reading\nthat would explain why the topology is a fixed sealed box - the shape fits,\nthe shader bytecode is unread. See\ndocs/ghidra/functions/ps3-hdfury-eu/shadow-stencilvolume.md.
007b26c8	PLATE		Detonator mode's 15 per-stage texture names: Data/Tex/DetonatorMode0.gtf .. DetonatorMode14.gtf. The base Environment_LoadStageTextures (0x003d6dc8) passes when g_GameState.mode == 0xe. Entry 0 sits at +0x00 and entries 1..14 at +0x30 + 32*(k-1), ending with DetonatorMode14.gtf at 0x007b2898; a pooled 16-byte "unlabeled" constant sits between entries 0 and 1 and is unexplained. Followed by g_detonator_mode_track_texture_names. See docs/ghidra/functions/ps3-hdfury-eu/zone-effectsettings-loader.md
007b28b8	PLATE		Detonator mode's 15 per-stage Track texture names: Data/Tex/DetonatorModeTrack0.gtf .. Track14.gtf, stride 40. Counterpart of g_zone_mode_track_texture_names. See docs/formats/effectsettings.md
007b2b10	PLATE		Zone mode's 15 per-stage texture names: Data/Tex/zoneMode0.gtf .. zoneMode14.gtf, stride 24, 0x007b2b10..0x007b2c78. The base Environment_LoadStageTextures (0x003d6dc8) passes when g_GameState.mode is NOT 0xe. Followed immediately by g_zone_mode_track_texture_names. See docs/ghidra/functions/ps3-hdfury-eu/zone-effectsettings-loader.md
007b2c78	PLATE		Zone mode's 15 per-stage Track texture names: Data/Tex/zoneModeTrack0.gtf .. Track14.gtf, stride 28. The set that carries the real escalating art - the general set above decodes to flat white on all fifteen. See docs/formats/effectsettings.md
00c7efb0	PLATE		The per-stage effectSettings struct table: 15 stages of 0x250 bytes. Base is iVar8 + 0x1000 (0x008b7940 holds iVar8 = 0x00c7dfb0). Environment_RegisterStageSchema (0x003d0b98) registers 51 keys into each row; Environment_UpdateStageBlend (0x003da540) cross-fades three 16-byte fields of it. Full key-to-offset table in docs/ghidra/functions/ps3-hdfury-eu/zone-effectsettings-loader.md
