# address	symbol_type	name	namespace
00032f44	Label	GameMode_BackendDispatchTable	Global
00762530	Label	sys_libc_nid_table	Global
00762530	Label	FNID_sys_libc_0x00ACF0E5	Global
00762534	Label	FNID_spu_thread_sprintf	Global
00762538	Label	FNID__rand_int32_TT800	Global
0076253c	Label	FNID_raw_spu_write_float	Global
00762540	Label	FNID__Wctomb	Global
00762544	Label	FNID_spu_thread_read_double	Global
00762548	Label	FNID_sys_libc_0x02F52A3C	Global
0076254c	Label	FNID__Defloc	Global
00762550	Label	FNID_strcpy	Global
00762554	Label	FNID_raw_spu_write_short	Global
00762558	Label	FNID__Stoullx	Global
0076255c	Label	FNID_btowc	Global
00762560	Label	FNID__Stoldx	Global
00762564	Label	FNID_sys_libc_0x0871FFB0	Global
00762568	Label	FNID__Tlsfree	Global
0076256c	Label	FNID_strxfrm	Global
00762570	Label	FNID_spu_thread_read_uint	Global
00762574	Label	FNID_spu_thread_read_ldouble	Global
00762578	Label	FNID__Stolx	Global
0076257c	Label	FNID__malloc_finalize	Global
00762580	Label	FNID__Getnloc	Global
00762584	Label	FNID_toupper_ascii	Global
00762588	Label	FNID_raw_spu_write_double	Global
0076258c	Label	FNID_srand	Global
00762590	Label	FNID__CStrxfrm	Global
00762594	Label	FNID_sys_libc_0x0DF8809F	Global
00762598	Label	FNID_vfwscanf	Global
0076259c	Label	FNID_raw_spu_read_ushort	Global
007625a0	Label	FNID_ispunct_ascii	Global
007625a4	Label	FNID_localeconv	Global
007625a8	Label	FNID_strspn	Global
007625ac	Label	FNID_spu_thread_snprintf	Global
007625b0	Label	FNID_wcstol	Global
007625b4	Label	FNID_islower	Global
007625b8	Label	FNID_sys_libc_0x11D270D2	Global
007625bc	Label	FNID__Btowc	Global
007625c0	Label	FNID_raw_spu_read_mem	Global
007625c4	Label	FNID_mbrtowc	Global
007625c8	Label	FNID_towlower	Global
007625cc	Label	FNID_fcntl	Global
007625d0	Label	FNID_wcstok	Global
007625d4	Label	FNID_absi4	Global
007625d8	Label	FNID_divi4	Global
007625dc	Label	FNID_sys_libc_0x145853CD	Global
007625e0	Label	FNID_spu_thread_read_long	Global
007625e4	Label	FNID_mkdir	Global
007625e8	Label	FNID_rand	Global
007625ec	Label	FNID_isgraph_ascii	Global
007625f0	Label	FNID_wcsftime	Global
007625f4	Label	FNID_spu_thread_read_ulong	Global
007625f8	Label	FNID_setlocale	Global
007625fc	Label	FNID_sys_libc_0x1895908D	Global
00762600	Label	FNID_wscanf	Global
00762604	Label	FNID__Dnorm	Global
00762608	Label	FNID_getpid	Global
0076260c	Label	FNID_mktime	Global
00762610	Label	FNID_truncate	Global
00762614	Label	FNID_div	Global
00762618	Label	FNID_wcstoumax	Global
0076261c	Label	FNID_atexit	Global
00762620	Label	FNID_vswscanf	Global
00762624	Label	FNID_getwc	Global
00762628	Label	FNID_iswalpha	Global
0076262c	Label	FNID__Strxfrmx	Global
00762630	Label	FNID_sys_libc_0x1DD0D4C5	Global
00762634	Label	FNID__Getptolower	Global
00762638	Label	FNID_spu_thread_read_int	Global
0076263c	Label	FNID__Vacopy	Global
00762640	Label	FNID_chmod	Global
00762644	Label	FNID__allocate_mapped_pages	Global
00762648	Label	FNID_spu_thread_read_ptr	Global
0076264c	Label	FNID_spu_thread_write_long	Global
00762650	Label	FNID_towctrans	Global
00762654	Label	FNID__fs_initialize	Global
00762658	Label	FNID__Stollx	Global
0076265c	Label	FNID__Frprep	Global
00762660	Label	FNID__Mbtowcx	Global
00762664	Label	FNID_iswcntrl	Global
00762668	Label	FNID_abs	Global
0076266c	Label	FNID__Wctob	Global
00762670	Label	FNID_clock	Global
00762674	Label	FNID__rand_real2_TT800	Global
00762678	Label	FNID___raw_spu_printf	Global
0076267c	Label	FNID_iscntrl	Global
00762680	Label	FNID_localtime	Global
00762684	Label	FNID_putchar	Global
00762688	Label	FNID_ftell	Global
0076268c	Label	FNID_sprintf	Global
00762690	Label	FNID_raw_spu_read_uchar	Global
00762694	Label	FNID__FDunscale	Global
00762698	Label	FNID_wcsrtombs	Global
0076269c	Label	FNID__Tlsset	Global
007626a0	Label	FNID_readdir	Global
007626a4	Label	FNID_raw_spu_read_short	Global
007626a8	Label	FNID__Once	Global
007626ac	Label	FNID_ftruncate64	Global
007626b0	Label	FNID__Puttxt	Global
007626b4	Label	FNID_strlen	Global
007626b8	Label	FNID_getwchar	Global
007626bc	Label	FNID__Getmem	Global
007626c0	Label	FNID_sys_libc_0x312BE3B3	Global
007626c4	Label	FNID_raw_spu_read_char	Global
007626c8	Label	FNID__WPrintf	Global
007626cc	Label	FNID__Mtxdst	Global
007626d0	Label	FNID__Getint	Global
007626d4	Label	FNID_ferror	Global
007626d8	Label	FNID__WGetstr	Global
007626dc	Label	FNID__Getcloc	Global
007626e0	Label	FNID__Unlocksyslock	Global
007626e4	Label	FNID_mbtowc	Global
007626e8	Label	FNID__Wcsxfrmx	Global
007626ec	Label	FNID__Stoll	Global
007626f0	Label	FNID_strtoull	Global
007626f4	Label	FNID_raw_spu_write_llong	Global
007626f8	Label	FNID__fs_finalize	Global
007626fc	Label	FNID__Wctombx	Global
00762700	Label	FNID_swscanf	Global
00762704	Label	FNID_snprintf	Global
00762708	Label	FNID_isxdigit	Global
0076270c	Label	FNID__WScanf	Global
00762710	Label	FNID_putc	Global
00762714	Label	FNID_fsync	Global
00762718	Label	FNID__Iswctype	Global
0076271c	Label	FNID__Strerror	Global
00762720	Label	FNID_atoi	Global
00762724	Label	FNID_vfwprintf	Global
00762728	Label	FNID_strcmp	Global
0076272c	Label	FNID_opendir	Global
00762730	Label	FNID__Genld	Global
00762734	Label	FNID__Getptimes	Global
00762738	Label	FNID__Stof	Global
0076273c	Label	FNID_spu_thread_write_short	Global
00762740	Label	FNID_isdigit	Global
00762744	Label	FNID_sys_libc_0x3F650700	Global
00762748	Label	FNID_atol	Global
0076274c	Label	FNID_fwide	Global
00762750	Label	FNID__WGenld	Global
00762754	Label	FNID_isdigit_ascii	Global
00762758	Label	FNID__get_fd	Global
0076275c	Label	FNID_difftime	Global
00762760	Label	FNID_fwscanf	Global
00762764	Label	FNID__Geterrno	Global
00762768	Label	FNID_strerror	Global
0076276c	Label	FNID__Fopen	Global
00762770	Label	FNID_raw_spu_read_float	Global
00762774	Label	FNID_spu_thread_write_mem	Global
00762778	Label	FNID_malloc_stats	Global
0076277c	Label	FNID__init_TT800	Global
00762780	Label	FNID_wcsxfrm	Global
00762784	Label	FNID_sys_libc_0x468B45DC	Global
00762788	Label	FNID_rand_int31_TT800	Global
0076278c	Label	FNID_raw_spu_write_mem	Global
00762790	Label	FNID__Getpctype	Global
00762794	Label	FNID__Printf	Global
00762798	Label	FNID_vfscanf	Global
0076279c	Label	FNID_vswprintf	Global
007627a0	Label	FNID_raw_spu_write_ushort	Global
007627a4	Label	FNID__Getgloballocale	Global
007627a8	Label	FNID_iswupper	Global
007627ac	Label	FNID_fputs	Global
007627b0	Label	FNID_longjmp	Global
007627b4	Label	FNID_wmemchr	Global
007627b8	Label	FNID_feof	Global
007627bc	Label	FNID_raw_spu_printf	Global
007627c0	Label	FNID__Getloc	Global
007627c4	Label	FNID__Stodx	Global
007627c8	Label	FNID_write	Global
007627cc	Label	FNID_raw_spu_read_uint	Global
007627d0	Label	FNID__Getpmbstate	Global
007627d4	Label	FNID__Locvar	Global
007627d8	Label	FNID_spu_raw_snprintf	Global
007627dc	Label	FNID_rewind	Global
007627e0	Label	FNID_iswctype	Global
007627e4	Label	FNID_fgetws	Global
007627e8	Label	FNID__LDscale	Global
007627ec	Label	FNID_wctrans	Global
007627f0	Label	FNID__WStod	Global
007627f4	Label	FNID__WLitob	Global
007627f8	Label	FNID_strncat	Global
007627fc	Label	FNID_memset	Global
00762800	Label	FNID_raw_spu_read_ullong	Global
00762804	Label	FNID__Getpwcstate	Global
00762808	Label	FNID_strtoll	Global
0076280c	Label	FNID_spu_thread_read_float	Global
00762810	Label	FNID_memmove	Global
00762814	Label	FNID_wcspbrk	Global
00762818	Label	FNID_raw_spu_write_ldouble	Global
0076281c	Label	FNID__Mbtowc	Global
00762820	Label	FNID_rand_int32_TT800	Global
00762824	Label	FNID___getpid	Global
00762828	Label	FNID_bsearch	Global
0076282c	Label	FNID__Stold	Global
00762830	Label	FNID__Dscale	Global
00762834	Label	FNID__WStold	Global
00762838	Label	FNID__Unlockfilelock	Global
0076283c	Label	FNID__LDunscale	Global
00762840	Label	FNID_isspace_ascii	Global
00762844	Label	FNID_memalign	Global
00762848	Label	FNID_iswdigit	Global
0076284c	Label	FNID_swprintf	Global
00762850	Label	FNID_raw_spu_read_ldouble	Global
00762854	Label	FNID_wcstold	Global
00762858	Label	FNID__Gentime	Global
0076285c	Label	FNID_fgetpos	Global
00762860	Label	FNID_wcslen	Global
00762864	Label	FNID_TlsGetValue	Global
00762868	Label	FNID__Fgpos	Global
0076286c	Label	FNID_wcsspn	Global
00762870	Label	FNID_spu_thread_write_double	Global
00762874	Label	FNID_raw_spu_write_ptr	Global
00762878	Label	FNID_strtof	Global
0076287c	Label	FNID_iswprint	Global
00762880	Label	FNID__init_by_array_TT800	Global
00762884	Label	FNID_perror	Global
00762888	Label	FNID__Ldtob	Global
0076288c	Label	FNID_fopen	Global
00762890	Label	FNID_fseek	Global
00762894	Label	FNID__Tlsalloc	Global
00762898	Label	FNID__Mtxunlock	Global
0076289c	Label	FNID_wcsncmp	Global
007628a0	Label	FNID__rand_int31_TT800	Global
007628a4	Label	FNID__Locksyslock	Global
007628a8	Label	FNID_setvbuf	Global
007628ac	Label	FNID_mblen	Global
007628b0	Label	FNID___raw_spu_putfld	Global
007628b4	Label	FNID_stat	Global
007628b8	Label	FNID_raw_spu_write_ullong	Global
007628bc	Label	FNID_sys_libc_0x72B84004	Global
007628c0	Label	FNID_wctob	Global
007628c4	Label	FNID__WStoll	Global
007628c8	Label	FNID_strrchr	Global
007628cc	Label	FNID_ispunct	Global
007628d0	Label	FNID_iswgraph	Global
007628d4	Label	FNID_malloc	Global
007628d8	Label	FNID_rename	Global
007628dc	Label	FNID_wcscoll	Global
007628e0	Label	FNID_ftruncate	Global
007628e4	Label	FNID__Wcsftime	Global
007628e8	Label	FNID_wctype	Global
007628ec	Label	FNID_free	Global
007628f0	Label	FNID__WGetfloat	Global
007628f4	Label	FNID__Skip	Global
007628f8	Label	FNID_raw_spu_write_uint	Global
007628fc	Label	FNID_spu_thread_read_char	Global
00762900	Label	FNID_putwchar	Global
00762904	Label	FNID_fputc	Global
00762908	Label	FNID__FDtentox	Global
0076290c	Label	FNID_malloc_usable_size	Global
00762910	Label	FNID_iswblank	Global
00762914	Label	FNID_vsprintf	Global
00762918	Label	FNID__Lockfilelock	Global
0076291c	Label	FNID_spu_thread_write_ptr	Global
00762920	Label	FNID__WPutfld	Global
00762924	Label	FNID_spu_thread_read_ullong	Global
00762928	Label	FNID_isalnum_ascii	Global
0076292c	Label	FNID__Foprep	Global
00762930	Label	FNID__Putfld	Global
00762934	Label	FNID__Readloc	Global
00762938	Label	FNID_rmdir	Global
0076293c	Label	FNID_sys_libc_0x7EA8D860	Global
00762940	Label	FNID__Daysto	Global
00762944	Label	FNID_sys_libc_0x7FD325C4	Global
00762948	Label	FNID_wcscat	Global
0076294c	Label	FNID_isblank_ascii	Global
00762950	Label	FNID_kill	Global
00762954	Label	FNID_ungetwc	Global
00762958	Label	FNID_fflush	Global
0076295c	Label	FNID_sys_libc_0x81A0A858	Global
00762960	Label	FNID_wcschr	Global
00762964	Label	FNID__put_fd	Global
00762968	Label	FNID_memcpy	Global
0076296c	Label	FNID_utime	Global
00762970	Label	FNID_wcsncpy	Global
00762974	Label	FNID_imaxdiv	Global
00762978	Label	FNID__Stoul	Global
0076297c	Label	FNID_tolower_ascii	Global
00762980	Label	FNID_link	Global
00762984	Label	FNID_sys_libc_0x8725A1A7	Global
00762988	Label	FNID_sys_libc_0x87E8F748	Global
0076298c	Label	FNID__Getpwctytab	Global
00762990	Label	FNID__Makeloc	Global
00762994	Label	FNID_raw_spu_write_uchar	Global
00762998	Label	FNID__Dunscale	Global
0076299c	Label	FNID_vwprintf	Global
007629a0	Label	FNID_spu_thread_write_uchar	Global
007629a4	Label	FNID_time	Global
007629a8	Label	FNID_abort	Global
007629ac	Label	FNID_remove	Global
007629b0	Label	FNID_strncpy	Global
007629b4	Label	FNID_clearerr	Global
007629b8	Label	FNID_iswpunct	Global
007629bc	Label	FNID__Locsum	Global
007629c0	Label	FNID__WStopfx	Global
007629c4	Label	FNID__WGetfld	Global
007629c8	Label	FNID__WPuttxt	Global
007629cc	Label	FNID__Nnl	Global
007629d0	Label	FNID_gets	Global
007629d4	Label	FNID__WStoldx	Global
007629d8	Label	FNID_raw_spu_read_long	Global
007629dc	Label	FNID_strtoumax	Global
007629e0	Label	FNID_raw_spu_read_int	Global
007629e4	Label	FNID_setbuf	Global
007629e8	Label	FNID_spu_thread_write_char	Global
007629ec	Label	FNID_tolower	Global
007629f0	Label	FNID_wcsncat	Global
007629f4	Label	FNID_spu_thread_read_mem	Global
007629f8	Label	FNID__WStoxflt	Global
007629fc	Label	FNID_wctomb	Global
00762a00	Label	FNID_isspace	Global
00762a04	Label	FNID__WLdtob	Global
00762a08	Label	FNID__Getfld	Global
00762a0c	Label	FNID__FDnorm	Global
00762a10	Label	FNID_raw_spu_write_ulong	Global
00762a14	Label	FNID_strncasecmp_ascii	Global
00762a18	Label	FNID_vsnprintf	Global
00762a1c	Label	FNID_wmemmove	Global
00762a20	Label	FNID__Getmbcurmax	Global
00762a24	Label	FNID_wprintf	Global
00762a28	Label	FNID_spu_thread_write_uint	Global
00762a2c	Label	FNID_strtold	Global
00762a30	Label	FNID_spu_thread_write_int	Global
00762a34	Label	FNID__Destroytls	Global
00762a38	Label	FNID_strcoll	Global
00762a3c	Label	FNID_truncate64	Global
00762a40	Label	FNID__Clearlocks	Global
00762a44	Label	FNID__absi4	Global
00762a48	Label	FNID__Stoulx	Global
00762a4c	Label	FNID__Gettime	Global
00762a50	Label	FNID__WGetint	Global
00762a54	Label	FNID_wcstoll	Global
00762a58	Label	FNID_closedir	Global
00762a5c	Label	FNID_rand_real1_TT800	Global
00762a60	Label	FNID_sys_libc_0xA45A0313	Global
00762a64	Label	FNID_sys_libc_0xA53800C2	Global
00762a68	Label	FNID_spu_thread_read_ushort	Global
00762a6c	Label	FNID_iswspace	Global
00762a70	Label	FNID_getchar	Global
00762a74	Label	FNID___rename	Global
00762a78	Label	FNID_toupper	Global
00762a7c	Label	FNID__Findloc	Global
00762a80	Label	FNID_calloc	Global
00762a84	Label	FNID_wcsstr	Global
00762a88	Label	FNID__Tlsget	Global
00762a8c	Label	FNID_sys_libc_0xA835BE11	Global
00762a90	Label	FNID_wcstof	Global
00762a94	Label	FNID_TlsSetValue	Global
00762a98	Label	FNID_wmemcpy	Global
00762a9c	Label	FNID_qsort	Global
00762aa0	Label	FNID_isgraph	Global
00762aa4	Label	FNID__malloc_init	Global
00762aa8	Label	FNID_strcat	Global
00762aac	Label	FNID__CWcsxfrm	Global
00762ab0	Label	FNID_fstat	Global
00762ab4	Label	FNID_wcstoul	Global
00762ab8	Label	FNID_wmemcmp	Global
00762abc	Label	FNID_fgetc	Global
00762ac0	Label	FNID__Dtentox	Global
00762ac4	Label	FNID_ldiv	Global
00762ac8	Label	FNID__Initlocks	Global
00762acc	Label	FNID_lseek	Global
00762ad0	Label	FNID_fgets	Global
00762ad4	Label	FNID__Nonfatal_Assert	Global
00762ad8	Label	FNID__Assert	Global
00762adc	Label	FNID__WPutstr	Global
00762ae0	Label	FNID_close	Global
00762ae4	Label	FNID_isalpha	Global
00762ae8	Label	FNID_freopen	Global
00762aec	Label	FNID__CStrftime	Global
00762af0	Label	FNID_spu_thread_printf	Global
00762af4	Label	FNID__Locterm	Global
00762af8	Label	FNID_wcrtomb	Global
00762afc	Label	FNID__Freeloc	Global
00762b00	Label	FNID_lldiv	Global
00762b04	Label	FNID__Getstr	Global
00762b08	Label	FNID_imaxabs	Global
00762b0c	Label	FNID__rand_real1_TT800	Global
00762b10	Label	FNID_isupper_ascii	Global
00762b14	Label	FNID_mbsinit	Global
00762b18	Label	FNID_wcstoull	Global
00762b1c	Label	FNID__Stofx	Global
00762b20	Label	FNID__close_all_FILE	Global
00762b24	Label	FNID_isalnum	Global
00762b28	Label	FNID_reallocalign	Global
00762b2c	Label	FNID_iswxdigit	Global
00762b30	Label	FNID__LDtentox	Global
00762b34	Label	FNID__Putstr	Global
00762b38	Label	FNID_strncasecmp	Global
00762b3c	Label	FNID_wcstombs	Global
00762b40	Label	FNID__WFrprep	Global
00762b44	Label	FNID_strcasecmp	Global
00762b48	Label	FNID_strtok_r	Global
00762b4c	Label	FNID__WStofx	Global
00762b50	Label	FNID_wcsrchr	Global
00762b54	Label	FNID_get_state_TT800	Global
00762b58	Label	FNID__WStoul	Global
00762b5c	Label	FNID_iscntrl_ascii	Global
00762b60	Label	FNID_mbrlen	Global
00762b64	Label	FNID_raw_spu_read_ulong	Global
00762b68	Label	FNID_sys_libc_0xBA62681F	Global
00762b6c	Label	FNID__Setloc	Global
00762b70	Label	FNID_atoll	Global
00762b74	Label	FNID__Getlname	Global
00762b78	Label	FNID_fgetwc	Global
00762b7c	Label	FNID_ctime	Global
00762b80	Label	FNID__wremove	Global
00762b84	Label	FNID_islower_ascii	Global
00762b88	Label	FNID_spu_thread_read_uchar	Global
00762b8c	Label	FNID_raw_spu_read_ptr	Global
00762b90	Label	FNID_lseek64	Global
00762b94	Label	FNID__Getdst	Global
00762b98	Label	FNID_printf	Global
00762b9c	Label	FNID_wcstod	Global
00762ba0	Label	FNID__Makestab	Global
00762ba4	Label	FNID__WStoull	Global
00762ba8	Label	FNID_spu_raw_sprintf	Global
00762bac	Label	FNID_raw_spu_write_char	Global
00762bb0	Label	FNID__Getptoupper	Global
00762bb4	Label	FNID_exit	Global
00762bb8	Label	FNID_sys_libc_0xC3C598E2	Global
00762bbc	Label	FNID_memcmp	Global
00762bc0	Label	FNID__rand_real3_TT800	Global
00762bc4	Label	FNID__Scanf	Global
00762bc8	Label	FNID__Fofind	Global
00762bcc	Label	FNID_strstr	Global
00762bd0	Label	FNID__Exit	Global
00762bd4	Label	FNID_labs	Global
00762bd8	Label	FNID_rand_real3_TT800	Global
00762bdc	Label	FNID_spu_thread_write_ullong	Global
00762be0	Label	FNID__Mtxinit	Global
00762be4	Label	FNID__WStof	Global
00762be8	Label	FNID_fputwc	Global
00762bec	Label	FNID__Stopfx	Global
00762bf0	Label	FNID_vsscanf	Global
00762bf4	Label	FNID__Once_ctor	Global
00762bf8	Label	FNID_mspace_malloc	Global
00762bfc	Label	FNID_strftime	Global
00762c00	Label	FNID_memchr	Global
00762c04	Label	FNID_raw_spu_write_int	Global
00762c08	Label	FNID__divi4	Global
00762c0c	Label	FNID_putwc	Global
00762c10	Label	FNID_isprint_ascii	Global
00762c14	Label	FNID__Fwprep	Global
00762c18	Label	FNID_sys_libc_0xCFBFB7A7	Global
00762c1c	Label	FNID_strtol	Global
00762c20	Label	FNID__Stod	Global
00762c24	Label	FNID_isprint	Global
00762c28	Label	FNID_iswalnum	Global
00762c2c	Label	FNID_fileno	Global
00762c30	Label	FNID___spu_thread_putfld	Global
00762c34	Label	FNID_fread	Global
00762c38	Label	FNID__Stoull	Global
00762c3c	Label	FNID__FDscale	Global
00762c40	Label	FNID_spu_thread_write_ushort	Global
00762c44	Label	FNID__Wcscollx	Global
00762c48	Label	FNID_isupper	Global
00762c4c	Label	FNID_strtod	Global
00762c50	Label	FNID___spu_thread_puttxt	Global
00762c54	Label	FNID_sys_libc_0xD9674905	Global
00762c58	Label	FNID_atoff	Global
00762c5c	Label	FNID_strtoul	Global
00762c60	Label	FNID_strcasecmp_ascii	Global
00762c64	Label	FNID__SCE_Assert	Global
00762c68	Label	FNID_init_by_array_TT800	Global
00762c6c	Label	FNID_sys_libc_0xDE32A334	Global
00762c70	Label	FNID_sys_libc_0xDE7AFF7A	Global
00762c74	Label	FNID_strchr	Global
00762c78	Label	FNID_isxdigit_ascii	Global
00762c7c	Label	FNID__Stoxflt	Global
00762c80	Label	FNID__Fspos	Global
00762c84	Label	FNID__Getpwctrtab	Global
00762c88	Label	FNID_fclose	Global
00762c8c	Label	FNID_strncmp	Global
00762c90	Label	FNID__WStoflt	Global
00762c94	Label	FNID_fdopen	Global
00762c98	Label	FNID_puts	Global
00762c9c	Label	FNID_raw_spu_read_double	Global
00762ca0	Label	FNID_strtok	Global
00762ca4	Label	FNID_atof	Global
00762ca8	Label	FNID__Atexit	Global
00762cac	Label	FNID_vprintf	Global
00762cb0	Label	FNID_wcstoimax	Global
00762cb4	Label	FNID__Isdst	Global
00762cb8	Label	FNID_llabs	Global
00762cbc	Label	FNID_fputws	Global
00762cc0	Label	FNID_ungetc	Global
00762cc4	Label	FNID__Getfloat	Global
00762cc8	Label	FNID_isalpha_ascii	Global
00762ccc	Label	FNID_fwprintf	Global
00762cd0	Label	FNID_raw_spu_write_long	Global
00762cd4	Label	FNID_sscanf	Global
00762cd8	Label	FNID_gmtime	Global
00762cdc	Label	FNID_rand_real2_TT800	Global
00762ce0	Label	FNID_vwscanf	Global
00762ce4	Label	FNID_spu_thread_read_llong	Global
00762ce8	Label	FNID__WStodx	Global
00762cec	Label	FNID_fsetpos	Global
00762cf0	Label	FNID_init_TT800	Global
00762cf4	Label	FNID__Ttotm	Global
00762cf8	Label	FNID__get_state_TT800	Global
00762cfc	Label	FNID__wrename	Global
00762d00	Label	FNID_unlink	Global
00762d04	Label	FNID_wmemset	Global
00762d08	Label	FNID_wcscmp	Global
00762d0c	Label	FNID_getc	Global
00762d10	Label	FNID__Litob	Global
00762d14	Label	FNID_spu_thread_write_llong	Global
00762d18	Label	FNID_open	Global
00762d1c	Label	FNID_wcscspn	Global
00762d20	Label	FNID_wcscpy	Global
00762d24	Label	FNID__WFwprep	Global
00762d28	Label	FNID_spu_thread_write_ulong	Global
00762d2c	Label	FNID__Getpcostate	Global
00762d30	Label	FNID__Getpwcostate	Global
00762d34	Label	FNID_towupper	Global
00762d38	Label	FNID_vscanf	Global
00762d3c	Label	FNID_strcspn	Global
00762d40	Label	FNID_realloc	Global
00762d44	Label	FNID_scanf	Global
00762d48	Label	FNID__Setgloballocale	Global
00762d4c	Label	FNID_fwrite	Global
00762d50	Label	FNID_spu_thread_write_float	Global
00762d54	Label	FNID_strpbrk	Global
00762d58	Label	FNID_setjmp	Global
00762d5c	Label	FNID__Mtxlock	Global
00762d60	Label	FNID__Once_dtor	Global
00762d64	Label	FNID_read	Global
00762d68	Label	FNID__Strcollx	Global
00762d6c	Label	FNID_fprintf	Global
00762d70	Label	FNID__Makewct	Global
00762d74	Label	FNID_vfprintf	Global
00762d78	Label	FNID_iswlower	Global
00762d7c	Label	FNID_strdup	Global
00762d80	Label	FNID___spu_thread_printf	Global
00762d84	Label	FNID_mbsrtowcs	Global
00762d88	Label	FNID_mbstowcs	Global
00762d8c	Label	FNID_spu_thread_read_short	Global
00762d90	Label	FNID_spu_thread_write_ldouble	Global
00762d94	Label	FNID_raw_spu_read_llong	Global
00762d98	Label	FNID__Stoflt	Global
00762d9c	Label	FNID_mspace_free	Global
00762da0	Label	FNID_isblank	Global
00762da4	Label	FNID_fscanf	Global
00762da8	Label	FNID_strtoimax	Global
00762dac	Label	FNID_asctime	Global
00762db0	Label	FNID___raw_spu_puttxt	Global
00762db4	Label	FNID_sys_libc_0x071928B0	Global
00762db8	Label	FNID_sys_libc_0x0A331920	Global
00762dbc	Label	FNID__malloc_limit	Global
00762dc0	Label	FNID_sys_libc_0x0FBC732D	Global
00762dc4	Label	FNID_sys_libc_0x17667744	Global
00762dc8	Label	FNID_sys_libc_0x210B2F6E	Global
00762dcc	Label	FNID_sys_libc_0x2418F6C0	Global
00762dd0	Label	FNID_sys_libc_0x2470D3BC	Global
00762dd4	Label	FNID_sys_libc_0x26A34F81	Global
00762dd8	Label	FNID_sys_libc_0x277A84BB	Global
00762ddc	Label	FNID_sys_libc_0x29E76A6D	Global
00762de0	Label	FNID__Wctrans	Global
00762de4	Label	FNID__Stdin	Global
00762de8	Label	FNID_sys_libc_0x3916A06A	Global
00762dec	Label	FNID_sys_libc_0x45EC2DF6	Global
00762df0	Label	FNID_sys_libc_0x529D4301	Global
00762df4	Label	FNID__Inf	Global
00762df8	Label	FNID_sys_libc_0x5FF11EB4	Global
00762dfc	Label	FNID_sys_libc_0x620967C9	Global
00762e00	Label	FNID__FInf	Global
00762e04	Label	FNID___ctype_ptr	Global
00762e08	Label	FNID_sys_libc_0x6A09DF41	Global
00762e0c	Label	FNID_sys_libc_0x73898DB8	Global
00762e10	Label	FNID_sys_libc_0x76628EFB	Global
00762e14	Label	FNID_sys_libc_0x790B0082	Global
00762e18	Label	FNID_sys_libc_0x7AFF3242	Global
00762e1c	Label	FNID__Tolotab	Global
00762e20	Label	FNID_sys_libc_0x7F456AF2	Global
00762e24	Label	FNID_sys_libc_0x81ACF7C1	Global
00762e28	Label	FNID__Times	Global
00762e2c	Label	FNID_sys_libc_0x92C43F6D	Global
00762e30	Label	FNID_sys_libc_0x96E1E748	Global
00762e34	Label	FNID_sys_libc_0x985FC057	Global
00762e38	Label	FNID_sys_libc_0x9C8454C9	Global
00762e3c	Label	FNID__Wctype	Global
00762e40	Label	FNID_sys_libc_0xB5B84F80	Global
00762e44	Label	FNID__Touptab	Global
00762e48	Label	FNID_sys_libc_0xB6F5F98C	Global
00762e4c	Label	FNID__Nan	Global
00762e50	Label	FNID_sys_libc_0xD698385D	Global
00762e54	Label	FNID__Ctype	Global
00762e58	Label	FNID_sys_libc_0xE0BC8D86	Global
00762e5c	Label	FNID_sys_libc_0xEACE53D6	Global
00762e60	Label	FNID_sys_libc_0xECA056DF	Global
00762e64	Label	FNID_sys_libc_0xEF25075B	Global
00762e68	Label	FNID__Stdout	Global
00762e6c	Label	FNID__Stderr	Global
00762e70	Label	FNID_sys_libc_0xFF2F0CC7	Global
00763094	Label	sys_libc_address_table	Global
007639e4	Label	sys_libm_nid_table	Global
007639e4	Label	FNID__Feraise	Global
007639e8	Label	FNID_fminl	Global
007639ec	Label	FNID__FDclass	Global
007639f0	Label	FNID_f_powf	Global
007639f4	Label	FNID_asinf4	Global
007639f8	Label	FNID__fminf4	Global
007639fc	Label	FNID__sinf4	Global
00763a00	Label	FNID_llround	Global
00763a04	Label	FNID__FCbuild	Global
00763a08	Label	FNID__f_fmodf	Global
00763a0c	Label	FNID_csin	Global
00763a10	Label	FNID__f_expf	Global
00763a14	Label	FNID_divf4	Global
00763a18	Label	FNID__recipf4	Global
00763a1c	Label	FNID__fdimf4	Global
00763a20	Label	FNID_f_fdimf	Global
00763a24	Label	FNID_log10f4fast	Global
00763a28	Label	FNID_asin	Global
00763a2c	Label	FNID__FExp	Global
00763a30	Label	FNID_csinh	Global
00763a34	Label	FNID_log2f4	Global
00763a38	Label	FNID__LCbuild	Global
00763a3c	Label	FNID_conjl	Global
00763a40	Label	FNID__fmaxf4	Global
00763a44	Label	FNID_asinhl	Global
00763a48	Label	FNID_sinf4	Global
00763a4c	Label	FNID_catanhf	Global
00763a50	Label	FNID__cosf4	Global
00763a54	Label	FNID_fesetenv	Global
00763a58	Label	FNID_hypotf4	Global
00763a5c	Label	FNID_sinf	Global
00763a60	Label	FNID__Erfc	Global
00763a64	Label	FNID__LCaddcr	Global
00763a68	Label	FNID__asinf4	Global
00763a6c	Label	FNID_expm1l	Global
00763a70	Label	FNID_llrintl	Global
00763a74	Label	FNID_rint	Global
00763a78	Label	FNID__LCsubcc	Global
00763a7c	Label	FNID_f_fmodf	Global
00763a80	Label	FNID_tgamma	Global
00763a84	Label	FNID_casinf	Global
00763a88	Label	FNID__powf4	Global
00763a8c	Label	FNID_cimagl	Global
00763a90	Label	FNID_acos	Global
00763a94	Label	FNID_expf4	Global
00763a98	Label	FNID__asinf4fast	Global
00763a9c	Label	FNID__Cmulcr	Global
00763aa0	Label	FNID_log10f	Global
00763aa4	Label	FNID_log2	Global
00763aa8	Label	FNID_atanf4fast	Global
00763aac	Label	FNID__recipf4fast	Global
00763ab0	Label	FNID_tgammal	Global
00763ab4	Label	FNID_exp	Global
00763ab8	Label	FNID_remainderl	Global
00763abc	Label	FNID_rintl	Global
00763ac0	Label	FNID_clog10	Global
00763ac4	Label	FNID_rsqrtf4fast	Global
00763ac8	Label	FNID_acosf4	Global
00763acc	Label	FNID_expm1f4	Global
00763ad0	Label	FNID__LSinh	Global
00763ad4	Label	FNID__LCdivcc	Global
00763ad8	Label	FNID__floorf4	Global
00763adc	Label	FNID__LLog	Global
00763ae0	Label	FNID__modff4	Global
00763ae4	Label	FNID_truncf4	Global
00763ae8	Label	FNID_f_atanf	Global
00763aec	Label	FNID__sinf4fast	Global
00763af0	Label	FNID_csqrt	Global
00763af4	Label	FNID_cexpl	Global
00763af8	Label	FNID_log1pf	Global
00763afc	Label	FNID_ceil	Global
00763b00	Label	FNID__exp2f4	Global
00763b04	Label	FNID_fegetenv	Global
00763b08	Label	FNID_floorf	Global
00763b0c	Label	FNID__FCmulcr	Global
00763b10	Label	FNID_cosf	Global
00763b14	Label	FNID_f_sqrtf	Global
00763b18	Label	FNID_erfc	Global
00763b1c	Label	FNID__Caddcr	Global
00763b20	Label	FNID_cosl	Global
00763b24	Label	FNID_asinh	Global
00763b28	Label	FNID_ilogbf4	Global
00763b2c	Label	FNID__negatef4	Global
00763b30	Label	FNID_truncf	Global
00763b34	Label	FNID_cacosl	Global
00763b38	Label	FNID_llrintf	Global
00763b3c	Label	FNID_fmax	Global
00763b40	Label	FNID_sqrtl	Global
00763b44	Label	FNID_logb	Global
00763b48	Label	FNID_fmaxl	Global
00763b4c	Label	FNID_csinl	Global
00763b50	Label	FNID_f_hypotf	Global
00763b54	Label	FNID_nanl	Global
00763b58	Label	FNID__f_floorf	Global
00763b5c	Label	FNID__FCosh	Global
00763b60	Label	FNID_exp2f4fast	Global
00763b64	Label	FNID_logf4	Global
00763b68	Label	FNID__Csubcc	Global
00763b6c	Label	FNID_scalblnf	Global
00763b70	Label	FNID_atan2	Global
00763b74	Label	FNID_nexttowardl	Global
00763b78	Label	FNID_fesetexceptflag	Global
00763b7c	Label	FNID_rsqrtf4	Global
00763b80	Label	FNID_cosf4fast	Global
00763b84	Label	FNID__LDsign	Global
00763b88	Label	FNID__FCdivcr	Global
00763b8c	Label	FNID_csinhf	Global
00763b90	Label	FNID_log10f4	Global
00763b94	Label	FNID_atanf4	Global
00763b98	Label	FNID_powl	Global
00763b9c	Label	FNID__f_lrintf	Global
00763ba0	Label	FNID_clog	Global
00763ba4	Label	FNID_lrintl	Global
00763ba8	Label	FNID_creal	Global
00763bac	Label	FNID_coshf	Global
00763bb0	Label	FNID_cpow	Global
00763bb4	Label	FNID_log1pl	Global
00763bb8	Label	FNID_sinhl	Global
00763bbc	Label	FNID_lroundl	Global
00763bc0	Label	FNID_ccosl	Global
00763bc4	Label	FNID_pow	Global
00763bc8	Label	FNID__expm1f4fast	Global
00763bcc	Label	FNID_f_fmaxf	Global
00763bd0	Label	FNID_lrint	Global
00763bd4	Label	FNID_f_frexpf	Global
00763bd8	Label	FNID_ldexpf4	Global
00763bdc	Label	FNID_atanf	Global
00763be0	Label	FNID__LDtest	Global
00763be4	Label	FNID__f_fdimf	Global
00763be8	Label	FNID_atan2l	Global
00763bec	Label	FNID_ctanhl	Global
00763bf0	Label	FNID__ceilf4	Global
00763bf4	Label	FNID_fabsf	Global
00763bf8	Label	FNID_scalbnl	Global
00763bfc	Label	FNID_frexpf4	Global
00763c00	Label	FNID_scalbnf	Global
00763c04	Label	FNID__cbrtf4	Global
00763c08	Label	FNID__Dclass	Global
00763c0c	Label	FNID_f_fminf	Global
00763c10	Label	FNID__Poly	Global
00763c14	Label	FNID_cbrt	Global
00763c18	Label	FNID__log1pf4fast	Global
00763c1c	Label	FNID__fabsf4	Global
00763c20	Label	FNID__LExp	Global
00763c24	Label	FNID_asinf	Global
00763c28	Label	FNID__f_hypotf	Global
00763c2c	Label	FNID_scalbln	Global
00763c30	Label	FNID_feholdexcept	Global
00763c34	Label	FNID__FTgamma	Global
00763c38	Label	FNID_remquo	Global
00763c3c	Label	FNID__f_rintf	Global
00763c40	Label	FNID_ldexpf	Global
00763c44	Label	FNID_cacosf	Global
00763c48	Label	FNID_cabsl	Global
00763c4c	Label	FNID_remainder	Global
00763c50	Label	FNID_tanhl	Global
00763c54	Label	FNID_nan	Global
00763c58	Label	FNID_floorf4	Global
00763c5c	Label	FNID_cbrtf	Global
00763c60	Label	FNID_csqrtl	Global
00763c64	Label	FNID_fdimf	Global
00763c68	Label	FNID_expm1f4fast	Global
00763c6c	Label	FNID_trunc	Global
00763c70	Label	FNID_fmaf	Global
00763c74	Label	FNID__f_llrintf	Global
00763c78	Label	FNID_fma	Global
00763c7c	Label	FNID__exp2f4fast	Global
00763c80	Label	FNID_tanf4	Global
00763c84	Label	FNID_cexp	Global
00763c88	Label	FNID__FDint	Global
00763c8c	Label	FNID_logbl	Global
00763c90	Label	FNID_f_exp2f	Global
00763c94	Label	FNID_powf4	Global
00763c98	Label	FNID__Caddcc	Global
00763c9c	Label	FNID_feclearexcept	Global
00763ca0	Label	FNID_exp2	Global
00763ca4	Label	FNID_f_rintf	Global
00763ca8	Label	FNID_f_asinf	Global
00763cac	Label	FNID_nexttoward	Global
00763cb0	Label	FNID_remainderf4	Global
00763cb4	Label	FNID_powf	Global
00763cb8	Label	FNID_copysign	Global
00763cbc	Label	FNID_sin	Global
00763cc0	Label	FNID_nexttowardf	Global
00763cc4	Label	FNID_cargf	Global
00763cc8	Label	FNID_floor	Global
00763ccc	Label	FNID_sinf4fast	Global
00763cd0	Label	FNID_rintf	Global
00763cd4	Label	FNID_acosl	Global
00763cd8	Label	FNID_truncl	Global
00763cdc	Label	FNID_log1p	Global
00763ce0	Label	FNID_asinl	Global
00763ce4	Label	FNID_fabs	Global
00763ce8	Label	FNID_atanh	Global
00763cec	Label	FNID_clogl	Global
00763cf0	Label	FNID_casinhl	Global
00763cf4	Label	FNID__FCaddcc	Global
00763cf8	Label	FNID_exp2f4	Global
00763cfc	Label	FNID_catanh	Global
00763d00	Label	FNID__LErfc	Global
00763d04	Label	FNID__expm1f4	Global
00763d08	Label	FNID_catanl	Global
00763d0c	Label	FNID__log10f4	Global
00763d10	Label	FNID__FCmulcc	Global
00763d14	Label	FNID__frexpf4	Global
00763d18	Label	FNID_f_copysignf	Global
00763d1c	Label	FNID_copysignl	Global
00763d20	Label	FNID_csinhl	Global
00763d24	Label	FNID_divf4fast	Global
00763d28	Label	FNID_ilogbf	Global
00763d2c	Label	FNID_sqrt	Global
00763d30	Label	FNID_frexpf	Global
00763d34	Label	FNID_negatef4	Global
00763d38	Label	FNID_f_log2f	Global
00763d3c	Label	FNID_sinh	Global
00763d40	Label	FNID_casinhf	Global
00763d44	Label	FNID_nextafterl	Global
00763d48	Label	FNID_logbf4	Global
00763d4c	Label	FNID_lgamma	Global
00763d50	Label	FNID__sincosf4	Global
00763d54	Label	FNID__acosf4fast	Global
00763d58	Label	FNID__LDclass	Global
00763d5c	Label	FNID_f_log10f	Global
00763d60	Label	FNID_acoshf	Global
00763d64	Label	FNID_casinh	Global
00763d68	Label	FNID_hypot	Global
00763d6c	Label	FNID_floorl	Global
00763d70	Label	FNID_sincosf4fast	Global
00763d74	Label	FNID__FCsubcr	Global
00763d78	Label	FNID_cexpf	Global
00763d7c	Label	FNID_f_llroundf	Global
00763d80	Label	FNID__FPoly	Global
00763d84	Label	FNID__atanf4fast	Global
00763d88	Label	FNID_carg	Global
00763d8c	Label	FNID_f_acosf	Global
00763d90	Label	FNID__FCdivcc	Global
00763d94	Label	FNID__FLog	Global
00763d98	Label	FNID_log	Global
00763d9c	Label	FNID__divf4fast	Global
00763da0	Label	FNID_f_ldexpf	Global
00763da4	Label	FNID_cproj	Global
00763da8	Label	FNID_fesettrapenable	Global
00763dac	Label	FNID__logbf4	Global
00763db0	Label	FNID__f_cosf	Global
00763db4	Label	FNID__Sin	Global
00763db8	Label	FNID_expf4fast	Global
00763dbc	Label	FNID_lgammal	Global
00763dc0	Label	FNID_fmaxf4	Global
00763dc4	Label	FNID_nearbyint	Global
00763dc8	Label	FNID_nearbyintl	Global
00763dcc	Label	FNID__sqrtf4	Global
00763dd0	Label	FNID__atanf4	Global
00763dd4	Label	FNID_lround	Global
00763dd8	Label	FNID_ctanf	Global
00763ddc	Label	FNID_hypotl	Global
00763de0	Label	FNID_acosh	Global
00763de4	Label	FNID__Fpcomp	Global
00763de8	Label	FNID__f_nearbyintf	Global
00763dec	Label	FNID_expl	Global
00763df0	Label	FNID__rsqrtf4	Global
00763df4	Label	FNID_f_cosf	Global
00763df8	Label	FNID_fminf	Global
00763dfc	Label	FNID_sqrtf4fast	Global
00763e00	Label	FNID__Cosh	Global
00763e04	Label	FNID_frexp	Global
00763e08	Label	FNID_atan	Global
00763e0c	Label	FNID_tanf4fast	Global
00763e10	Label	FNID_cabsf	Global
00763e14	Label	FNID__LCsubcr	Global
00763e18	Label	FNID_cosh	Global
00763e1c	Label	FNID_cimag	Global
00763e20	Label	FNID_ccosh	Global
00763e24	Label	FNID__log1pf4	Global
00763e28	Label	FNID_sqrtf	Global
00763e2c	Label	FNID_llroundl	Global
00763e30	Label	FNID_recipf4fast	Global
00763e34	Label	FNID_fegetround	Global
00763e38	Label	FNID_fmaxf	Global
00763e3c	Label	FNID_catanhl	Global
00763e40	Label	FNID__LAtan	Global
00763e44	Label	FNID_fdiml	Global
00763e48	Label	FNID__LTgamma	Global
00763e4c	Label	FNID_erf	Global
00763e50	Label	FNID__f_fminf	Global
00763e54	Label	FNID__f_exp2f	Global
00763e58	Label	FNID_cacoshf	Global
00763e5c	Label	FNID_cacos	Global
00763e60	Label	FNID_nextafter	Global
00763e64	Label	FNID__logf4	Global
00763e68	Label	FNID_log10l	Global
00763e6c	Label	FNID__sqrtf4fast	Global
00763e70	Label	FNID_cargl	Global
00763e74	Label	FNID__f_sinf	Global
00763e78	Label	FNID_modfl	Global
00763e7c	Label	FNID_asinf4fast	Global
00763e80	Label	FNID__FDtest	Global
00763e84	Label	FNID__divf4	Global
00763e88	Label	FNID_tanf	Global
00763e8c	Label	FNID__tanf4fast	Global
00763e90	Label	FNID__LHypot	Global
00763e94	Label	FNID_lrintf	Global
00763e98	Label	FNID__FCsubcc	Global
00763e9c	Label	FNID_f_nearbyintf	Global
00763ea0	Label	FNID__FHypot	Global
00763ea4	Label	FNID_creall	Global
00763ea8	Label	FNID_log2f4fast	Global
00763eac	Label	FNID_clogf	Global
00763eb0	Label	FNID_cacosh	Global
00763eb4	Label	FNID_catanf	Global
00763eb8	Label	FNID_roundl	Global
00763ebc	Label	FNID_fmodf	Global
00763ec0	Label	FNID_casin	Global
00763ec4	Label	FNID__f_ceilf	Global
00763ec8	Label	FNID_logl	Global
00763ecc	Label	FNID_ccos	Global
00763ed0	Label	FNID_lgammaf	Global
00763ed4	Label	FNID_exp2l	Global
00763ed8	Label	FNID_tgammaf	Global
00763edc	Label	FNID_fdimf4	Global
00763ee0	Label	FNID_cos	Global
00763ee4	Label	FNID__acosf4	Global
00763ee8	Label	FNID__copysignf4	Global
00763eec	Label	FNID_ctanl	Global
00763ef0	Label	FNID__LSin	Global
00763ef4	Label	FNID_fmin	Global
00763ef8	Label	FNID_atanhl	Global
00763efc	Label	FNID_llroundf	Global
00763f00	Label	FNID_catan	Global
00763f04	Label	FNID_acoshl	Global
00763f08	Label	FNID_modf	Global
00763f0c	Label	FNID_log1pf4	Global
00763f10	Label	FNID_ilogb	Global
00763f14	Label	FNID__FDsign	Global
00763f18	Label	FNID__Cbuild	Global
00763f1c	Label	FNID_cabs	Global
00763f20	Label	FNID_erfcf	Global
00763f24	Label	FNID__LCdivcr	Global
00763f28	Label	FNID_sys_libm_0xAB377381	Global
00763f2c	Label	FNID_f_atan2f	Global
00763f30	Label	FNID_copysignf	Global
00763f34	Label	FNID__Dint	Global
00763f38	Label	FNID__LCosh	Global
00763f3c	Label	FNID__FLgamma	Global
00763f40	Label	FNID_erfcl	Global
00763f44	Label	FNID_f_llrintf	Global
00763f48	Label	FNID__Lgamma	Global
00763f4c	Label	FNID_cimagf	Global
00763f50	Label	FNID_clog10l	Global
00763f54	Label	FNID_logbf	Global
00763f58	Label	FNID__LLgamma	Global
00763f5c	Label	FNID__LDint	Global
00763f60	Label	FNID_f_floorf	Global
00763f64	Label	FNID__Tgamma	Global
00763f68	Label	FNID_f_sinf	Global
00763f6c	Label	FNID__sincosf4fast	Global
00763f70	Label	FNID_fmodl	Global
00763f74	Label	FNID__FSin	Global
00763f78	Label	FNID_nextafterf	Global
00763f7c	Label	FNID_modff	Global
00763f80	Label	FNID__rsqrtf4fast	Global
00763f84	Label	FNID__expf4	Global
00763f88	Label	FNID__Dtest	Global
00763f8c	Label	FNID_remquol	Global
00763f90	Label	FNID_csinf	Global
00763f94	Label	FNID_coshl	Global
00763f98	Label	FNID_ceilf	Global
00763f9c	Label	FNID_expm1f	Global
00763fa0	Label	FNID_cbrtf4fast	Global
00763fa4	Label	FNID_remquof	Global
00763fa8	Label	FNID_f_log1pf	Global
00763fac	Label	FNID_fegetexceptflag	Global
00763fb0	Label	FNID_recipf4	Global
00763fb4	Label	FNID_asinhf	Global
00763fb8	Label	FNID_cprojl	Global
00763fbc	Label	FNID__f_log10f	Global
00763fc0	Label	FNID_nearbyintf	Global
00763fc4	Label	FNID__logf4fast	Global
00763fc8	Label	FNID_frexpl	Global
00763fcc	Label	FNID_cbrtf4	Global
00763fd0	Label	FNID_fminf4	Global
00763fd4	Label	FNID_f_lroundf	Global
00763fd8	Label	FNID_modff4	Global
00763fdc	Label	FNID__Atan	Global
00763fe0	Label	FNID_scalbn	Global
00763fe4	Label	FNID__LFpcomp	Global
00763fe8	Label	FNID_fmal	Global
00763fec	Label	FNID_f_lrintf	Global
00763ff0	Label	FNID_ilogbl	Global
00763ff4	Label	FNID_expm1	Global
00763ff8	Label	FNID__atan2f4	Global
00763ffc	Label	FNID__tanf4	Global
00764000	Label	FNID_cbrtl	Global
00764004	Label	FNID_fetestexcept	Global
00764008	Label	FNID_roundf	Global
0076400c	Label	FNID__ldexpf4	Global
00764010	Label	FNID_fmodf4	Global
00764014	Label	FNID__Log	Global
00764018	Label	FNID_cprojf	Global
0076401c	Label	FNID__Cmulcc	Global
00764020	Label	FNID_exp2f	Global
00764024	Label	FNID__cosf4fast	Global
00764028	Label	FNID__log10f4fast	Global
0076402c	Label	FNID__FSinh	Global
00764030	Label	FNID_nanf	Global
00764034	Label	FNID__remainderf4	Global
00764038	Label	FNID__hypotf4	Global
0076403c	Label	FNID_conjf	Global
00764040	Label	FNID_clog10f	Global
00764044	Label	FNID_ldexpl	Global
00764048	Label	FNID__Hypot	Global
0076404c	Label	FNID_ctanh	Global
00764050	Label	FNID_tanl	Global
00764054	Label	FNID_erff	Global
00764058	Label	FNID_fabsl	Global
0076405c	Label	FNID_logf	Global
00764060	Label	FNID_scalblnl	Global
00764064	Label	FNID_tanhf	Global
00764068	Label	FNID_tan	Global
0076406c	Label	FNID_fegettrapenable	Global
00764070	Label	FNID_cpowl	Global
00764074	Label	FNID__LCaddcc	Global
00764078	Label	FNID__Sinh	Global
0076407c	Label	FNID__FCaddcr	Global
00764080	Label	FNID_sinhf	Global
00764084	Label	FNID__fmaf4	Global
00764088	Label	FNID_fdim	Global
0076408c	Label	FNID_atan2f4	Global
00764090	Label	FNID_f_expf	Global
00764094	Label	FNID_log10	Global
00764098	Label	FNID_sinl	Global
0076409c	Label	FNID_fesetround	Global
007640a0	Label	FNID_atanl	Global
007640a4	Label	FNID__FFpcomp	Global
007640a8	Label	FNID_fmaf4	Global
007640ac	Label	FNID__f_log2f	Global
007640b0	Label	FNID_atan2f4fast	Global
007640b4	Label	FNID_ceill	Global
007640b8	Label	FNID_remainderf	Global
007640bc	Label	FNID__log2f4fast	Global
007640c0	Label	FNID_acosf	Global
007640c4	Label	FNID__Exp	Global
007640c8	Label	FNID_casinl	Global
007640cc	Label	FNID_atanhf	Global
007640d0	Label	FNID_ccoshl	Global
007640d4	Label	FNID_ccosf	Global
007640d8	Label	FNID_csqrtf	Global
007640dc	Label	FNID_tanh	Global
007640e0	Label	FNID__ilogbf4	Global
007640e4	Label	FNID__expf4fast	Global
007640e8	Label	FNID__LPoly	Global
007640ec	Label	FNID_erfl	Global
007640f0	Label	FNID__powf4fast	Global
007640f4	Label	FNID__Force_raise	Global
007640f8	Label	FNID_feraiseexcept	Global
007640fc	Label	FNID_llrint	Global
00764100	Label	FNID_fmod	Global
00764104	Label	FNID_acosf4fast	Global
00764108	Label	FNID_logf4fast	Global
0076410c	Label	FNID__f_fmaf	Global
00764110	Label	FNID_ctan	Global
00764114	Label	FNID__LCmulcr	Global
00764118	Label	FNID_crealf	Global
0076411c	Label	FNID_f_logf	Global
00764120	Label	FNID__Cdivcc	Global
00764124	Label	FNID_ceilf4	Global
00764128	Label	FNID_hypotf	Global
0076412c	Label	FNID__f_sqrtf	Global
00764130	Label	FNID__atan2f4fast	Global
00764134	Label	FNID_sqrtf4	Global
00764138	Label	FNID_f_tanf	Global
0076413c	Label	FNID_copysignf4	Global
00764140	Label	FNID__Csubcr	Global
00764144	Label	FNID_f_ceilf	Global
00764148	Label	FNID__Dsign	Global
0076414c	Label	FNID__f_logf	Global
00764150	Label	FNID_ctanhf	Global
00764154	Label	FNID_ccoshf	Global
00764158	Label	FNID__FAtan	Global
0076415c	Label	FNID_sincosf4	Global
00764160	Label	FNID_conj	Global
00764164	Label	FNID__cbrtf4fast	Global
00764168	Label	FNID_round	Global
0076416c	Label	FNID_ldexp	Global
00764170	Label	FNID__truncf4	Global
00764174	Label	FNID_cosf4	Global
00764178	Label	FNID__f_fmaxf	Global
0076417c	Label	FNID_f_fmaf	Global
00764180	Label	FNID_powf4fast	Global
00764184	Label	FNID_fabsf4	Global
00764188	Label	FNID_log2l	Global
0076418c	Label	FNID__Cdivcr	Global
00764190	Label	FNID_feupdateenv	Global
00764194	Label	FNID__f_copysignf	Global
00764198	Label	FNID_log1pf4fast	Global
0076419c	Label	FNID_atan2f	Global
007641a0	Label	FNID_lroundf	Global
007641a4	Label	FNID__FErfc	Global
007641a8	Label	FNID__fmodf4	Global
007641ac	Label	FNID_expf	Global
007641b0	Label	FNID_cacoshl	Global
007641b4	Label	FNID__log2f4	Global
007641b8	Label	FNID_cpowf	Global
007641bc	Label	FNID__LCmulcc	Global
007641c0	Label	FNID_sys_libm_0x1CF745BC	Global
007641c4	Label	FNID_sys_libm_0x2259EF96	Global
007641c8	Label	FNID_sys_libm_0x3ACAD7F1	Global
007641cc	Label	FNID_sys_libm_0x3FB8629D	Global
007641d0	Label	FNID_sys_libm_0x42EB9508	Global
007641d4	Label	FNID_sys_libm_0x4AF28F31	Global
007641d8	Label	FNID_sys_libm_0xA8D907FF	Global
007641dc	Label	FNID_sys_libm_0xAD443E79	Global
007641e0	Label	FNID_sys_libm_0xE9892674	Global
007641e4	Label	FNID_sys_libm_0xF39005FC	Global
007643e8	Label	sys_libm_address_table	Global
00764da8	Label	sys_fs_func_nid_table	Global
00764da8	Label	FNID_cellFsClose	Global
00764dac	Label	FNID_cellFsOpendir	Global
00764db0	Label	FNID_cellFsRead	Global
00764db4	Label	FNID_cellFsReaddir	Global
00764db8	Label	FNID_cellFsOpen	Global
00764dbc	Label	FNID_cellFsStat	Global
00764dc0	Label	FNID_cellFsUnlink	Global
00764dc4	Label	FNID_cellFsLseek	Global
00764dc8	Label	FNID_cellFsGetFreeSize	Global
00764dcc	Label	FNID_cellFsMkdir	Global
00764dd0	Label	FNID_cellFsWrite	Global
00764dd4	Label	FNID_cellFsFstat	Global
00764dd8	Label	FNID_cellFsClosedir	Global
00764ddc	Label	FNID_cellFsRmdir	Global
00764de0	Label	FNID_cellFsFsync	Global
00764de4	Label	sysPrxForUser_func_nid_table	Global
00764de4	Label	FNID_sys_lwmutex_lock	Global
00764de8	Label	FNID_sys_lwmutex_unlock	Global
00764dec	Label	FNID_sys_ppu_thread_create	Global
00764df0	Label	FNID_sys_prx_load_module	Global
00764df4	Label	FNID__sys_process_atexitspawn	Global
00764df8	Label	FNID_sys_lwmutex_create	Global
00764dfc	Label	FNID_sys_ppu_thread_get_id	Global
00764e00	Label	FNID_sys_mmapper_free_memory	Global
00764e04	Label	FNID_sys_prx_register_library	Global
00764e08	Label	FNID_sys_mmapper_unmap_memory	Global
00764e0c	Label	FNID_sys_mmapper_allocate_memory_from_container	Global
00764e10	Label	FNID_sys_initialize_tls	Global
00764e14	Label	FNID_sys_prx_stop_module	Global
00764e18	Label	FNID_sys_time_get_system_time	Global
00764e1c	Label	FNID__sys_process_at_Exitspawn	Global
00764e20	Label	FNID_sys_prx_start_module	Global
00764e24	Label	FNID_sys_prx_exitspawn_with_level	Global
00764e28	Label	FNID_sys_ppu_thread_exit	Global
00764e2c	Label	FNID_sys_mmapper_allocate_memory	Global
00764e30	Label	FNID_sys_lwmutex_destroy	Global
00764e34	Label	FNID_sys_prx_unregister_library	Global
00764e38	Label	FNID_sys_mmapper_map_memory	Global
00764e3c	Label	FNID_sys_process_exit	Global
00764e40	Label	FNID_sys_prx_unload_module	Global
00764e44	Label	FNID_sys_lwcond_destroy	Global
00764e48	Label	FNID_sys_lwcond_wait	Global
00764e4c	Label	FNID__sys_spu_printf_initialize	Global
00764e50	Label	FNID_sys_process_is_stack	Global
00764e54	Label	FNID_sys_game_process_exitspawn2	Global
00764e58	Label	FNID_sys_ppu_thread_once	Global
00764e5c	Label	FNID_sys_lwmutex_trylock	Global
00764e60	Label	FNID_sys_lwcond_create	Global
00764e64	Label	FNID__sys_spu_printf_finalize	Global
00764e68	Label	FNID_sys_spu_image_close	Global
00764e6c	Label	FNID_sys_lwcond_signal_all	Global
00764e70	Label	FNID_sys_lwcond_signal	Global
00764e74	Label	cellAudio_func_nid_table	Global
00764e74	Label	FNID_cellAudioInit	Global
00764e78	Label	FNID_cellAudioPortClose	Global
00764e7c	Label	FNID_cellAudioGetPortConfig	Global
00764e80	Label	FNID_cellAudioPortStart	Global
00764e84	Label	FNID_cellAudioQuit	Global
00764e88	Label	FNID_cellAudioPortOpen	Global
00764e8c	Label	FNID_cellAudioSetNotifyEventQueue	Global
00764e90	Label	FNID_cellAudioSetPortLevel	Global
00764e94	Label	FNID_cellAudioPortStop	Global
00764e98	Label	FNID_cellAudioRemoveNotifyEventQueue	Global
00764e9c	Label	cellAdec_func_nid_table	Global
00764e9c	Label	FNID_cellAdecDecodeAu	Global
00764ea0	Label	FNID_cellAdecStartSeq	Global
00764ea4	Label	FNID_cellAdecQueryAttr	Global
00764ea8	Label	FNID_cellAdecClose	Global
00764eac	Label	FNID_cellAdecOpenEx	Global
00764eb0	Label	FNID_cellAdecGetPcm	Global
00764eb4	Label	FNID_cellAdecGetPcmItem	Global
00764eb8	Label	cellSpurs_func_nid_table	Global
00764eb8	Label	FNID_cellSpursAttributeSetNamePrefix	Global
00764ebc	Label	FNID__cellSpursTasksetAttributeInitialize	Global
00764ec0	Label	FNID_cellSpursEventFlagDetachLv2EventQueue	Global
00764ec4	Label	FNID_cellSpursEventFlagWait	Global
00764ec8	Label	FNID_cellSpursEventFlagClear	Global
00764ecc	Label	FNID__cellSpursEventFlagInitialize	Global
00764ed0	Label	FNID_cellSpursTasksetAttributeSetName	Global
00764ed4	Label	FNID_cellSpursEventFlagAttachLv2EventQueue	Global
00764ed8	Label	FNID__cellSpursAttributeInitialize	Global
00764edc	Label	FNID_cellSpursJoinTaskset	Global
00764ee0	Label	FNID_cellSpursShutdownTaskset	Global
00764ee4	Label	FNID_cellSpursAttributeSetSpuThreadGroupType	Global
00764ee8	Label	FNID_cellSpursInitializeWithAttribute	Global
00764eec	Label	FNID_cellSpursCreateTasksetWithAttribute	Global
00764ef0	Label	FNID_cellSpursFinalize	Global
00764ef4	Label	FNID__cellSpursLFQueueInitialize	Global
00764ef8	Label	FNID_cellSpursLFQueueAttachLv2EventQueue	Global
00764efc	Label	FNID_cellSpursRequestIdleSpu	Global
00764f00	Label	FNID_cellSpursGetInfo	Global
00764f04	Label	FNID_cellSpursWorkloadAttributeSetName	Global
00764f08	Label	FNID_cellSpursGetWorkloadInfo	Global
00764f0c	Label	FNID_cellSpursDetachLv2EventQueue	Global
00764f10	Label	FNID_cellSpursCreateTaskset	Global
00764f14	Label	FNID_cellSpursRemoveWorkload	Global
00764f18	Label	FNID_cellSpursWaitForWorkloadShutdown	Global
00764f1c	Label	FNID_cellSpursLFQueueDetachLv2EventQueue	Global
00764f20	Label	FNID_cellSpursSetPriorities	Global
00764f24	Label	FNID__cellSpursLFQueuePushBody	Global
00764f28	Label	FNID_cellSpursShutdownWorkload	Global
00764f2c	Label	FNID_cellSpursInitialize	Global
00764f30	Label	FNID_cellSpursAttachLv2EventQueue	Global
00764f34	Label	FNID_cellSpursCreateTask	Global
00764f38	Label	FNID_cellSpursAddWorkloadWithAttribute	Global
00764f3c	Label	FNID_cellSpursSetExceptionEventHandler	Global
00764f40	Label	FNID__cellSpursSendSignal	Global
00764f44	Label	FNID__cellSpursWorkloadAttributeInitialize	Global
00764f48	Label	FNID_cellSpursReadyCountStore	Global
00764f4c	Label	cellSysmodule_func_nid_table	Global
00764f4c	Label	FNID_cellSysmoduleUnloadModule	Global
00764f50	Label	FNID_cellSysmoduleLoadModule	Global
00764f54	Label	FNID_cellSysmoduleIsLoaded	Global
00764f58	Label	FNID_cellSysmoduleInitialize	Global
00764f5c	Label	cellPhotoUtility_func_nid_table	Global
00764f5c	Label	FNID_cellPhotoExportInitialize2	Global
00764f60	Label	FNID_cellPhotoExportFromFile	Global
00764f64	Label	FNID_cellPhotoExportFinalize	Global
00764f68	Label	cellSysutil_func_nid_table	Global
00764f68	Label	FNID_cellSysutilUnregisterCallback	Global
00764f6c	Label	FNID_cellSysutilCheckCallback	Global
00764f70	Label	FNID_cellSysCacheMount	Global
00764f74	Label	FNID_cellMsgDialogClose	Global
00764f78	Label	FNID_cellMsgDialogOpenErrorCode	Global
00764f7c	Label	FNID_cellSysutilGetSystemParamInt	Global
00764f80	Label	FNID_cellAudioOutConfigure	Global
00764f84	Label	FNID_cellSysCacheClear	Global
00764f88	Label	FNID_cellMsgDialogOpen2	Global
00764f8c	Label	FNID_cellSaveDataAutoSave2	Global
00764f90	Label	FNID_cellMsgDialogProgressBarInc	Global
00764f94	Label	FNID_cellMsgDialogProgressBarSetMsg	Global
00764f98	Label	FNID_cellSysutilRegisterCallback	Global
00764f9c	Label	FNID_cellAudioOutGetSoundAvailability	Global
00764fa0	Label	FNID_cellAudioOutSetCopyControl	Global
00764fa4	Label	FNID_cellSysutilDisableBgmPlayback	Global
00764fa8	Label	FNID_cellAudioOutGetState	Global
00764fac	Label	FNID_cellSaveDataAutoLoad2	Global
00764fb0	Label	FNID_cellVideoOutConfigure	Global
00764fb4	Label	FNID_cellOskDialogGetSize	Global
00764fb8	Label	FNID_cellOskDialogUnloadAsync	Global
00764fbc	Label	FNID_cellAudioOutGetDeviceInfo	Global
00764fc0	Label	FNID_cellOskDialogAddSupportLanguage	Global
00764fc4	Label	FNID_cellOskDialogLoadAsync	Global
00764fc8	Label	FNID_cellVideoOutGetState	Global
00764fcc	Label	FNID_cellVideoOutGetResolutionAvailability	Global
00764fd0	Label	FNID_cellOskDialogSetKeyLayoutOption	Global
00764fd4	Label	FNID_cellOskDialogAbort	Global
00764fd8	Label	FNID_cellVideoOutGetResolution	Global
00764fdc	Label	FNID_cellAudioOutGetNumberOfDevice	Global
00764fe0	Label	FNID_cellAudioOutGetConfiguration	Global
00764fe4	Label	FNID_cellOskDialogSetLayoutMode	Global
00764fe8	Label	sys_net_func_nid_table	Global
00764fe8	Label	FNID_sys_net_initialize_network_ex	Global
00764fec	Label	FNID_sys_net_if_ctl	Global
00764ff0	Label	FNID_sys_net_finalize_network	Global
00764ff4	Label	FNID_sys_net_free_thread_context	Global
00764ff8	Label	FNID_socketpoll	Global
00764ffc	Label	FNID_getsockname	Global
00765000	Label	FNID_recvfrom	Global
00765004	Label	FNID_listen	Global
00765008	Label	FNID_socketselect	Global
0076500c	Label	FNID_getsockopt	Global
00765010	Label	FNID__sys_net_errno_loc	Global
00765014	Label	FNID_connect	Global
00765018	Label	FNID_socketclose	Global
0076501c	Label	FNID_gethostbyname	Global
00765020	Label	FNID_setsockopt	Global
00765024	Label	FNID_sendto	Global
00765028	Label	FNID_socket	Global
0076502c	Label	FNID_shutdown	Global
00765030	Label	FNID_inet_aton	Global
00765034	Label	FNID_bind	Global
00765038	Label	FNID_accept	Global
0076503c	Label	FNID_send	Global
00765040	Label	FNID_recv	Global
00765044	Label	sceNp_func_nid_table	Global
00765044	Label	FNID_sceNpBasicSendMessageGui	Global
00765048	Label	FNID_sceNpBasicSetPresence	Global
0076504c	Label	FNID_sceNpBasicAbortGui	Global
00765050	Label	FNID_sceNpTerm	Global
00765054	Label	FNID_sceNpManagerUnregisterCallback	Global
00765058	Label	FNID_sceNpBasicRecvMessageAttachmentLoad	Global
0076505c	Label	FNID_sceNpBasicRecvMessageCustom	Global
00765060	Label	FNID_sceNpManagerRequestTicket2	Global
00765064	Label	FNID_sceNpManagerGetEntitlementById	Global
00765068	Label	FNID_sceNpManagerGetStatus	Global
0076506c	Label	FNID_sceNpDrmIsAvailable	Global
00765070	Label	FNID_sceNpManagerGetAccountRegion	Global
00765074	Label	FNID_sceNpInit	Global
00765078	Label	FNID_sceNpManagerGetOnlineId	Global
0076507c	Label	FNID_sceNpBasicSetPresenceDetails	Global
00765080	Label	FNID_sceNpManagerRegisterCallback	Global
00765084	Label	FNID_sceNpManagerGetChatRestrictionFlag	Global
00765088	Label	FNID_sceNpBasicSendMessage	Global
0076508c	Label	FNID_sceNpManagerGetOnlineName	Global
00765090	Label	FNID_sceNpManagerGetNpId	Global
00765094	Label	FNID_sceNpManagerGetTicket	Global
00765098	Label	FNID_sceNpBasicAddFriend	Global
0076509c	Label	FNID_sceNpManagerGetTicketParam	Global
007650a0	Label	FNID_sceNpBasicGetBlockListEntryCount	Global
007650a4	Label	FNID_sceNpBasicUnregisterHandler	Global
007650a8	Label	FNID_sceNpManagerGetEntitlementIdList	Global
007650ac	Label	FNID_sceNpBasicRegisterHandler	Global
007650b0	Label	FNID_sceNpBasicAddPlayersHistoryAsync	Global
007650b4	Label	FNID_sceNpManagerGetNetworkTime	Global
007650b8	Label	FNID_sceNpUtilCmpNpId	Global
007650bc	Label	FNID_sceNpBasicGetEvent	Global
007650c0	Label	FNID_sceNpBasicGetBlockListEntry	Global
007650c4	Label	cellRtc_func_nid_table	Global
007650c4	Label	FNID_cellRtcGetCurrentClockLocalTime	Global
007650c8	Label	FNID_cellRtcGetCurrentClock	Global
007650cc	Label	FNID_cellRtcGetTick	Global
007650d0	Label	FNID_cellRtcSetTick	Global
007650d4	Label	FNID_cellRtcGetTime_t	Global
007650d8	Label	cellMic_func_nid_table	Global
007650d8	Label	FNID_cellMicIsAttached	Global
007650dc	Label	FNID_cellMicRead	Global
007650e0	Label	FNID_cellMicRemoveNotifyEventQueue	Global
007650e4	Label	FNID_cellMicReset	Global
007650e8	Label	FNID_cellMicSetNotifyEventQueue	Global
007650ec	Label	FNID_cellMicInit	Global
007650f0	Label	FNID_cellMicClose	Global
007650f4	Label	FNID_cellMicEnd	Global
007650f8	Label	FNID_cellMicOpen	Global
007650fc	Label	FNID_cellMicStart	Global
00765100	Label	FNID_cellMicStop	Global
00765104	Label	sceNpTrophy_func_nid_table	Global
00765104	Label	FNID_sceNpTrophyRegisterContext	Global
00765108	Label	FNID_sceNpTrophyCreateHandle	Global
0076510c	Label	FNID_sceNpTrophyInit	Global
00765110	Label	FNID_sceNpTrophyUnlockTrophy	Global
00765114	Label	FNID_sceNpTrophyCreateContext	Global
00765118	Label	sceNpCommerce2_func_nid_table	Global
00765118	Label	FNID_sceNpCommerce2DoCheckoutStartAsync	Global
0076511c	Label	FNID_sceNpCommerce2DestroyReq	Global
00765120	Label	FNID_sceNpCommerce2Init	Global
00765124	Label	FNID_sceNpCommerce2Term	Global
00765128	Label	FNID_sceNpCommerce2CreateSessionAbort	Global
0076512c	Label	FNID_sceNpCommerce2DestroyCtx	Global
00765130	Label	FNID_sceNpCommerce2AbortReq	Global
00765134	Label	FNID_sceNpCommerce2GetProductInfoStart	Global
00765138	Label	FNID_sceNpCommerce2CreateSessionFinish	Global
0076513c	Label	FNID_sceNpCommerce2GetProductInfoCreateReq	Global
00765140	Label	FNID_sceNpCommerce2GetProductInfoGetResult	Global
00765144	Label	FNID_sceNpCommerce2CreateSessionStart	Global
00765148	Label	FNID_sceNpCommerce2DoCheckoutFinishAsync	Global
0076514c	Label	FNID_sceNpCommerce2CreateCtx	Global
00765150	Label	FNID_sceNpCommerce2GetGameSkuInfoFromGameProductInfo	Global
00765154	Label	FNID_sceNpCommerce2GetGameProductInfo	Global
00765158	Label	FNID_sceNpCommerce2DestroyGetProductInfoResult	Global
0076515c	Label	FNID_sceNpCommerce2InitGetProductInfoResult	Global
00765160	Label	cellHttp_func_nid_table	Global
00765160	Label	FNID_cellHttpInit	Global
00765164	Label	FNID_cellHttpsInit	Global
00765168	Label	FNID_cellHttpEnd	Global
0076516c	Label	FNID_cellHttpsEnd	Global
00765170	Label	cellSsl_func_nid_table	Global
00765170	Label	FNID_cellSslEnd	Global
00765174	Label	FNID_cellSslCertificateLoader	Global
00765178	Label	FNID_cellSslInit	Global
0076517c	Label	cellSaveData_func_nid_table	Global
0076517c	Label	FNID_cellSaveDataListDelete	Global
00765180	Label	cellSearchUtility_func_nid_table	Global
00765180	Label	FNID_cellSearchStartListSearch	Global
00765184	Label	FNID_cellSearchGetContentInfoByOffset	Global
00765188	Label	FNID_cellSearchStartContentSearchInList	Global
0076518c	Label	FNID_cellSearchEnd	Global
00765190	Label	FNID_cellSearchGetContentInfoByContentId	Global
00765194	Label	FNID_cellSearchFinalize	Global
00765198	Label	FNID_cellSearchInitialize	Global
0076519c	Label	FNID_cellSearchPrepareFile	Global
007651a0	Label	FNID_cellSearchGetContentInfoPath	Global
007651a4	Label	cellGame_func_nid_table	Global
007651a4	Label	FNID_cellGameGetParamString	Global
007651a8	Label	FNID_cellGameCreateGameData	Global
007651ac	Label	FNID_cellGameContentPermit	Global
007651b0	Label	FNID_cellGameContentErrorDialog	Global
007651b4	Label	FNID_cellGameDataCheck	Global
007651b8	Label	FNID_cellGameGetSizeKB	Global
007651bc	Label	FNID_cellGameBootCheck	Global
007651c0	Label	cellJpgDec_func_nid_table	Global
007651c0	Label	FNID_cellJpgDecReadHeader	Global
007651c4	Label	FNID_cellJpgDecClose	Global
007651c8	Label	FNID_cellJpgDecOpen	Global
007651cc	Label	FNID_cellJpgDecCreate	Global
007651d0	Label	FNID_cellJpgDecDecodeData	Global
007651d4	Label	FNID_cellJpgDecDestroy	Global
007651d8	Label	FNID_cellJpgDecSetParameter	Global
007651dc	Label	DFEngine_func_nid_table	Global
007651dc	Label	FNID_DFEngine_0x17D490A3	Global
007651e0	Label	cellGameExec_func_nid_table	Global
007651e0	Label	FNID_cellGameGetHomeLaunchOptionPath	Global
007651e4	Label	FNID_cellGameGetBootGameInfo	Global
007651e8	Label	sys_io_func_nid_table	Global
007651e8	Label	FNID_cellPadInit	Global
007651ec	Label	FNID_cellKbGetConfiguration	Global
007651f0	Label	FNID_cellKbClearBuf	Global
007651f4	Label	FNID_cellKbGetInfo	Global
007651f8	Label	FNID_cellMouseGetData	Global
007651fc	Label	FNID_cellMouseClearBuf	Global
00765200	Label	FNID_cellKbInit	Global
00765204	Label	FNID_cellKbCnvRawCode	Global
00765208	Label	FNID_cellPadEnd	Global
0076520c	Label	FNID_cellPadSetPortSetting	Global
00765210	Label	FNID_cellMouseGetInfo	Global
00765214	Label	FNID_cellPadGetData	Global
00765218	Label	FNID_cellKbSetCodeType	Global
0076521c	Label	FNID_cellPadGetInfo2	Global
00765220	Label	FNID_cellKbEnd	Global
00765224	Label	FNID_cellMouseInit	Global
00765228	Label	FNID_cellKbSetReadMode	Global
0076522c	Label	FNID_cellMouseEnd	Global
00765230	Label	FNID_cellPadSetActDirect	Global
00765234	Label	FNID_cellKbRead	Global
00765238	Label	cellKey2char_func_nid_table	Global
00765238	Label	FNID_cellKey2CharClose	Global
0076523c	Label	FNID_cellKey2CharGetChar	Global
00765240	Label	FNID_cellKey2CharOpen	Global
00765244	Label	FNID_cellKey2CharSetMode	Global
00765248	Label	cellGcmSys_func_nid_table	Global
00765248	Label	FNID_cellGcmSetUserHandler	Global
0076524c	Label	FNID_cellGcmSetQueueHandler	Global
00765250	Label	FNID__cellGcmInitBody	Global
00765254	Label	FNID__cellGcmSetFlipCommand	Global
00765258	Label	FNID_cellGcmAddressToOffset	Global
0076525c	Label	FNID_cellGcmSortRemapEaIoAddress	Global
00765260	Label	FNID_cellGcmGetOffsetTable	Global
00765264	Label	FNID__cellGcmFunc15	Global
00765268	Label	FNID_cellGcmBindTile	Global
0076526c	Label	FNID_cellGcmSetFlipMode	Global
00765270	Label	FNID_cellGcmSetDebugOutputLevel	Global
00765274	Label	FNID_cellGcmBindZcull	Global
00765278	Label	FNID_cellGcmMapMainMemory	Global
0076527c	Label	FNID_cellGcmSetFlipHandler	Global
00765280	Label	FNID_cellGcmSetDisplayBuffer	Global
00765284	Label	FNID_cellGcmGetControlRegister	Global
00765288	Label	FNID_cellGcmUnbindZcull	Global
0076528c	Label	FNID_cellGcmSetVBlankHandler	Global
00765290	Label	FNID_cellGcmSetFlipImmediate	Global
00765294	Label	FNID_cellGcmSetTileInfo	Global
00765298	Label	FNID_cellGcmSetGraphicsHandler	Global
0076529c	Label	FNID__cellGcmSetFlipCommandWithWaitLabel	Global
007652a0	Label	FNID_cellGcmUnbindTile	Global
007652a4	Label	FNID_cellGcmUnmapIoAddress	Global
007652a8	Label	FNID_cellGcmGetConfiguration	Global
007652ac	Label	FNID_cellGcmGetLabelAddress	Global
007652b0	Label	cellNetCtl_func_nid_table	Global
007652b0	Label	FNID_cellNetCtlNetStartDialogLoadAsync	Global
007652b4	Label	FNID_cellNetCtlAddHandler	Global
007652b8	Label	FNID_cellNetCtlNetStartDialogUnloadAsync	Global
007652bc	Label	FNID_cellNetCtlTerm	Global
007652c0	Label	FNID_cellNetCtlGetInfo	Global
007652c4	Label	FNID_cellNetCtlGetState	Global
007652c8	Label	FNID_cellNetCtlDelHandler	Global
007652cc	Label	FNID_cellNetCtlInit	Global
007652d0	Label	cellL10n_func_nid_table	Global
007652d0	Label	FNID_UTF16stoUTF8s	Global
007652d4	Label	FNID_UTF8stoUTF16s	Global
007652dc	Label	_scelibent_ppu32	Global
0076531c	Label	_scelibstub_ppu32	Global
0076b928	Label	_malloc_limit	Global
0076b92c	Label	sys_libc_0x277A84BB	Global
0076b93c	Label	sys_libc_0x96E1E748	Global
00782388	Label	EngineFlare_ModelPathFormat	Global
0079bed0	Label	EngineFlare_BoostLeftShapeName	Global
0079bf00	Label	EngineFlare_BoostRightShapeName	Global
007a1cc8	Label	Trail_HitShipEffectNameRed	Global
007a1ce0	Label	Trail_HitShipEffectName	Global
007a2d70	Label	Trail_ModelPath	Global
007a2da8	Label	Trail_SpeedParamName	Global
007b26c8	Label	g_detonator_mode_texture_names	Global
007b28b8	Label	g_detonator_mode_track_texture_names	Global
007b2b10	Label	g_zone_mode_texture_names	Global
007b2c78	Label	g_zone_mode_track_texture_names	Global
00858e00	Label	sys_process_param_t	Global
00858e20	Label	sys_process_prx_info_t	Global
00860d44	Label	g_ZoneSpeedClassTable	Global
008636e0	Label	g_CraftVtable	Global
008638e8	Label	g_DebrisVtable	Global
00864cb8	Label	g_FrontendRootVtable	Global
0086ffec	Label	DFEngine_func_address_table	Global
0086fff0	Label	cellAdec_func_address_table	Global
0087000c	Label	cellAudio_func_address_table	Global
00870034	Label	cellGame_func_address_table	Global
00870050	Label	cellGameExec_func_address_table	Global
00870058	Label	cellGcmSys_func_address_table	Global
008700c0	Label	cellHttp_func_address_table	Global
008700d0	Label	cellJpgDec_func_address_table	Global
008700ec	Label	cellKey2char_func_address_table	Global
008700fc	Label	cellL10n_func_address_table	Global
00870104	Label	cellMic_func_address_table	Global
00870130	Label	cellNetCtl_func_address_table	Global
00870150	Label	cellPhotoUtility_func_address_table	Global
0087015c	Label	cellRtc_func_address_table	Global
00870170	Label	cellSaveData_func_address_table	Global
00870174	Label	cellSearchUtility_func_address_table	Global
00870198	Label	cellSpurs_func_address_table	Global
0087022c	Label	cellSsl_func_address_table	Global
00870238	Label	cellSysmodule_func_address_table	Global
00870248	Label	cellSysutil_func_address_table	Global
008702c8	Label	sceNp_func_address_table	Global
00870348	Label	sceNpCommerce2_func_address_table	Global
00870390	Label	sceNpTrophy_func_address_table	Global
008703a4	Label	sysPrxForUser_func_address_table	Global
00870434	Label	sys_fs_func_address_table	Global
00870470	Label	sys_io_func_address_table	Global
008704c0	Label	sys_net_func_address_table	Global
00870520	Label	tocPtr	Global
008ad4d8	Label	TOC_BASE	Global
008b2ff4	Label	EngineFlare_BoostGate	Global
008b6f38	Label	g_BillboardSlots	Global
008b79cc	Label	g_EffectSettingsSchemaKeyNames	Global
008b7f04	Label	g_ShaderEngineParamBase	Global
008b7f08	Label	g_ShaderParameterNames	Global
008bf1ac	Label	g_ShaderRegistryHead	Global
008c0854	Label	g_GcmContext	Global
008c1758	Label	g_PhysicsSubstepCount	Global
008c2c98	Label	g_FunkLayerParamSlots	Global
008c3598	Label	sys_libm_0xAD443E79	Global
008c35a0	Label	sys_libm_0x3ACAD7F1	Global
008c35a8	Label	sys_libm_0x3FB8629D	Global
008c35ac	Label	sys_libm_0x4AF28F31	Global
008c35b0	Label	sys_libm_0xE9892674	Global
008c35b8	Label	sys_libm_0x1CF745BC	Global
008c35c0	Label	sys_libm_0xA8D907FF	Global
008c35c8	Label	sys_libm_0xF39005FC	Global
008c35d0	Label	sys_libm_0x2259EF96	Global
008c3640	Label	sys_libc_0x26A34F81	Global
008c3688	Label	sys_libc_0x985FC057	Global
008c36d0	Label	sys_libc_0xD698385D	Global
008c3718	Label	sys_libc_0xEACE53D6	Global
008c3728	Label	sys_libc_0xFF2F0CC7	Global
008c3738	Label	_FInf	Global
008c3748	Label	sys_libc_0x210B2F6E	Global
008c3758	Label	sys_libc_0x76628EFB	Global
008c3768	Label	sys_libc_0xB6F5F98C	Global
008c3778	Label	sys_libc_0xEF25075B	Global
008c3780	Label	sys_libc_0xB5B84F80	Global
008c3790	Label	sys_libc_0x45EC2DF6	Global
008c37a0	Label	sys_libc_0x17667744	Global
008c37b0	Label	sys_libc_0x071928B0	Global
008c37c0	Label	sys_libc_0x9C8454C9	Global
008c37d0	Label	sys_libc_0x6A09DF41	Global
008c37e0	Label	sys_libc_0x29E76A6D	Global
008c37e8	Label	sys_libc_0x620967C9	Global
008c37f0	Label	sys_libc_0x529D4301	Global
008c3800	Label	sys_libc_0x92C43F6D	Global
008c3810	Label	sys_libc_0x2470D3BC	Global
008c3820	Label	_Inf	Global
008c3830	Label	_Nan	Global
008c3840	Label	sys_libc_0x7AFF3242	Global
008c3850	Label	sys_libc_0x7F456AF2	Global
008c3860	Label	sys_libc_0x790B0082	Global
008c3868	Label	sys_libc_0x2418F6C0	Global
00921110	Label	g_VexClassTable	Global
00924cd8	Label	_Times	Global
00924d84	Label	sys_libc_0xECA056DF	Global
00924dd4	Label	sys_libc_0x0A331920	Global
00924f98	Label	_Ctype	Global
00924f9c	Label	__ctype_ptr	Global
00924fa0	Label	_Stdin	Global
00925008	Label	_Stdout	Global
00925070	Label	_Stderr	Global
009250d8	Label	sys_libc_0xE0BC8D86	Global
009253e4	Label	_Tolotab	Global
009253e8	Label	_Touptab	Global
009253ec	Label	_Wctrans	Global
009253f0	Label	_Wctype	Global
00936fd4	Label	Render_FrameContextPtr_q	Global
00936fe8	Label	g_GameState	Global
00938560	Label	g_PhysicsHalfStep	Global
009389e4	Label	g_CollisionWorld	Global
00b6cc90	Label	g_sound_system	Global
00c50f00	Label	g_FullscreenTintColour	Global
00c7df20	Label	g_FunkLayerPrograms	Global
00c7efb0	Label	g_effect_settings_stages	Global
00c81368	Label	g_ZoneStageTextures	Global
00c813e0	Label	g_ZoneStageTrackTextures	Global
00c81a80	Label	g_RenderGlobals	Global
00d44f80	Label	g_ChunkVisibilityMask	Global
00d45f84	Label	g_ZoneEffectsActive	Global
00d45f90	Label	g_MaterialDrawClass	Global
00f5c0e8	Label	sys_libm_0x42EB9508	Global
00f5c234	Label	sys_libc_0x3916A06A	Global
00f5c238	Label	sys_libc_0x5FF11EB4	Global
00f5c240	Label	sys_libc_0x81ACF7C1	Global
00f5c398	Label	sys_libc_0x0FBC732D	Global
00f5c7d8	Label	sys_libc_0x73898DB8	Global
