# PPSSPP's own auto-detected symbols for psp-pulse-eu, harvested live over its
# websocket debugger's `hle.func.list` (docs/reverse-engineering/ppsspp-debugger.md),
# PPSSPP v1.20.4, 2026-09-09.
#
# Provenance: PPSSPP's own HLE-syscall detection and hash-matched
# function-replacement database, not a documented reading, and NOT a
# capture of Ghidra state the way this directory's other files are
# (ADR-0047) - a sibling with the same shape, never merged into them.
# These rows have no evidence page and MUST NOT be merged into
# names.tsv - see scripts/harvest-ppsspp-symbols.py's own docstring
# and docs/reverse-engineering/ppsspp-symbol-bridge.md.
#
# address	name	size	source
08810700	dl_write_framebuffer_ptr	280	ppsspp-hle.func.list
088115d0	sceGuClutMode	60	ppsspp-hle.func.list
0881160c	dl_write_clut_ptrload	76	ppsspp-hle.func.list
08811658	sceGuFog	132	ppsspp-hle.func.list
088116dc	sceGuColorFunc	72	ppsspp-hle.func.list
0881188c	sceGuBlendFunc	88	ppsspp-hle.func.list
088118e4	sceGuBoneMatrix	200	ppsspp-hle.func.list
08811a68	sceGupSetStatus	524	ppsspp-hle.func.list
08811c74	sceGupSetMatrix	772	ppsspp-hle.func.list
088125bc	sceGupMaterial	144	ppsspp-hle.func.list
0881264c	sceGupFrontFace	44	ppsspp-hle.func.list
08812678	sceGupLight	148	ppsspp-hle.func.list
0881270c	dl_write_light_color	192	ppsspp-hle.func.list
08812810	sceGupTexMode	68	ppsspp-hle.func.list
08812854	sceGupScissor	128	ppsspp-hle.func.list
088128d4	sceGupShadeModel	44	ppsspp-hle.func.list
08812ab8	_sceGuUpdateStallAddr	88	ppsspp-hle.func.list
08833da8	expensive_wipeout_pulse	1064	ppsspp-hle.func.list
089720bc	qsort	2388	ppsspp-hle.func.list
08972a54	memcmp	76	ppsspp-hle.func.list
08972aa0	memmove	148	ppsspp-hle.func.list
08972b34	strcasecmp	184	ppsspp-hle.func.list
08972bec	strcat	92	ppsspp-hle.func.list
08972c48	strchr	56	ppsspp-hle.func.list
08972c80	strcmp	52	ppsspp-hle.func.list
08972cb4	strcpy	68	ppsspp-hle.func.list
08972cf8	strlen	36	ppsspp-hle.func.list
08972d1c	strlwr	96	ppsspp-hle.func.list
08972d7c	strncasecmp	236	ppsspp-hle.func.list
08972e68	strncat	88	ppsspp-hle.func.list
08972ec0	strncmp	100	ppsspp-hle.func.list
08972f24	strncpy	96	ppsspp-hle.func.list
08972fcc	strrchr	60	ppsspp-hle.func.list
08973008	strstr	104	ppsspp-hle.func.list
08973070	_strtod_r	4380	ppsspp-hle.func.list
089741b4	strlwr	96	ppsspp-hle.func.list
08977e9c	_malloc_r	1588	ppsspp-hle.func.list
089784d0	_free_r	684	ppsspp-hle.func.list
0897892c	_strtol_r	464	ppsspp-hle.func.list
08978c00	floor	600	ppsspp-hle.func.list
0897b344	memchr	68	ppsspp-hle.func.list
0897bfe0	__extendsfdf2	76	ppsspp-hle.func.list
0897c374	__adddf3	104	ppsspp-hle.func.list
0897c3dc	__subdf3	116	ppsspp-hle.func.list
0897c450	__muldf3	888	ppsspp-hle.func.list
0897cbf8	__negdf2	68	ppsspp-hle.func.list
0897d468	fabs	56	ppsspp-hle.func.list
0897d4a0	atanf	736	ppsspp-hle.func.list
0897d780	ceilf	268	ppsspp-hle.func.list
0897d88c	cosf	272	ppsspp-hle.func.list
0897d99c	fabsf	24	ppsspp-hle.func.list
0897d9b4	floorf	276	ppsspp-hle.func.list
0897db5c	sinf	276	ppsspp-hle.func.list
0897dc70	tanf	148	ppsspp-hle.func.list
0897dd04	acos	352	ppsspp-hle.func.list
0897de64	pow	1936	ppsspp-hle.func.list
0897e864	atan2f	356	ppsspp-hle.func.list
0897e9c8	expf	540	ppsspp-hle.func.list
0897ebe4	fmodf	416	ppsspp-hle.func.list
0897ed84	logf	420	ppsspp-hle.func.list
0897ef28	powf	2028	ppsspp-hle.func.list
0897f74c	rint	676	ppsspp-hle.func.list
0897f9f0	finitef	32	ppsspp-hle.func.list
0897fad0	scalbnf	444	ppsspp-hle.func.list
0898523c	isnan	68	ppsspp-hle.func.list
08985280	isnanf	32	ppsspp-hle.func.list
089852a0	scalbn	656	ppsspp-hle.func.list
08985530	copysignf	40	ppsspp-hle.func.list
08985564	copysign	80	ppsspp-hle.func.list
08985854	sceVfpuMatrix4Transform	40	ppsspp-hle.func.list
0898587c	sceVfpuMatrix4Mul	64	ppsspp-hle.func.list
08a2a2d4	sqrtf	336	ppsspp-hle.func.list
08a6ad30	strtok_r	184	ppsspp-hle.func.list
08a7628c	zz_sceNpTerm	8	ppsspp-hle.func.list
08a76294	zz_sceNpGetNpId	8	ppsspp-hle.func.list
08a7629c	zz_sceNpInit	8	ppsspp-hle.func.list
08a762a4	zz_sceNpServiceTerm	8	ppsspp-hle.func.list
08a762ac	zz_sceNpServiceInit	8	ppsspp-hle.func.list
08a762b4	zz_sceNpRosterGetFriendListEntry	8	ppsspp-hle.func.list
08a762bc	zz_sceNpRosterGetBlockListEntry	8	ppsspp-hle.func.list
08a762c4	zz_sceNpRosterGetFriendListEntryCount	8	ppsspp-hle.func.list
08a762cc	zz_sceNpRosterDeleteRequest	8	ppsspp-hle.func.list
08a762d4	zz_sceNpRosterAddFriendListEntry	8	ppsspp-hle.func.list
08a762dc	zz_sceNpRosterGetBlockListEntryCount	8	ppsspp-hle.func.list
08a762e4	zz_sceNpRosterCreateRequest	8	ppsspp-hle.func.list
08a762ec	zz_sceNpAuthGetTicket	8	ppsspp-hle.func.list
08a762f4	zz_sceNpAuthTerm	8	ppsspp-hle.func.list
08a762fc	zz_sceNpAuthInit	8	ppsspp-hle.func.list
08a76304	zz_sceNpAuthCreateStartRequest	8	ppsspp-hle.func.list
08a7630c	zz_sceSslEnd	8	ppsspp-hle.func.list
08a76314	zz_sceSslInit	8	ppsspp-hle.func.list
08a7631c	zz_sceHttpSaveSystemCookie	8	ppsspp-hle.func.list
08a76324	zz_sceHttpsLoadDefaultCert	8	ppsspp-hle.func.list
08a7632c	zz_sceHttpInit	8	ppsspp-hle.func.list
08a76334	zz_sceHttpEnd	8	ppsspp-hle.func.list
08a7633c	zz_sceHttpsInit	8	ppsspp-hle.func.list
08a76344	zz_sceHttpLoadSystemCookie	8	ppsspp-hle.func.list
08a7634c	zz_sceHttpsEnd	8	ppsspp-hle.func.list
08a76354	zz_sceWlanGetEtherAddr	8	ppsspp-hle.func.list
08a7635c	zz_sceNetApctlDisconnect	8	ppsspp-hle.func.list
08a76364	zz_sceNetApctlDelHandler	8	ppsspp-hle.func.list
08a7636c	zz_sceNetApctlAddHandler	8	ppsspp-hle.func.list
08a76374	zz_sceNetApctlTerm	8	ppsspp-hle.func.list
08a7637c	zz_sceNetApctlInit	8	ppsspp-hle.func.list
08a76384	zz_sceNetApctlGetInfo	8	ppsspp-hle.func.list
08a7638c	zz_sceNetResolverTerm	8	ppsspp-hle.func.list
08a76394	zz_sceNetResolverInit	8	ppsspp-hle.func.list
08a7639c	zz_sceNetResolverStartNtoA	8	ppsspp-hle.func.list
08a763a4	zz_sceNetResolverCreate	8	ppsspp-hle.func.list
08a763ac	zz_sceNetResolverDelete	8	ppsspp-hle.func.list
08a763b4	zz_sceNetInetInit	8	ppsspp-hle.func.list
08a763bc	zz_sceNetInetTerm	8	ppsspp-hle.func.list
08a763c4	zz_sceNetInetSendto	8	ppsspp-hle.func.list
08a763cc	zz_sceNetInetGetsockname	8	ppsspp-hle.func.list
08a763d4	zz_sceNetInetBind	8	ppsspp-hle.func.list
08a763dc	zz_sceNetInetInetAton	8	ppsspp-hle.func.list
08a763e4	zz_sceNetInetSetsockopt	8	ppsspp-hle.func.list
08a763ec	zz_sceNetInetConnect	8	ppsspp-hle.func.list
08a763f4	zz_sceNetInetGetsockopt	8	ppsspp-hle.func.list
08a763fc	zz_sceNetInetSelect	8	ppsspp-hle.func.list
08a76404	zz_sceNetInetSend	8	ppsspp-hle.func.list
08a7640c	zz_sceNetInetSocket	8	ppsspp-hle.func.list
08a76414	zz_sceNetInetClose	8	ppsspp-hle.func.list
08a7641c	zz_sceNetInetInetAddr	8	ppsspp-hle.func.list
08a76424	zz_sceNetInetRecvfrom	8	ppsspp-hle.func.list
08a7642c	zz_sceNetInetRecv	8	ppsspp-hle.func.list
08a76434	zz_sceNetInetInetNtop	8	ppsspp-hle.func.list
08a7643c	zz_sceNetInetGetErrno	8	ppsspp-hle.func.list
08a76444	zz___sceSasSetADSR	8	ppsspp-hle.func.list
08a7644c	zz___sceSasGetAllEnvelopeHeights	8	ppsspp-hle.func.list
08a76454	zz___sceSasRevParam	8	ppsspp-hle.func.list
08a7645c	zz___sceSasGetPauseFlag	8	ppsspp-hle.func.list
08a76464	zz___sceSasRevType	8	ppsspp-hle.func.list
08a7646c	zz___sceSasInit	8	ppsspp-hle.func.list
08a76474	zz___sceSasSetVolume	8	ppsspp-hle.func.list
08a7647c	zz___sceSasCoreWithMix	8	ppsspp-hle.func.list
08a76484	zz___sceSasSetSL	8	ppsspp-hle.func.list
08a7648c	zz___sceSasGetEndFlag	8	ppsspp-hle.func.list
08a76494	zz___sceSasGetEnvelopeHeight	8	ppsspp-hle.func.list
08a7649c	zz___sceSasSetKeyOn	8	ppsspp-hle.func.list
08a764a4	zz___sceSasSetPause	8	ppsspp-hle.func.list
08a764ac	zz___sceSasSetVoice	8	ppsspp-hle.func.list
08a764b4	zz___sceSasSetADSRmode	8	ppsspp-hle.func.list
08a764bc	zz___sceSasSetKeyOff	8	ppsspp-hle.func.list
08a764c4	zz___sceSasCore	8	ppsspp-hle.func.list
08a764cc	zz___sceSasSetPitch	8	ppsspp-hle.func.list
08a764d4	zz___sceSasSetNoise	8	ppsspp-hle.func.list
08a764dc	zz___sceSasGetGrain	8	ppsspp-hle.func.list
08a764e4	zz___sceSasSetSimpleADSR	8	ppsspp-hle.func.list
08a764ec	zz___sceSasSetGrain	8	ppsspp-hle.func.list
08a764f4	zz___sceSasRevEVOL	8	ppsspp-hle.func.list
08a764fc	zz___sceSasGetOutputmode	8	ppsspp-hle.func.list
08a76504	zz___sceSasSetOutputmode	8	ppsspp-hle.func.list
08a7650c	zz___sceSasRevVON	8	ppsspp-hle.func.list
08a76514	zz_sceNpDrmEdataSetupKey	8	ppsspp-hle.func.list
08a7651c	zz_sceAudioOutput2Reserve	8	ppsspp-hle.func.list
08a76524	zz_sceAudioOutput2OutputBlocking	8	ppsspp-hle.func.list
08a7652c	zz_sceAudioOutput2Release	8	ppsspp-hle.func.list
08a76534	zz_sceAudioOutput2ChangeLength	8	ppsspp-hle.func.list
08a7653c	zz_sceAudioOutputBlocking	8	ppsspp-hle.func.list
08a76544	zz_sceAudioOutputPannedBlocking	8	ppsspp-hle.func.list
08a7654c	zz_sceAudioChReserve	8	ppsspp-hle.func.list
08a76554	zz_sceAudioChRelease	8	ppsspp-hle.func.list
08a7655c	zz_sceAudioChangeChannelConfig	8	ppsspp-hle.func.list
08a76564	zz_sceAudioGetChannelRestLength	8	ppsspp-hle.func.list
08a7656c	zz_sceAudioChangeChannelVolume	8	ppsspp-hle.func.list
08a76574	zz_sceAudioSetChannelDataLen	8	ppsspp-hle.func.list
08a7657c	zz_sceAudioOutputPanned	8	ppsspp-hle.func.list
08a76584	zz_sceHprmIsRemoteExist	8	ppsspp-hle.func.list
08a7658c	zz_sceHprmReadLatch	8	ppsspp-hle.func.list
08a76594	zz_sceMp3ReserveMp3Handle	8	ppsspp-hle.func.list
08a7659c	zz_sceMp3NotifyAddStreamData	8	ppsspp-hle.func.list
08a765a4	zz_sceMp3ResetPlayPosition	8	ppsspp-hle.func.list
08a765ac	zz_sceMp3GetSumDecodedSample	8	ppsspp-hle.func.list
08a765b4	zz_sceMp3InitResource	8	ppsspp-hle.func.list
08a765bc	zz_sceMp3TermResource	8	ppsspp-hle.func.list
08a765c4	zz_sceMp3SetLoopNum	8	ppsspp-hle.func.list
08a765cc	zz_sceMp3Init	8	ppsspp-hle.func.list
08a765d4	zz_sceMp3GetInfoToAddStreamData	8	ppsspp-hle.func.list
08a765dc	zz_sceMp3Decode	8	ppsspp-hle.func.list
08a765e4	zz_sceMp3CheckStreamDataNeeded	8	ppsspp-hle.func.list
08a765ec	zz_sceMp3GetLoopNum	8	ppsspp-hle.func.list
08a765f4	zz_sceMp3ReleaseMp3Handle	8	ppsspp-hle.func.list
08a765fc	zz_sceNetAdhocMatchingInit	8	ppsspp-hle.func.list
08a76604	zz_sceNetAdhocMatchingTerm	8	ppsspp-hle.func.list
08a7660c	zz_scePowerRegisterCallback	8	ppsspp-hle.func.list
08a76614	zz_sceRtcGetCurrentTick	8	ppsspp-hle.func.list
08a7661c	zz_sceRtcGetTime64_t	8	ppsspp-hle.func.list
08a76624	zz_sceRtcGetCurrentClockLocalTime	8	ppsspp-hle.func.list
08a7662c	zz_sceUtilityHtmlViewerUpdate	8	ppsspp-hle.func.list
08a76634	zz_sceUtilityLoadModule	8	ppsspp-hle.func.list
08a7663c	zz_sceUtilityMsgDialogInitStart	8	ppsspp-hle.func.list
08a76644	zz_sceUtilityNetconfInitStart	8	ppsspp-hle.func.list
08a7664c	zz_sceUtilitySavedataInitStart	8	ppsspp-hle.func.list
08a76654	zz_sceUtilityNetconfGetStatus	8	ppsspp-hle.func.list
08a7665c	zz_sceUtilityMsgDialogShutdownStart	8	ppsspp-hle.func.list
08a76664	zz_sceUtilityGameSharingUpdate	8	ppsspp-hle.func.list
08a7666c	zz_sceUtilitySavedataGetStatus	8	ppsspp-hle.func.list
08a76674	zz_sceUtilityNetconfUpdate	8	ppsspp-hle.func.list
08a7667c	zz_sceUtilityGameSharingGetStatus	8	ppsspp-hle.func.list
08a76684	zz_sceUtilityMsgDialogUpdate	8	ppsspp-hle.func.list
08a7668c	zz_sceUtilitySavedataShutdownStart	8	ppsspp-hle.func.list
08a76694	zz_sceUtilityMsgDialogGetStatus	8	ppsspp-hle.func.list
08a7669c	zz_sceUtilityGetSystemParamInt	8	ppsspp-hle.func.list
08a766a4	zz_sceUtilityHtmlViewerGetStatus	8	ppsspp-hle.func.list
08a766ac	zz_sceUtilityGameSharingInitStart	8	ppsspp-hle.func.list
08a766b4	zz_sceUtilityHtmlViewerInitStart	8	ppsspp-hle.func.list
08a766bc	zz_sceUtilitySavedataUpdate	8	ppsspp-hle.func.list
08a766c4	zz_sceUtilityUnloadModule	8	ppsspp-hle.func.list
08a766cc	zz_sceUtilityGameSharingShutdownStart	8	ppsspp-hle.func.list
08a766d4	zz_sceUtilityHtmlViewerShutdownStart	8	ppsspp-hle.func.list
08a766dc	zz_sceUtilityNetconfShutdownStart	8	ppsspp-hle.func.list
08a766e4	zz_sceUtilityNpSigninInitStart	8	ppsspp-hle.func.list
08a766ec	zz_sceUtilityGetSystemParamString	8	ppsspp-hle.func.list
08a766f4	zz_sceUtilityNpSigninGetStatus	8	ppsspp-hle.func.list
08a766fc	zz_sceUtilityNpSigninShutdownStart	8	ppsspp-hle.func.list
08a76704	zz_sceUtilityNpSigninUpdate	8	ppsspp-hle.func.list
08a7670c	zz_sceUmdCheckMedium	8	ppsspp-hle.func.list
08a76714	zz_sceUmdWaitDriveStatCB	8	ppsspp-hle.func.list
08a7671c	zz_sceUmdGetDriveStat	8	ppsspp-hle.func.list
08a76724	zz_sceUmdWaitDriveStat	8	ppsspp-hle.func.list
08a7672c	zz_sceUmdRegisterUMDCallBack	8	ppsspp-hle.func.list
08a76734	zz_sceUmdActivate	8	ppsspp-hle.func.list
08a7673c	zz_sceMpegAvcDecode	8	ppsspp-hle.func.list
08a76744	zz_sceMpegRingbufferDestruct	8	ppsspp-hle.func.list
08a7674c	zz_sceMpegInitAu	8	ppsspp-hle.func.list
08a76754	zz_sceMpegQueryStreamOffset	8	ppsspp-hle.func.list
08a7675c	zz_sceMpegRingbufferConstruct	8	ppsspp-hle.func.list
08a76764	zz_sceMpegRegistStream	8	ppsspp-hle.func.list
08a7676c	zz_sceMpegUnRegistStream	8	ppsspp-hle.func.list
08a76774	zz_sceMpegDelete	8	ppsspp-hle.func.list
08a7677c	zz_sceMpegQueryStreamSize	8	ppsspp-hle.func.list
08a76784	zz_sceMpegInit	8	ppsspp-hle.func.list
08a7678c	zz_sceMpegAvcDecodeStop	8	ppsspp-hle.func.list
08a76794	zz_sceMpegAtracDecode	8	ppsspp-hle.func.list
08a7679c	zz_sceMpegFinish	8	ppsspp-hle.func.list
08a767a4	zz_sceMpegMallocAvcEsBuf	8	ppsspp-hle.func.list
08a767ac	zz_sceMpegRingbufferPut	8	ppsspp-hle.func.list
08a767b4	zz_sceMpegRingbufferAvailableSize	8	ppsspp-hle.func.list
08a767bc	zz_sceMpegQueryMemSize	8	ppsspp-hle.func.list
08a767c4	zz_sceMpegFreeAvcEsBuf	8	ppsspp-hle.func.list
08a767cc	zz_sceMpegRingbufferQueryMemSize	8	ppsspp-hle.func.list
08a767d4	zz_sceMpegCreate	8	ppsspp-hle.func.list
08a767dc	zz_sceMpegGetAtracAu	8	ppsspp-hle.func.list
08a767e4	zz_sceMpegQueryAtracEsSize	8	ppsspp-hle.func.list
08a767ec	zz_sceMpegGetAvcAu	8	ppsspp-hle.func.list
08a767f4	zz_sceAtracGetStreamDataInfo	8	ppsspp-hle.func.list
08a767fc	zz_sceAtracReleaseAtracID	8	ppsspp-hle.func.list
08a76804	zz_sceAtracDecodeData	8	ppsspp-hle.func.list
08a7680c	zz_sceAtracSetDataAndGetID	8	ppsspp-hle.func.list
08a76814	zz_sceAtracAddStreamData	8	ppsspp-hle.func.list
08a7681c	zz_sceAtracSetLoopNum	8	ppsspp-hle.func.list
08a76824	zz_sceAtracGetRemainFrame	8	ppsspp-hle.func.list
08a7682c	zz_sceAtracGetInternalErrorInfo	8	ppsspp-hle.func.list
08a76834	zz_sceNetGetLocalEtherAddr	8	ppsspp-hle.func.list
08a7683c	zz_sceNetTerm	8	ppsspp-hle.func.list
08a76844	zz_sceNetInit	8	ppsspp-hle.func.list
08a7684c	zz_sceNetEtherNtostr	8	ppsspp-hle.func.list
08a76854	zz_sceNetAdhocctlTerm	8	ppsspp-hle.func.list
08a7685c	zz_sceNetAdhocctlInit	8	ppsspp-hle.func.list
08a76864	zz_sceNetAdhocctlAddHandler	8	ppsspp-hle.func.list
08a7686c	zz_sceNetAdhocctlDisconnect	8	ppsspp-hle.func.list
08a76874	zz_sceNetAdhocctlDelHandler	8	ppsspp-hle.func.list
08a7687c	zz_sceNetAdhocTerm	8	ppsspp-hle.func.list
08a76884	zz_sceNetAdhocInit	8	ppsspp-hle.func.list
08a7688c	zz_sceNetAdhocPdpCreate	8	ppsspp-hle.func.list
08a76894	zz_sceNetAdhocPdpDelete	8	ppsspp-hle.func.list
08a7689c	zz_sceNetAdhocPdpSend	8	ppsspp-hle.func.list
08a768a4	zz_sceNetAdhocGetPdpStat	8	ppsspp-hle.func.list
08a768ac	zz_sceNetAdhocPdpRecv	8	ppsspp-hle.func.list
08a768b4	zz_sceCtrlSetSamplingMode	8	ppsspp-hle.func.list
08a768bc	zz_sceCtrlPeekBufferPositive	8	ppsspp-hle.func.list
08a768c4	zz_sceCtrlSetSamplingCycle	8	ppsspp-hle.func.list
08a768cc	zz_sceKernelPowerTick	8	ppsspp-hle.func.list
08a768d4	zz_sceKernelPowerUnlock	8	ppsspp-hle.func.list
08a768dc	zz_sceKernelPowerLock	8	ppsspp-hle.func.list
08a768e4	zz_sceKernelExitGame	8	ppsspp-hle.func.list
08a768ec	zz_sceKernelRegisterExitCallback	8	ppsspp-hle.func.list
08a768f4	zz_sceKernelLoadExec	8	ppsspp-hle.func.list
08a768fc	zz_sceImposeGetLanguageMode	8	ppsspp-hle.func.list
08a76904	zz_sceImposeSetLanguageMode	8	ppsspp-hle.func.list
08a7690c	zz_sceOpenPSIDGetOpenPSID	8	ppsspp-hle.func.list
08a76914	zz_sceKernelSetGPO	8	ppsspp-hle.func.list
08a7691c	zz_sceKernelLibcGettimeofday	8	ppsspp-hle.func.list
08a76924	zz_sceKernelLibcClock	8	ppsspp-hle.func.list
08a7692c	zz_sceKernelLibcTime	8	ppsspp-hle.func.list
08a76934	zz_sceKernelGetGPI	8	ppsspp-hle.func.list
08a7693c	zz_sceKernelDcacheWritebackAll	8	ppsspp-hle.func.list
08a76944	zz_sceKernelDcacheWritebackInvalidateAll	8	ppsspp-hle.func.list
08a7694c	zz_sceKernelDcacheWritebackInvalidateRange	8	ppsspp-hle.func.list
08a76954	zz_sceKernelDcacheWritebackRange	8	ppsspp-hle.func.list
08a7695c	zz_sceKernelStartVTimer	8	ppsspp-hle.func.list
08a76964	zz_sceKernelSetEventFlag	8	ppsspp-hle.func.list
08a7696c	zz_sceKernelSetVTimerHandler	8	ppsspp-hle.func.list
08a76974	zz_sceKernelCreateVTimer	8	ppsspp-hle.func.list
08a7697c	zz_sceKernelChangeCurrentThreadAttr	8	ppsspp-hle.func.list
08a76984	zz_sceKernelDeleteEventFlag	8	ppsspp-hle.func.list
08a7698c	zz_sceKernelStartThread	8	ppsspp-hle.func.list
08a76994	zz_sceKernelWaitThreadEnd	8	ppsspp-hle.func.list
08a7699c	zz_sceKernelGetThreadId	8	ppsspp-hle.func.list
08a769a4	zz_sceKernelGetSystemTimeLow	8	ppsspp-hle.func.list
08a769ac	zz_sceKernelSignalSema	8	ppsspp-hle.func.list
08a769b4	zz_sceKernelWaitEventFlag	8	ppsspp-hle.func.list
08a769bc	zz_sceKernelCreateThread	8	ppsspp-hle.func.list
08a769c4	zz_sceKernelWaitSema	8	ppsspp-hle.func.list
08a769cc	zz_sceKernelCreateEventFlag	8	ppsspp-hle.func.list
08a769d4	zz_sceKernelUSec2SysClock	8	ppsspp-hle.func.list
08a769dc	zz_sceKernelClearEventFlag	8	ppsspp-hle.func.list
08a769e4	zz_sceKernelGetSystemTimeWide	8	ppsspp-hle.func.list
08a769ec	zz_sceKernelReferThreadStatus	8	ppsspp-hle.func.list
08a769f4	zz_sceKernelRotateThreadReadyQueue	8	ppsspp-hle.func.list
08a769fc	zz_sceKernelExitThread	8	ppsspp-hle.func.list
08a76a04	zz_sceKernelDelayThread	8	ppsspp-hle.func.list
08a76a0c	zz_sceKernelWakeupThread	8	ppsspp-hle.func.list
08a76a14	zz_sceKernelCreateSema	8	ppsspp-hle.func.list
08a76a1c	zz_sceKernelGetSystemTime	8	ppsspp-hle.func.list
08a76a24	zz_sceKernelCreateCallback	8	ppsspp-hle.func.list
08a76a2c	zz_sceKernelDeleteFpl	8	ppsspp-hle.func.list
08a76a34	zz_sceKernelFreeFpl	8	ppsspp-hle.func.list
08a76a3c	zz_sceKernelDeleteMutex	8	ppsspp-hle.func.list
08a76a44	zz_sceKernelDeleteSema	8	ppsspp-hle.func.list
08a76a4c	zz_sceKernelPollEventFlag	8	ppsspp-hle.func.list
08a76a54	zz_sceKernelCheckCallback	8	ppsspp-hle.func.list
08a76a5c	zz_sceKernelTerminateDeleteThread	8	ppsspp-hle.func.list
08a76a64	zz_sceKernelTryAllocateFpl	8	ppsspp-hle.func.list
08a76a6c	zz_sceKernelDelayThreadCB	8	ppsspp-hle.func.list
08a76a74	zz_sceKernelUnlockMutex	8	ppsspp-hle.func.list
08a76a7c	zz_sceKernelWaitSemaCB	8	ppsspp-hle.func.list
08a76a84	zz_sceKernelChangeThreadPriority	8	ppsspp-hle.func.list
08a76a8c	zz_sceKernelResumeThread	8	ppsspp-hle.func.list
08a76a94	zz_sceKernelExitDeleteThread	8	ppsspp-hle.func.list
08a76a9c	zz_sceKernelSleepThreadCB	8	ppsspp-hle.func.list
08a76aa4	zz_sceKernelGetThreadmanIdList	8	ppsspp-hle.func.list
08a76aac	zz_sceKernelSuspendThread	8	ppsspp-hle.func.list
08a76ab4	zz_sceKernelDeleteThread	8	ppsspp-hle.func.list
08a76abc	zz_sceKernelLockMutex	8	ppsspp-hle.func.list
08a76ac4	zz_sceKernelCreateMutex	8	ppsspp-hle.func.list
08a76acc	zz_sceKernelReferSemaStatus	8	ppsspp-hle.func.list
08a76ad4	zz_sceKernelCreateFpl	8	ppsspp-hle.func.list
08a76adc	zz_sceKernelSendMbx	8	ppsspp-hle.func.list
08a76ae4	zz_sceKernelResumeDispatchThread	8	ppsspp-hle.func.list
08a76aec	zz_sceKernelSuspendDispatchThread	8	ppsspp-hle.func.list
08a76af4	zz_sceKernelCreateVpl	8	ppsspp-hle.func.list
08a76afc	zz_sceKernelPollSema	8	ppsspp-hle.func.list
08a76b04	zz_sceKernelCreateMbx	8	ppsspp-hle.func.list
08a76b0c	zz_sceKernelDeleteMbx	8	ppsspp-hle.func.list
08a76b14	zz_sceKernelDeleteVpl	8	ppsspp-hle.func.list
08a76b1c	zz_sceKernelGetThreadCurrentPriority	8	ppsspp-hle.func.list
08a76b24	zz_sceKernelReceiveMbx	8	ppsspp-hle.func.list
08a76b2c	zz_sceKernelFreeVpl	8	ppsspp-hle.func.list
08a76b34	zz_sceKernelSysClock2USec	8	ppsspp-hle.func.list
08a76b3c	zz_sceKernelAllocateVpl	8	ppsspp-hle.func.list
08a76b44	zz_sceKernelTryLockMutex	8	ppsspp-hle.func.list
08a76b4c	zz_sceKernelPrintf	8	ppsspp-hle.func.list
08a76b54	zz_sceKernelAllocPartitionMemory	8	ppsspp-hle.func.list
08a76b5c	zz_sceKernelSetCompiledSdkVersion370	8	ppsspp-hle.func.list
08a76b64	zz_sceKernelGetBlockHeadAddr	8	ppsspp-hle.func.list
08a76b6c	zz_sceKernelFreePartitionMemory	8	ppsspp-hle.func.list
08a76b74	zz_sceKernelSetCompilerVersion	8	ppsspp-hle.func.list
08a76b7c	zz_sceKernelTotalFreeMemSize	8	ppsspp-hle.func.list
08a76b84	zz_sceKernelMaxFreeMemSize	8	ppsspp-hle.func.list
08a76b8c	zz_sceKernelStdin	8	ppsspp-hle.func.list
08a76b94	zz_sceKernelStdout	8	ppsspp-hle.func.list
08a76b9c	zz_sceKernelStderr	8	ppsspp-hle.func.list
08a76ba4	zz_sceKernelUnloadModule	8	ppsspp-hle.func.list
08a76bac	zz_sceKernelGetModuleIdByAddress	8	ppsspp-hle.func.list
08a76bb4	zz_sceKernelGetModuleId	8	ppsspp-hle.func.list
08a76bbc	zz_sceKernelStopUnloadSelfModuleWithStatus	8	ppsspp-hle.func.list
08a76bc4	zz_sceKernelStopModule	8	ppsspp-hle.func.list
08a76bcc	zz_sceKernelStartModule	8	ppsspp-hle.func.list
08a76bd4	zz_sceKernelLoadModule	8	ppsspp-hle.func.list
08a76bdc	zz_sceKernelCpuSuspendIntr	8	ppsspp-hle.func.list
08a76be4	zz_sceKernelCpuResumeIntr	8	ppsspp-hle.func.list
08a76bec	zz_sceKernelIsCpuIntrEnable	8	ppsspp-hle.func.list
08a76bf4	zz_sceIoWrite	8	ppsspp-hle.func.list
08a76bfc	zz_sceIoRead	8	ppsspp-hle.func.list
08a76c04	zz_sceIoRename	8	ppsspp-hle.func.list
08a76c0c	zz_sceIoClose	8	ppsspp-hle.func.list
08a76c14	zz_sceIoOpen	8	ppsspp-hle.func.list
08a76c1c	zz_sceIoLseek	8	ppsspp-hle.func.list
08a76c24	zz_sceIoMkdir	8	ppsspp-hle.func.list
08a76c2c	zz_sceIoDevctl	8	ppsspp-hle.func.list
08a76c34	zz_sceIoReadAsync	8	ppsspp-hle.func.list
08a76c3c	zz_sceIoGetstat	8	ppsspp-hle.func.list
08a76c44	zz_sceIoChangeAsyncPriority	8	ppsspp-hle.func.list
08a76c4c	zz_sceIoDopen	8	ppsspp-hle.func.list
08a76c54	zz_sceIoDread	8	ppsspp-hle.func.list
08a76c5c	zz_sceIoWriteAsync	8	ppsspp-hle.func.list
08a76c64	zz_sceIoDclose	8	ppsspp-hle.func.list
08a76c6c	zz_sceIoRemove	8	ppsspp-hle.func.list
08a76c74	zz_sceIoRmdir	8	ppsspp-hle.func.list
08a76c7c	zz_sceIoPollAsync	8	ppsspp-hle.func.list
08a76c84	zz_sceIoWaitAsyncCB	8	ppsspp-hle.func.list
08a76c8c	zz_sceGeListSync	8	ppsspp-hle.func.list
08a76c94	zz_sceGeUnsetCallback	8	ppsspp-hle.func.list
08a76c9c	zz_sceGeListEnQueueHead	8	ppsspp-hle.func.list
08a76ca4	zz_sceGeContinue	8	ppsspp-hle.func.list
08a76cac	zz_sceGeSetCallback	8	ppsspp-hle.func.list
08a76cb4	zz_sceGeListEnQueue	8	ppsspp-hle.func.list
08a76cbc	zz_sceGeDrawSync	8	ppsspp-hle.func.list
08a76cc4	zz_sceGeBreak	8	ppsspp-hle.func.list
08a76ccc	zz_sceGeListUpdateStallAddr	8	ppsspp-hle.func.list
08a76cd4	zz_sceGeEdramGetAddr	8	ppsspp-hle.func.list
08a76cdc	zz_sceDisplaySetMode	8	ppsspp-hle.func.list
08a76ce4	zz_sceDisplaySetFrameBuf	8	ppsspp-hle.func.list
08a76cec	zz_sceDisplayWaitVblankStartCB	8	ppsspp-hle.func.list
08a76cf4	zz_sceDisplayGetVcount	8	ppsspp-hle.func.list
