# PPSSPP's own auto-detected symbols for psp-pulse-usa, harvested live over its
# websocket debugger's `hle.func.list` (docs/reverse-engineering/ppsspp-debugger.md),
# PPSSPP v1.20.4, 2026-09-09.
#
# Provenance: PPSSPP's own HLE-syscall detection and hash-matched
# function-replacement database, not a documented reading. **These rows
# have no evidence page and MUST NOT be merged into names.tsv** - see
# scripts/harvest-ppsspp-symbols.py's own docstring and
# docs/reverse-engineering/ppsspp-symbol-bridge.md.
#
# address	name	size	source
0x088107f0	dl_write_framebuffer_ptr	280	ppsspp-hle.func.list
0x088116c0	sceGuClutMode	60	ppsspp-hle.func.list
0x088116fc	dl_write_clut_ptrload	76	ppsspp-hle.func.list
0x08811748	sceGuFog	132	ppsspp-hle.func.list
0x088117cc	sceGuColorFunc	72	ppsspp-hle.func.list
0x0881197c	sceGuBlendFunc	88	ppsspp-hle.func.list
0x088119d4	sceGuBoneMatrix	200	ppsspp-hle.func.list
0x08811b58	sceGupSetStatus	524	ppsspp-hle.func.list
0x08811d64	sceGupSetMatrix	772	ppsspp-hle.func.list
0x088126ac	sceGupMaterial	144	ppsspp-hle.func.list
0x0881273c	sceGupFrontFace	44	ppsspp-hle.func.list
0x08812768	sceGupLight	148	ppsspp-hle.func.list
0x088127fc	dl_write_light_color	192	ppsspp-hle.func.list
0x08812900	sceGupTexMode	68	ppsspp-hle.func.list
0x08812944	sceGupScissor	128	ppsspp-hle.func.list
0x088129c4	sceGupShadeModel	44	ppsspp-hle.func.list
0x08812ba8	_sceGuUpdateStallAddr	88	ppsspp-hle.func.list
0x08833edc	expensive_wipeout_pulse	1064	ppsspp-hle.func.list
0x08972860	qsort	2388	ppsspp-hle.func.list
0x089731f8	memcmp	76	ppsspp-hle.func.list
0x08973244	memmove	148	ppsspp-hle.func.list
0x089732d8	strcasecmp	184	ppsspp-hle.func.list
0x08973390	strcat	92	ppsspp-hle.func.list
0x089733ec	strchr	56	ppsspp-hle.func.list
0x08973424	strcmp	52	ppsspp-hle.func.list
0x08973458	strcpy	68	ppsspp-hle.func.list
0x0897349c	strlen	36	ppsspp-hle.func.list
0x089734c0	strlwr	96	ppsspp-hle.func.list
0x08973520	strncasecmp	236	ppsspp-hle.func.list
0x0897360c	strncat	88	ppsspp-hle.func.list
0x08973664	strncmp	100	ppsspp-hle.func.list
0x089736c8	strncpy	96	ppsspp-hle.func.list
0x08973770	strrchr	60	ppsspp-hle.func.list
0x089737ac	strstr	104	ppsspp-hle.func.list
0x08973814	_strtod_r	4380	ppsspp-hle.func.list
0x08974958	strlwr	96	ppsspp-hle.func.list
0x08978640	_malloc_r	1588	ppsspp-hle.func.list
0x08978c74	_free_r	684	ppsspp-hle.func.list
0x089790d0	_strtol_r	464	ppsspp-hle.func.list
0x089793a4	floor	600	ppsspp-hle.func.list
0x0897bae8	memchr	68	ppsspp-hle.func.list
0x0897c784	__extendsfdf2	76	ppsspp-hle.func.list
0x0897cb18	__adddf3	104	ppsspp-hle.func.list
0x0897cb80	__subdf3	116	ppsspp-hle.func.list
0x0897cbf4	__muldf3	888	ppsspp-hle.func.list
0x0897d39c	__negdf2	68	ppsspp-hle.func.list
0x0897dc0c	fabs	56	ppsspp-hle.func.list
0x0897dc44	atanf	736	ppsspp-hle.func.list
0x0897df24	ceilf	268	ppsspp-hle.func.list
0x0897e030	cosf	272	ppsspp-hle.func.list
0x0897e140	fabsf	24	ppsspp-hle.func.list
0x0897e158	floorf	276	ppsspp-hle.func.list
0x0897e300	sinf	276	ppsspp-hle.func.list
0x0897e414	tanf	148	ppsspp-hle.func.list
0x0897e4a8	acos	352	ppsspp-hle.func.list
0x0897e608	pow	1936	ppsspp-hle.func.list
0x0897f008	atan2f	356	ppsspp-hle.func.list
0x0897f16c	expf	540	ppsspp-hle.func.list
0x0897f388	fmodf	416	ppsspp-hle.func.list
0x0897f528	logf	420	ppsspp-hle.func.list
0x0897f6cc	powf	2028	ppsspp-hle.func.list
0x0897fef0	rint	676	ppsspp-hle.func.list
0x08980194	finitef	32	ppsspp-hle.func.list
0x08980274	scalbnf	444	ppsspp-hle.func.list
0x089859e0	isnan	68	ppsspp-hle.func.list
0x08985a24	isnanf	32	ppsspp-hle.func.list
0x08985a44	scalbn	656	ppsspp-hle.func.list
0x08985cd4	copysignf	40	ppsspp-hle.func.list
0x08985d08	copysign	80	ppsspp-hle.func.list
0x08985ff8	sceVfpuMatrix4Transform	40	ppsspp-hle.func.list
0x08986020	sceVfpuMatrix4Mul	64	ppsspp-hle.func.list
0x08a2aa84	sqrtf	336	ppsspp-hle.func.list
0x08a6b4e0	strtok_r	184	ppsspp-hle.func.list
0x08a76a3c	zz_sceNpTerm	8	ppsspp-hle.func.list
0x08a76a44	zz_sceNpGetNpId	8	ppsspp-hle.func.list
0x08a76a4c	zz_sceNpInit	8	ppsspp-hle.func.list
0x08a76a54	zz_sceNpServiceTerm	8	ppsspp-hle.func.list
0x08a76a5c	zz_sceNpServiceInit	8	ppsspp-hle.func.list
0x08a76a64	zz_sceNpRosterGetFriendListEntry	8	ppsspp-hle.func.list
0x08a76a6c	zz_sceNpRosterGetBlockListEntry	8	ppsspp-hle.func.list
0x08a76a74	zz_sceNpRosterGetFriendListEntryCount	8	ppsspp-hle.func.list
0x08a76a7c	zz_sceNpRosterDeleteRequest	8	ppsspp-hle.func.list
0x08a76a84	zz_sceNpRosterAddFriendListEntry	8	ppsspp-hle.func.list
0x08a76a8c	zz_sceNpRosterGetBlockListEntryCount	8	ppsspp-hle.func.list
0x08a76a94	zz_sceNpRosterCreateRequest	8	ppsspp-hle.func.list
0x08a76a9c	zz_sceNpAuthGetTicket	8	ppsspp-hle.func.list
0x08a76aa4	zz_sceNpAuthTerm	8	ppsspp-hle.func.list
0x08a76aac	zz_sceNpAuthInit	8	ppsspp-hle.func.list
0x08a76ab4	zz_sceNpAuthCreateStartRequest	8	ppsspp-hle.func.list
0x08a76abc	zz_sceSslEnd	8	ppsspp-hle.func.list
0x08a76ac4	zz_sceSslInit	8	ppsspp-hle.func.list
0x08a76acc	zz_sceHttpSaveSystemCookie	8	ppsspp-hle.func.list
0x08a76ad4	zz_sceHttpsLoadDefaultCert	8	ppsspp-hle.func.list
0x08a76adc	zz_sceHttpInit	8	ppsspp-hle.func.list
0x08a76ae4	zz_sceHttpEnd	8	ppsspp-hle.func.list
0x08a76aec	zz_sceHttpsInit	8	ppsspp-hle.func.list
0x08a76af4	zz_sceHttpLoadSystemCookie	8	ppsspp-hle.func.list
0x08a76afc	zz_sceHttpsEnd	8	ppsspp-hle.func.list
0x08a76b04	zz_sceWlanGetEtherAddr	8	ppsspp-hle.func.list
0x08a76b0c	zz_sceNetApctlDisconnect	8	ppsspp-hle.func.list
0x08a76b14	zz_sceNetApctlDelHandler	8	ppsspp-hle.func.list
0x08a76b1c	zz_sceNetApctlAddHandler	8	ppsspp-hle.func.list
0x08a76b24	zz_sceNetApctlTerm	8	ppsspp-hle.func.list
0x08a76b2c	zz_sceNetApctlInit	8	ppsspp-hle.func.list
0x08a76b34	zz_sceNetApctlGetInfo	8	ppsspp-hle.func.list
0x08a76b3c	zz_sceNetResolverTerm	8	ppsspp-hle.func.list
0x08a76b44	zz_sceNetResolverInit	8	ppsspp-hle.func.list
0x08a76b4c	zz_sceNetResolverStartNtoA	8	ppsspp-hle.func.list
0x08a76b54	zz_sceNetResolverCreate	8	ppsspp-hle.func.list
0x08a76b5c	zz_sceNetResolverDelete	8	ppsspp-hle.func.list
0x08a76b64	zz_sceNetInetInit	8	ppsspp-hle.func.list
0x08a76b6c	zz_sceNetInetTerm	8	ppsspp-hle.func.list
0x08a76b74	zz_sceNetInetSendto	8	ppsspp-hle.func.list
0x08a76b7c	zz_sceNetInetGetsockname	8	ppsspp-hle.func.list
0x08a76b84	zz_sceNetInetBind	8	ppsspp-hle.func.list
0x08a76b8c	zz_sceNetInetInetAton	8	ppsspp-hle.func.list
0x08a76b94	zz_sceNetInetSetsockopt	8	ppsspp-hle.func.list
0x08a76b9c	zz_sceNetInetConnect	8	ppsspp-hle.func.list
0x08a76ba4	zz_sceNetInetGetsockopt	8	ppsspp-hle.func.list
0x08a76bac	zz_sceNetInetSelect	8	ppsspp-hle.func.list
0x08a76bb4	zz_sceNetInetSend	8	ppsspp-hle.func.list
0x08a76bbc	zz_sceNetInetSocket	8	ppsspp-hle.func.list
0x08a76bc4	zz_sceNetInetClose	8	ppsspp-hle.func.list
0x08a76bcc	zz_sceNetInetInetAddr	8	ppsspp-hle.func.list
0x08a76bd4	zz_sceNetInetRecvfrom	8	ppsspp-hle.func.list
0x08a76bdc	zz_sceNetInetRecv	8	ppsspp-hle.func.list
0x08a76be4	zz_sceNetInetInetNtop	8	ppsspp-hle.func.list
0x08a76bec	zz_sceNetInetGetErrno	8	ppsspp-hle.func.list
0x08a76bf4	zz___sceSasSetADSR	8	ppsspp-hle.func.list
0x08a76bfc	zz___sceSasGetAllEnvelopeHeights	8	ppsspp-hle.func.list
0x08a76c04	zz___sceSasRevParam	8	ppsspp-hle.func.list
0x08a76c0c	zz___sceSasGetPauseFlag	8	ppsspp-hle.func.list
0x08a76c14	zz___sceSasRevType	8	ppsspp-hle.func.list
0x08a76c1c	zz___sceSasInit	8	ppsspp-hle.func.list
0x08a76c24	zz___sceSasSetVolume	8	ppsspp-hle.func.list
0x08a76c2c	zz___sceSasCoreWithMix	8	ppsspp-hle.func.list
0x08a76c34	zz___sceSasSetSL	8	ppsspp-hle.func.list
0x08a76c3c	zz___sceSasGetEndFlag	8	ppsspp-hle.func.list
0x08a76c44	zz___sceSasGetEnvelopeHeight	8	ppsspp-hle.func.list
0x08a76c4c	zz___sceSasSetKeyOn	8	ppsspp-hle.func.list
0x08a76c54	zz___sceSasSetPause	8	ppsspp-hle.func.list
0x08a76c5c	zz___sceSasSetVoice	8	ppsspp-hle.func.list
0x08a76c64	zz___sceSasSetADSRmode	8	ppsspp-hle.func.list
0x08a76c6c	zz___sceSasSetKeyOff	8	ppsspp-hle.func.list
0x08a76c74	zz___sceSasCore	8	ppsspp-hle.func.list
0x08a76c7c	zz___sceSasSetPitch	8	ppsspp-hle.func.list
0x08a76c84	zz___sceSasSetNoise	8	ppsspp-hle.func.list
0x08a76c8c	zz___sceSasGetGrain	8	ppsspp-hle.func.list
0x08a76c94	zz___sceSasSetSimpleADSR	8	ppsspp-hle.func.list
0x08a76c9c	zz___sceSasSetGrain	8	ppsspp-hle.func.list
0x08a76ca4	zz___sceSasRevEVOL	8	ppsspp-hle.func.list
0x08a76cac	zz___sceSasGetOutputmode	8	ppsspp-hle.func.list
0x08a76cb4	zz___sceSasSetOutputmode	8	ppsspp-hle.func.list
0x08a76cbc	zz___sceSasRevVON	8	ppsspp-hle.func.list
0x08a76cc4	zz_sceNpDrmEdataSetupKey	8	ppsspp-hle.func.list
0x08a76ccc	zz_sceAudioOutput2Reserve	8	ppsspp-hle.func.list
0x08a76cd4	zz_sceAudioOutput2OutputBlocking	8	ppsspp-hle.func.list
0x08a76cdc	zz_sceAudioOutput2Release	8	ppsspp-hle.func.list
0x08a76ce4	zz_sceAudioOutput2ChangeLength	8	ppsspp-hle.func.list
0x08a76cec	zz_sceAudioOutputBlocking	8	ppsspp-hle.func.list
0x08a76cf4	zz_sceAudioOutputPannedBlocking	8	ppsspp-hle.func.list
0x08a76cfc	zz_sceAudioChReserve	8	ppsspp-hle.func.list
0x08a76d04	zz_sceAudioChRelease	8	ppsspp-hle.func.list
0x08a76d0c	zz_sceAudioChangeChannelConfig	8	ppsspp-hle.func.list
0x08a76d14	zz_sceAudioGetChannelRestLength	8	ppsspp-hle.func.list
0x08a76d1c	zz_sceAudioChangeChannelVolume	8	ppsspp-hle.func.list
0x08a76d24	zz_sceAudioSetChannelDataLen	8	ppsspp-hle.func.list
0x08a76d2c	zz_sceAudioOutputPanned	8	ppsspp-hle.func.list
0x08a76d34	zz_sceHprmIsRemoteExist	8	ppsspp-hle.func.list
0x08a76d3c	zz_sceHprmReadLatch	8	ppsspp-hle.func.list
0x08a76d44	zz_sceMp3ReserveMp3Handle	8	ppsspp-hle.func.list
0x08a76d4c	zz_sceMp3NotifyAddStreamData	8	ppsspp-hle.func.list
0x08a76d54	zz_sceMp3ResetPlayPosition	8	ppsspp-hle.func.list
0x08a76d5c	zz_sceMp3GetSumDecodedSample	8	ppsspp-hle.func.list
0x08a76d64	zz_sceMp3InitResource	8	ppsspp-hle.func.list
0x08a76d6c	zz_sceMp3TermResource	8	ppsspp-hle.func.list
0x08a76d74	zz_sceMp3SetLoopNum	8	ppsspp-hle.func.list
0x08a76d7c	zz_sceMp3Init	8	ppsspp-hle.func.list
0x08a76d84	zz_sceMp3GetInfoToAddStreamData	8	ppsspp-hle.func.list
0x08a76d8c	zz_sceMp3Decode	8	ppsspp-hle.func.list
0x08a76d94	zz_sceMp3CheckStreamDataNeeded	8	ppsspp-hle.func.list
0x08a76d9c	zz_sceMp3GetLoopNum	8	ppsspp-hle.func.list
0x08a76da4	zz_sceMp3ReleaseMp3Handle	8	ppsspp-hle.func.list
0x08a76dac	zz_sceNetAdhocMatchingInit	8	ppsspp-hle.func.list
0x08a76db4	zz_sceNetAdhocMatchingTerm	8	ppsspp-hle.func.list
0x08a76dbc	zz_scePowerRegisterCallback	8	ppsspp-hle.func.list
0x08a76dc4	zz_sceRtcGetCurrentTick	8	ppsspp-hle.func.list
0x08a76dcc	zz_sceRtcGetTime64_t	8	ppsspp-hle.func.list
0x08a76dd4	zz_sceRtcGetCurrentClockLocalTime	8	ppsspp-hle.func.list
0x08a76ddc	zz_sceUtilityHtmlViewerUpdate	8	ppsspp-hle.func.list
0x08a76de4	zz_sceUtilityLoadModule	8	ppsspp-hle.func.list
0x08a76dec	zz_sceUtilityMsgDialogInitStart	8	ppsspp-hle.func.list
0x08a76df4	zz_sceUtilityNetconfInitStart	8	ppsspp-hle.func.list
0x08a76dfc	zz_sceUtilitySavedataInitStart	8	ppsspp-hle.func.list
0x08a76e04	zz_sceUtilityNetconfGetStatus	8	ppsspp-hle.func.list
0x08a76e0c	zz_sceUtilityMsgDialogShutdownStart	8	ppsspp-hle.func.list
0x08a76e14	zz_sceUtilityGameSharingUpdate	8	ppsspp-hle.func.list
0x08a76e1c	zz_sceUtilitySavedataGetStatus	8	ppsspp-hle.func.list
0x08a76e24	zz_sceUtilityNetconfUpdate	8	ppsspp-hle.func.list
0x08a76e2c	zz_sceUtilityGameSharingGetStatus	8	ppsspp-hle.func.list
0x08a76e34	zz_sceUtilityMsgDialogUpdate	8	ppsspp-hle.func.list
0x08a76e3c	zz_sceUtilitySavedataShutdownStart	8	ppsspp-hle.func.list
0x08a76e44	zz_sceUtilityMsgDialogGetStatus	8	ppsspp-hle.func.list
0x08a76e4c	zz_sceUtilityGetSystemParamInt	8	ppsspp-hle.func.list
0x08a76e54	zz_sceUtilityHtmlViewerGetStatus	8	ppsspp-hle.func.list
0x08a76e5c	zz_sceUtilityGameSharingInitStart	8	ppsspp-hle.func.list
0x08a76e64	zz_sceUtilityHtmlViewerInitStart	8	ppsspp-hle.func.list
0x08a76e6c	zz_sceUtilitySavedataUpdate	8	ppsspp-hle.func.list
0x08a76e74	zz_sceUtilityUnloadModule	8	ppsspp-hle.func.list
0x08a76e7c	zz_sceUtilityGameSharingShutdownStart	8	ppsspp-hle.func.list
0x08a76e84	zz_sceUtilityHtmlViewerShutdownStart	8	ppsspp-hle.func.list
0x08a76e8c	zz_sceUtilityNetconfShutdownStart	8	ppsspp-hle.func.list
0x08a76e94	zz_sceUtilityNpSigninInitStart	8	ppsspp-hle.func.list
0x08a76e9c	zz_sceUtilityGetSystemParamString	8	ppsspp-hle.func.list
0x08a76ea4	zz_sceUtilityNpSigninGetStatus	8	ppsspp-hle.func.list
0x08a76eac	zz_sceUtilityNpSigninShutdownStart	8	ppsspp-hle.func.list
0x08a76eb4	zz_sceUtilityNpSigninUpdate	8	ppsspp-hle.func.list
0x08a76ebc	zz_sceUmdCheckMedium	8	ppsspp-hle.func.list
0x08a76ec4	zz_sceUmdWaitDriveStatCB	8	ppsspp-hle.func.list
0x08a76ecc	zz_sceUmdGetDriveStat	8	ppsspp-hle.func.list
0x08a76ed4	zz_sceUmdWaitDriveStat	8	ppsspp-hle.func.list
0x08a76edc	zz_sceUmdRegisterUMDCallBack	8	ppsspp-hle.func.list
0x08a76ee4	zz_sceUmdActivate	8	ppsspp-hle.func.list
0x08a76eec	zz_sceMpegAvcDecode	8	ppsspp-hle.func.list
0x08a76ef4	zz_sceMpegRingbufferDestruct	8	ppsspp-hle.func.list
0x08a76efc	zz_sceMpegInitAu	8	ppsspp-hle.func.list
0x08a76f04	zz_sceMpegQueryStreamOffset	8	ppsspp-hle.func.list
0x08a76f0c	zz_sceMpegRingbufferConstruct	8	ppsspp-hle.func.list
0x08a76f14	zz_sceMpegRegistStream	8	ppsspp-hle.func.list
0x08a76f1c	zz_sceMpegUnRegistStream	8	ppsspp-hle.func.list
0x08a76f24	zz_sceMpegDelete	8	ppsspp-hle.func.list
0x08a76f2c	zz_sceMpegQueryStreamSize	8	ppsspp-hle.func.list
0x08a76f34	zz_sceMpegInit	8	ppsspp-hle.func.list
0x08a76f3c	zz_sceMpegAvcDecodeStop	8	ppsspp-hle.func.list
0x08a76f44	zz_sceMpegAtracDecode	8	ppsspp-hle.func.list
0x08a76f4c	zz_sceMpegFinish	8	ppsspp-hle.func.list
0x08a76f54	zz_sceMpegMallocAvcEsBuf	8	ppsspp-hle.func.list
0x08a76f5c	zz_sceMpegRingbufferPut	8	ppsspp-hle.func.list
0x08a76f64	zz_sceMpegRingbufferAvailableSize	8	ppsspp-hle.func.list
0x08a76f6c	zz_sceMpegQueryMemSize	8	ppsspp-hle.func.list
0x08a76f74	zz_sceMpegFreeAvcEsBuf	8	ppsspp-hle.func.list
0x08a76f7c	zz_sceMpegRingbufferQueryMemSize	8	ppsspp-hle.func.list
0x08a76f84	zz_sceMpegCreate	8	ppsspp-hle.func.list
0x08a76f8c	zz_sceMpegGetAtracAu	8	ppsspp-hle.func.list
0x08a76f94	zz_sceMpegQueryAtracEsSize	8	ppsspp-hle.func.list
0x08a76f9c	zz_sceMpegGetAvcAu	8	ppsspp-hle.func.list
0x08a76fa4	zz_sceAtracGetStreamDataInfo	8	ppsspp-hle.func.list
0x08a76fac	zz_sceAtracReleaseAtracID	8	ppsspp-hle.func.list
0x08a76fb4	zz_sceAtracDecodeData	8	ppsspp-hle.func.list
0x08a76fbc	zz_sceAtracSetDataAndGetID	8	ppsspp-hle.func.list
0x08a76fc4	zz_sceAtracAddStreamData	8	ppsspp-hle.func.list
0x08a76fcc	zz_sceAtracSetLoopNum	8	ppsspp-hle.func.list
0x08a76fd4	zz_sceAtracGetRemainFrame	8	ppsspp-hle.func.list
0x08a76fdc	zz_sceAtracGetInternalErrorInfo	8	ppsspp-hle.func.list
0x08a76fe4	zz_sceNetGetLocalEtherAddr	8	ppsspp-hle.func.list
0x08a76fec	zz_sceNetTerm	8	ppsspp-hle.func.list
0x08a76ff4	zz_sceNetInit	8	ppsspp-hle.func.list
0x08a76ffc	zz_sceNetEtherNtostr	8	ppsspp-hle.func.list
0x08a77004	zz_sceNetAdhocctlTerm	8	ppsspp-hle.func.list
0x08a7700c	zz_sceNetAdhocctlInit	8	ppsspp-hle.func.list
0x08a77014	zz_sceNetAdhocctlAddHandler	8	ppsspp-hle.func.list
0x08a7701c	zz_sceNetAdhocctlDisconnect	8	ppsspp-hle.func.list
0x08a77024	zz_sceNetAdhocctlDelHandler	8	ppsspp-hle.func.list
0x08a7702c	zz_sceNetAdhocTerm	8	ppsspp-hle.func.list
0x08a77034	zz_sceNetAdhocInit	8	ppsspp-hle.func.list
0x08a7703c	zz_sceNetAdhocPdpCreate	8	ppsspp-hle.func.list
0x08a77044	zz_sceNetAdhocPdpDelete	8	ppsspp-hle.func.list
0x08a7704c	zz_sceNetAdhocPdpSend	8	ppsspp-hle.func.list
0x08a77054	zz_sceNetAdhocGetPdpStat	8	ppsspp-hle.func.list
0x08a7705c	zz_sceNetAdhocPdpRecv	8	ppsspp-hle.func.list
0x08a77064	zz_sceCtrlSetSamplingMode	8	ppsspp-hle.func.list
0x08a7706c	zz_sceCtrlPeekBufferPositive	8	ppsspp-hle.func.list
0x08a77074	zz_sceCtrlSetSamplingCycle	8	ppsspp-hle.func.list
0x08a7707c	zz_sceKernelPowerTick	8	ppsspp-hle.func.list
0x08a77084	zz_sceKernelPowerUnlock	8	ppsspp-hle.func.list
0x08a7708c	zz_sceKernelPowerLock	8	ppsspp-hle.func.list
0x08a77094	zz_sceKernelExitGame	8	ppsspp-hle.func.list
0x08a7709c	zz_sceKernelRegisterExitCallback	8	ppsspp-hle.func.list
0x08a770a4	zz_sceKernelLoadExec	8	ppsspp-hle.func.list
0x08a770ac	zz_sceImposeGetLanguageMode	8	ppsspp-hle.func.list
0x08a770b4	zz_sceImposeSetLanguageMode	8	ppsspp-hle.func.list
0x08a770bc	zz_sceOpenPSIDGetOpenPSID	8	ppsspp-hle.func.list
0x08a770c4	zz_sceKernelSetGPO	8	ppsspp-hle.func.list
0x08a770cc	zz_sceKernelLibcGettimeofday	8	ppsspp-hle.func.list
0x08a770d4	zz_sceKernelLibcClock	8	ppsspp-hle.func.list
0x08a770dc	zz_sceKernelLibcTime	8	ppsspp-hle.func.list
0x08a770e4	zz_sceKernelGetGPI	8	ppsspp-hle.func.list
0x08a770ec	zz_sceKernelDcacheWritebackAll	8	ppsspp-hle.func.list
0x08a770f4	zz_sceKernelDcacheWritebackInvalidateAll	8	ppsspp-hle.func.list
0x08a770fc	zz_sceKernelDcacheWritebackInvalidateRange	8	ppsspp-hle.func.list
0x08a77104	zz_sceKernelDcacheWritebackRange	8	ppsspp-hle.func.list
0x08a7710c	zz_sceKernelStartVTimer	8	ppsspp-hle.func.list
0x08a77114	zz_sceKernelDelayThread	8	ppsspp-hle.func.list
0x08a7711c	zz_sceKernelSetEventFlag	8	ppsspp-hle.func.list
0x08a77124	zz_sceKernelSetVTimerHandler	8	ppsspp-hle.func.list
0x08a7712c	zz_sceKernelCreateVTimer	8	ppsspp-hle.func.list
0x08a77134	zz_sceKernelChangeCurrentThreadAttr	8	ppsspp-hle.func.list
0x08a7713c	zz_sceKernelDeleteEventFlag	8	ppsspp-hle.func.list
0x08a77144	zz_sceKernelStartThread	8	ppsspp-hle.func.list
0x08a7714c	zz_sceKernelWaitThreadEnd	8	ppsspp-hle.func.list
0x08a77154	zz_sceKernelGetThreadId	8	ppsspp-hle.func.list
0x08a7715c	zz_sceKernelGetSystemTimeLow	8	ppsspp-hle.func.list
0x08a77164	zz_sceKernelSignalSema	8	ppsspp-hle.func.list
0x08a7716c	zz_sceKernelWaitEventFlag	8	ppsspp-hle.func.list
0x08a77174	zz_sceKernelCreateThread	8	ppsspp-hle.func.list
0x08a7717c	zz_sceKernelWaitSema	8	ppsspp-hle.func.list
0x08a77184	zz_sceKernelCreateEventFlag	8	ppsspp-hle.func.list
0x08a7718c	zz_sceKernelUSec2SysClock	8	ppsspp-hle.func.list
0x08a77194	zz_sceKernelClearEventFlag	8	ppsspp-hle.func.list
0x08a7719c	zz_sceKernelGetSystemTimeWide	8	ppsspp-hle.func.list
0x08a771a4	zz_sceKernelReferThreadStatus	8	ppsspp-hle.func.list
0x08a771ac	zz_sceKernelRotateThreadReadyQueue	8	ppsspp-hle.func.list
0x08a771b4	zz_sceKernelExitThread	8	ppsspp-hle.func.list
0x08a771bc	zz_sceKernelWakeupThread	8	ppsspp-hle.func.list
0x08a771c4	zz_sceKernelCreateSema	8	ppsspp-hle.func.list
0x08a771cc	zz_sceKernelGetSystemTime	8	ppsspp-hle.func.list
0x08a771d4	zz_sceKernelCreateCallback	8	ppsspp-hle.func.list
0x08a771dc	zz_sceKernelDeleteFpl	8	ppsspp-hle.func.list
0x08a771e4	zz_sceKernelFreeFpl	8	ppsspp-hle.func.list
0x08a771ec	zz_sceKernelDeleteMutex	8	ppsspp-hle.func.list
0x08a771f4	zz_sceKernelDeleteSema	8	ppsspp-hle.func.list
0x08a771fc	zz_sceKernelPollEventFlag	8	ppsspp-hle.func.list
0x08a77204	zz_sceKernelCheckCallback	8	ppsspp-hle.func.list
0x08a7720c	zz_sceKernelTerminateDeleteThread	8	ppsspp-hle.func.list
0x08a77214	zz_sceKernelTryAllocateFpl	8	ppsspp-hle.func.list
0x08a7721c	zz_sceKernelDelayThreadCB	8	ppsspp-hle.func.list
0x08a77224	zz_sceKernelUnlockMutex	8	ppsspp-hle.func.list
0x08a7722c	zz_sceKernelWaitSemaCB	8	ppsspp-hle.func.list
0x08a77234	zz_sceKernelChangeThreadPriority	8	ppsspp-hle.func.list
0x08a7723c	zz_sceKernelResumeThread	8	ppsspp-hle.func.list
0x08a77244	zz_sceKernelExitDeleteThread	8	ppsspp-hle.func.list
0x08a7724c	zz_sceKernelSleepThreadCB	8	ppsspp-hle.func.list
0x08a77254	zz_sceKernelGetThreadmanIdList	8	ppsspp-hle.func.list
0x08a7725c	zz_sceKernelSuspendThread	8	ppsspp-hle.func.list
0x08a77264	zz_sceKernelSleepThread	8	ppsspp-hle.func.list
0x08a7726c	zz_sceKernelDeleteThread	8	ppsspp-hle.func.list
0x08a77274	zz_sceKernelLockMutex	8	ppsspp-hle.func.list
0x08a7727c	zz_sceKernelCreateMutex	8	ppsspp-hle.func.list
0x08a77284	zz_sceKernelReferSemaStatus	8	ppsspp-hle.func.list
0x08a7728c	zz_sceKernelCreateFpl	8	ppsspp-hle.func.list
0x08a77294	zz_sceKernelSendMbx	8	ppsspp-hle.func.list
0x08a7729c	zz_sceKernelResumeDispatchThread	8	ppsspp-hle.func.list
0x08a772a4	zz_sceKernelSuspendDispatchThread	8	ppsspp-hle.func.list
0x08a772ac	zz_sceKernelCreateVpl	8	ppsspp-hle.func.list
0x08a772b4	zz_sceKernelPollSema	8	ppsspp-hle.func.list
0x08a772bc	zz_sceKernelCreateMbx	8	ppsspp-hle.func.list
0x08a772c4	zz_sceKernelDeleteMbx	8	ppsspp-hle.func.list
0x08a772cc	zz_sceKernelDeleteVpl	8	ppsspp-hle.func.list
0x08a772d4	zz_sceKernelGetThreadCurrentPriority	8	ppsspp-hle.func.list
0x08a772dc	zz_sceKernelReceiveMbx	8	ppsspp-hle.func.list
0x08a772e4	zz_sceKernelFreeVpl	8	ppsspp-hle.func.list
0x08a772ec	zz_sceKernelSysClock2USec	8	ppsspp-hle.func.list
0x08a772f4	zz_sceKernelAllocateVpl	8	ppsspp-hle.func.list
0x08a772fc	zz_sceKernelTryLockMutex	8	ppsspp-hle.func.list
0x08a77304	zz_sceKernelPrintf	8	ppsspp-hle.func.list
0x08a7730c	zz_sceKernelAllocPartitionMemory	8	ppsspp-hle.func.list
0x08a77314	zz_sceKernelSetCompiledSdkVersion370	8	ppsspp-hle.func.list
0x08a7731c	zz_sceKernelGetBlockHeadAddr	8	ppsspp-hle.func.list
0x08a77324	zz_sceKernelFreePartitionMemory	8	ppsspp-hle.func.list
0x08a7732c	zz_sceKernelSetCompilerVersion	8	ppsspp-hle.func.list
0x08a77334	zz_sceKernelTotalFreeMemSize	8	ppsspp-hle.func.list
0x08a7733c	zz_sceKernelMaxFreeMemSize	8	ppsspp-hle.func.list
0x08a77344	zz_sceKernelStdin	8	ppsspp-hle.func.list
0x08a7734c	zz_sceKernelStdout	8	ppsspp-hle.func.list
0x08a77354	zz_sceKernelStderr	8	ppsspp-hle.func.list
0x08a7735c	zz_sceKernelUnloadModule	8	ppsspp-hle.func.list
0x08a77364	zz_sceKernelGetModuleIdByAddress	8	ppsspp-hle.func.list
0x08a7736c	zz_sceKernelGetModuleId	8	ppsspp-hle.func.list
0x08a77374	zz_sceKernelStopUnloadSelfModuleWithStatus	8	ppsspp-hle.func.list
0x08a7737c	zz_sceKernelStopModule	8	ppsspp-hle.func.list
0x08a77384	zz_sceKernelStartModule	8	ppsspp-hle.func.list
0x08a7738c	zz_sceKernelLoadModule	8	ppsspp-hle.func.list
0x08a77394	zz_sceKernelCpuSuspendIntr	8	ppsspp-hle.func.list
0x08a7739c	zz_sceKernelCpuResumeIntr	8	ppsspp-hle.func.list
0x08a773a4	zz_sceKernelIsCpuIntrEnable	8	ppsspp-hle.func.list
0x08a773ac	zz_sceIoWrite	8	ppsspp-hle.func.list
0x08a773b4	zz_sceIoRead	8	ppsspp-hle.func.list
0x08a773bc	zz_sceIoRename	8	ppsspp-hle.func.list
0x08a773c4	zz_sceIoClose	8	ppsspp-hle.func.list
0x08a773cc	zz_sceIoOpen	8	ppsspp-hle.func.list
0x08a773d4	zz_sceIoLseek	8	ppsspp-hle.func.list
0x08a773dc	zz_sceIoMkdir	8	ppsspp-hle.func.list
0x08a773e4	zz_sceIoDevctl	8	ppsspp-hle.func.list
0x08a773ec	zz_sceIoReadAsync	8	ppsspp-hle.func.list
0x08a773f4	zz_sceIoGetstat	8	ppsspp-hle.func.list
0x08a773fc	zz_sceIoChangeAsyncPriority	8	ppsspp-hle.func.list
0x08a77404	zz_sceIoDopen	8	ppsspp-hle.func.list
0x08a7740c	zz_sceIoDread	8	ppsspp-hle.func.list
0x08a77414	zz_sceIoWriteAsync	8	ppsspp-hle.func.list
0x08a7741c	zz_sceIoDclose	8	ppsspp-hle.func.list
0x08a77424	zz_sceIoRemove	8	ppsspp-hle.func.list
0x08a7742c	zz_sceIoRmdir	8	ppsspp-hle.func.list
0x08a77434	zz_sceIoPollAsync	8	ppsspp-hle.func.list
0x08a7743c	zz_sceIoWaitAsyncCB	8	ppsspp-hle.func.list
0x08a77444	zz_sceGeListSync	8	ppsspp-hle.func.list
0x08a7744c	zz_sceGeUnsetCallback	8	ppsspp-hle.func.list
0x08a77454	zz_sceGeListEnQueueHead	8	ppsspp-hle.func.list
0x08a7745c	zz_sceGeContinue	8	ppsspp-hle.func.list
0x08a77464	zz_sceGeSetCallback	8	ppsspp-hle.func.list
0x08a7746c	zz_sceGeListEnQueue	8	ppsspp-hle.func.list
0x08a77474	zz_sceGeDrawSync	8	ppsspp-hle.func.list
0x08a7747c	zz_sceGeBreak	8	ppsspp-hle.func.list
0x08a77484	zz_sceGeListUpdateStallAddr	8	ppsspp-hle.func.list
0x08a7748c	zz_sceGeEdramGetAddr	8	ppsspp-hle.func.list
0x08a77494	zz_sceDisplaySetMode	8	ppsspp-hle.func.list
0x08a7749c	zz_sceDisplaySetFrameBuf	8	ppsspp-hle.func.list
0x08a774a4	zz_sceDisplayWaitVblankStartCB	8	ppsspp-hle.func.list
0x08a774ac	zz_sceDisplayGetVcount	8	ppsspp-hle.func.list
